Date,Sensor_ID,Asset_ID,Network_Element_ID,Zone_ID,Parameter,Unit,Avg_Value,Min_Value,Max_Value,Warning_Count,Critical_Count,Status,Latitude,Longitude
2026-05-27,QT-001,WQS-001,WQS-001,DMA-01,Chlorine,mg/L,0.554,0.467,0.644,0,0,Normal,28.738,77.255
2026-05-27,QT-001,WQS-001,WQS-001,DMA-01,Conductivity,uS/cm,684.4,620.4,760.5,0,0,Normal,28.738,77.255
2026-05-27,QT-001,WQS-001,WQS-001,DMA-01,Temperature,C,28.046,26.4,30.1,0,0,Normal,28.738,77.255
2026-05-27,QT-001,WQS-001,WQS-001,DMA-01,Turbidity,NTU,0.897,0.69,1.21,0,0,Normal,28.738,77.255
2026-05-27,QT-001,WQS-001,WQS-001,DMA-01,pH,pH,7.31,7.07,7.46,0,0,Normal,28.738,77.255
2026-05-27,QT-002,WQS-002,WQS-002,DMA-02,Chlorine,mg/L,0.552,0.467,0.64,0,0,Normal,28.726,77.253
2026-05-27,QT-002,WQS-002,WQS-002,DMA-02,Conductivity,uS/cm,671.433,612.8,733.3,0,0,Normal,28.726,77.253
2026-05-27,QT-002,WQS-002,WQS-002,DMA-02,Temperature,C,28.088,26.3,30.1,0,0,Normal,28.726,77.253
2026-05-27,QT-002,WQS-002,WQS-002,DMA-02,Turbidity,NTU,0.922,0.64,1.26,0,0,Normal,28.726,77.253
2026-05-27,QT-002,WQS-002,WQS-002,DMA-02,pH,pH,7.274,7.15,7.41,0,0,Normal,28.726,77.253
2026-05-27,QT-003,WQS-003,WQS-003,DMA-03,Chlorine,mg/L,0.554,0.475,0.644,0,0,Normal,28.717,77.269
2026-05-27,QT-003,WQS-003,WQS-003,DMA-03,Conductivity,uS/cm,673.988,566.6,732.5,0,0,Normal,28.717,77.269
2026-05-27,QT-003,WQS-003,WQS-003,DMA-03,Temperature,C,28.025,26.3,29.6,0,0,Normal,28.717,77.269
2026-05-27,QT-003,WQS-003,WQS-003,DMA-03,Turbidity,NTU,0.911,0.62,1.15,0,0,Normal,28.717,77.269
2026-05-27,QT-003,WQS-003,WQS-003,DMA-03,pH,pH,7.28,7.12,7.45,0,0,Normal,28.717,77.269
2026-05-27,QT-004,WQS-004,WQS-004,DMA-04,Chlorine,mg/L,0.555,0.478,0.654,0,0,Normal,28.705,77.24
2026-05-27,QT-004,WQS-004,WQS-004,DMA-04,Conductivity,uS/cm,688.004,645.3,770.1,0,0,Normal,28.705,77.24
2026-05-27,QT-004,WQS-004,WQS-004,DMA-04,Temperature,C,27.971,26.3,29.8,0,0,Normal,28.705,77.24
2026-05-27,QT-004,WQS-004,WQS-004,DMA-04,Turbidity,NTU,0.917,0.67,1.25,0,0,Normal,28.705,77.24
2026-05-27,QT-004,WQS-004,WQS-004,DMA-04,pH,pH,7.309,7.15,7.48,0,0,Normal,28.705,77.24
2026-05-27,QT-005,WQS-005,WQS-005,DMA-05,Chlorine,mg/L,0.563,0.489,0.686,0,0,Normal,28.712,77.245
2026-05-27,QT-005,WQS-005,WQS-005,DMA-05,Conductivity,uS/cm,682.396,608.7,765.6,0,0,Normal,28.712,77.245
2026-05-27,QT-005,WQS-005,WQS-005,DMA-05,Temperature,C,28.042,25.9,29.7,0,0,Normal,28.712,77.245
2026-05-27,QT-005,WQS-005,WQS-005,DMA-05,Turbidity,NTU,0.909,0.59,1.21,0,0,Normal,28.712,77.245
2026-05-27,QT-005,WQS-005,WQS-005,DMA-05,pH,pH,7.302,7.14,7.44,0,0,Normal,28.712,77.245
2026-05-27,QT-006,WQS-006,WQS-006,DMA-06,Chlorine,mg/L,0.557,0.478,0.634,0,0,Normal,28.731,77.277
2026-05-27,QT-006,WQS-006,WQS-006,DMA-06,Conductivity,uS/cm,684.725,605.7,787.8,0,0,Normal,28.731,77.277
2026-05-27,QT-006,WQS-006,WQS-006,DMA-06,Temperature,C,28.008,25.9,29.7,0,0,Normal,28.731,77.277
2026-05-27,QT-006,WQS-006,WQS-006,DMA-06,Turbidity,NTU,0.912,0.5,1.22,0,0,Normal,28.731,77.277
2026-05-27,QT-006,WQS-006,WQS-006,DMA-06,pH,pH,7.271,7.07,7.47,0,0,Normal,28.731,77.277
2026-05-28,QT-001,WQS-001,WQS-001,DMA-01,Chlorine,mg/L,0.552,0.403,0.678,0,0,Normal,28.738,77.255
2026-05-28,QT-001,WQS-001,WQS-001,DMA-01,Conductivity,uS/cm,680.071,590.3,752.2,0,0,Normal,28.738,77.255
2026-05-28,QT-001,WQS-001,WQS-001,DMA-01,Temperature,C,27.929,25.8,29.9,0,0,Normal,28.738,77.255
2026-05-28,QT-001,WQS-001,WQS-001,DMA-01,Turbidity,NTU,0.874,0.6,1.21,0,0,Normal,28.738,77.255
2026-05-28,QT-001,WQS-001,WQS-001,DMA-01,pH,pH,7.31,7.22,7.48,0,0,Normal,28.738,77.255
2026-05-28,QT-002,WQS-002,WQS-002,DMA-02,Chlorine,mg/L,0.549,0.42,0.636,0,0,Normal,28.726,77.253
2026-05-28,QT-002,WQS-002,WQS-002,DMA-02,Conductivity,uS/cm,676.242,614.4,772.6,0,0,Normal,28.726,77.253
2026-05-28,QT-002,WQS-002,WQS-002,DMA-02,Temperature,C,28.146,26.2,30.2,0,0,Normal,28.726,77.253
2026-05-28,QT-002,WQS-002,WQS-002,DMA-02,Turbidity,NTU,0.911,0.73,1.06,0,0,Normal,28.726,77.253
2026-05-28,QT-002,WQS-002,WQS-002,DMA-02,pH,pH,7.329,7.19,7.51,0,0,Normal,28.726,77.253
2026-05-28,QT-003,WQS-003,WQS-003,DMA-03,Chlorine,mg/L,0.552,0.435,0.688,0,0,Normal,28.717,77.269
2026-05-28,QT-003,WQS-003,WQS-003,DMA-03,Conductivity,uS/cm,680.667,585.4,732.2,0,0,Normal,28.717,77.269
2026-05-28,QT-003,WQS-003,WQS-003,DMA-03,Temperature,C,28.092,26.5,29.9,0,0,Normal,28.717,77.269
2026-05-28,QT-003,WQS-003,WQS-003,DMA-03,Turbidity,NTU,0.888,0.62,1.08,0,0,Normal,28.717,77.269
2026-05-28,QT-003,WQS-003,WQS-003,DMA-03,pH,pH,7.297,7.2,7.47,0,0,Normal,28.717,77.269
2026-05-28,QT-004,WQS-004,WQS-004,DMA-04,Chlorine,mg/L,0.561,0.472,0.645,0,0,Normal,28.705,77.24
2026-05-28,QT-004,WQS-004,WQS-004,DMA-04,Conductivity,uS/cm,682.725,605.7,736.4,0,0,Normal,28.705,77.24
2026-05-28,QT-004,WQS-004,WQS-004,DMA-04,Temperature,C,28.121,26.6,29.7,0,0,Normal,28.705,77.24
2026-05-28,QT-004,WQS-004,WQS-004,DMA-04,Turbidity,NTU,0.922,0.63,1.25,0,0,Normal,28.705,77.24
2026-05-28,QT-004,WQS-004,WQS-004,DMA-04,pH,pH,7.301,7.14,7.48,0,0,Normal,28.705,77.24
2026-05-28,QT-005,WQS-005,WQS-005,DMA-05,Chlorine,mg/L,0.55,0.47,0.641,0,0,Normal,28.712,77.245
2026-05-28,QT-005,WQS-005,WQS-005,DMA-05,Conductivity,uS/cm,687.325,615.7,756.0,0,0,Normal,28.712,77.245
2026-05-28,QT-005,WQS-005,WQS-005,DMA-05,Temperature,C,28.092,26.4,30.1,0,0,Normal,28.712,77.245
2026-05-28,QT-005,WQS-005,WQS-005,DMA-05,Turbidity,NTU,0.902,0.58,1.15,0,0,Normal,28.712,77.245
2026-05-28,QT-005,WQS-005,WQS-005,DMA-05,pH,pH,7.294,7.17,7.55,0,0,Normal,28.712,77.245
2026-05-28,QT-006,WQS-006,WQS-006,DMA-06,Chlorine,mg/L,0.556,0.462,0.675,0,0,Normal,28.731,77.277
2026-05-28,QT-006,WQS-006,WQS-006,DMA-06,Conductivity,uS/cm,678.75,630.4,731.9,0,0,Normal,28.731,77.277
2026-05-28,QT-006,WQS-006,WQS-006,DMA-06,Temperature,C,28.012,26.1,29.7,0,0,Normal,28.731,77.277
2026-05-28,QT-006,WQS-006,WQS-006,DMA-06,Turbidity,NTU,0.876,0.68,1.08,0,0,Normal,28.731,77.277
2026-05-28,QT-006,WQS-006,WQS-006,DMA-06,pH,pH,7.315,7.2,7.43,0,0,Normal,28.731,77.277
2026-05-29,QT-001,WQS-001,WQS-001,DMA-01,Chlorine,mg/L,0.543,0.438,0.641,0,0,Normal,28.738,77.255
2026-05-29,QT-001,WQS-001,WQS-001,DMA-01,Conductivity,uS/cm,674.908,592.9,757.7,0,0,Normal,28.738,77.255
2026-05-29,QT-001,WQS-001,WQS-001,DMA-01,Temperature,C,28.2,26.2,30.3,0,0,Normal,28.738,77.255
2026-05-29,QT-001,WQS-001,WQS-001,DMA-01,Turbidity,NTU,0.895,0.49,1.2,0,0,Normal,28.738,77.255
2026-05-29,QT-001,WQS-001,WQS-001,DMA-01,pH,pH,7.339,7.22,7.47,0,0,Normal,28.738,77.255
2026-05-29,QT-002,WQS-002,WQS-002,DMA-02,Chlorine,mg/L,0.555,0.443,0.627,0,0,Normal,28.726,77.253
2026-05-29,QT-002,WQS-002,WQS-002,DMA-02,Conductivity,uS/cm,682.562,621.1,750.4,0,0,Normal,28.726,77.253
2026-05-29,QT-002,WQS-002,WQS-002,DMA-02,Temperature,C,28.125,26.2,29.8,0,0,Normal,28.726,77.253
2026-05-29,QT-002,WQS-002,WQS-002,DMA-02,Turbidity,NTU,0.901,0.5,1.12,0,0,Normal,28.726,77.253
2026-05-29,QT-002,WQS-002,WQS-002,DMA-02,pH,pH,7.317,7.16,7.49,0,0,Normal,28.726,77.253
2026-05-29,QT-003,WQS-003,WQS-003,DMA-03,Chlorine,mg/L,0.547,0.4,0.634,0,0,Normal,28.717,77.269
2026-05-29,QT-003,WQS-003,WQS-003,DMA-03,Conductivity,uS/cm,683.971,640.4,729.0,0,0,Normal,28.717,77.269
2026-05-29,QT-003,WQS-003,WQS-003,DMA-03,Temperature,C,28.213,26.4,29.8,0,0,Normal,28.717,77.269
2026-05-29,QT-003,WQS-003,WQS-003,DMA-03,Turbidity,NTU,0.928,0.67,1.22,0,0,Normal,28.717,77.269
2026-05-29,QT-003,WQS-003,WQS-003,DMA-03,pH,pH,7.287,7.12,7.45,0,0,Normal,28.717,77.269
2026-05-29,QT-004,WQS-004,WQS-004,DMA-04,Chlorine,mg/L,0.544,0.426,0.644,0,0,Normal,28.705,77.24
2026-05-29,QT-004,WQS-004,WQS-004,DMA-04,Conductivity,uS/cm,684.771,624.8,771.7,0,0,Normal,28.705,77.24
2026-05-29,QT-004,WQS-004,WQS-004,DMA-04,Temperature,C,28.121,26.7,29.9,0,0,Normal,28.705,77.24
2026-05-29,QT-004,WQS-004,WQS-004,DMA-04,Turbidity,NTU,0.94,0.67,1.16,0,0,Normal,28.705,77.24
2026-05-29,QT-004,WQS-004,WQS-004,DMA-04,pH,pH,7.301,7.15,7.42,0,0,Normal,28.705,77.24
2026-05-29,QT-005,WQS-005,WQS-005,DMA-05,Chlorine,mg/L,0.55,0.452,0.642,0,0,Normal,28.712,77.245
2026-05-29,QT-005,WQS-005,WQS-005,DMA-05,Conductivity,uS/cm,678.496,615.4,759.5,0,0,Normal,28.712,77.245
2026-05-29,QT-005,WQS-005,WQS-005,DMA-05,Temperature,C,28.092,26.4,29.7,0,0,Normal,28.712,77.245
2026-05-29,QT-005,WQS-005,WQS-005,DMA-05,Turbidity,NTU,0.93,0.71,1.19,0,0,Normal,28.712,77.245
2026-05-29,QT-005,WQS-005,WQS-005,DMA-05,pH,pH,7.292,7.15,7.42,0,0,Normal,28.712,77.245
2026-05-29,QT-006,WQS-006,WQS-006,DMA-06,Chlorine,mg/L,0.549,0.478,0.634,0,0,Normal,28.731,77.277
2026-05-29,QT-006,WQS-006,WQS-006,DMA-06,Conductivity,uS/cm,675.283,577.5,749.5,0,0,Normal,28.731,77.277
2026-05-29,QT-006,WQS-006,WQS-006,DMA-06,Temperature,C,28.2,26.2,29.9,0,0,Normal,28.731,77.277
2026-05-29,QT-006,WQS-006,WQS-006,DMA-06,Turbidity,NTU,0.909,0.69,1.16,0,0,Normal,28.731,77.277
2026-05-29,QT-006,WQS-006,WQS-006,DMA-06,pH,pH,7.281,7.1,7.46,0,0,Normal,28.731,77.277
2026-05-30,QT-001,WQS-001,WQS-001,DMA-01,Chlorine,mg/L,0.533,0.439,0.598,0,0,Normal,28.738,77.255
2026-05-30,QT-001,WQS-001,WQS-001,DMA-01,Conductivity,uS/cm,677.029,620.9,723.9,0,0,Normal,28.738,77.255
2026-05-30,QT-001,WQS-001,WQS-001,DMA-01,Temperature,C,28.129,26.1,30.0,0,0,Normal,28.738,77.255
2026-05-30,QT-001,WQS-001,WQS-001,DMA-01,Turbidity,NTU,0.979,0.74,1.19,0,0,Normal,28.738,77.255
2026-05-30,QT-001,WQS-001,WQS-001,DMA-01,pH,pH,7.297,7.15,7.45,0,0,Normal,28.738,77.255
2026-05-30,QT-002,WQS-002,WQS-002,DMA-02,Chlorine,mg/L,0.561,0.452,0.661,0,0,Normal,28.726,77.253
2026-05-30,QT-002,WQS-002,WQS-002,DMA-02,Conductivity,uS/cm,684.408,617.7,738.4,0,0,Normal,28.726,77.253
2026-05-30,QT-002,WQS-002,WQS-002,DMA-02,Temperature,C,28.121,26.1,29.9,0,0,Normal,28.726,77.253
2026-05-30,QT-002,WQS-002,WQS-002,DMA-02,Turbidity,NTU,0.909,0.59,1.12,0,0,Normal,28.726,77.253
2026-05-30,QT-002,WQS-002,WQS-002,DMA-02,pH,pH,7.306,7.2,7.46,0,0,Normal,28.726,77.253
2026-05-30,QT-003,WQS-003,WQS-003,DMA-03,Chlorine,mg/L,0.558,0.478,0.631,0,0,Normal,28.717,77.269
2026-05-30,QT-003,WQS-003,WQS-003,DMA-03,Conductivity,uS/cm,673.029,574.7,748.2,0,0,Normal,28.717,77.269
2026-05-30,QT-003,WQS-003,WQS-003,DMA-03,Temperature,C,28.279,26.2,29.9,0,0,Normal,28.717,77.269
2026-05-30,QT-003,WQS-003,WQS-003,DMA-03,Turbidity,NTU,0.909,0.67,1.39,0,0,Normal,28.717,77.269
2026-05-30,QT-003,WQS-003,WQS-003,DMA-03,pH,pH,7.275,7.13,7.48,0,0,Normal,28.717,77.269
2026-05-30,QT-004,WQS-004,WQS-004,DMA-04,Chlorine,mg/L,0.543,0.461,0.643,0,0,Normal,28.705,77.24
2026-05-30,QT-004,WQS-004,WQS-004,DMA-04,Conductivity,uS/cm,682.471,608.7,753.4,0,0,Normal,28.705,77.24
2026-05-30,QT-004,WQS-004,WQS-004,DMA-04,Temperature,C,28.167,26.3,30.1,0,0,Normal,28.705,77.24
2026-05-30,QT-004,WQS-004,WQS-004,DMA-04,Turbidity,NTU,0.845,0.61,1.22,0,0,Normal,28.705,77.24
2026-05-30,QT-004,WQS-004,WQS-004,DMA-04,pH,pH,7.287,7.19,7.46,0,0,Normal,28.705,77.24
2026-05-30,QT-005,WQS-005,WQS-005,DMA-05,Chlorine,mg/L,0.54,0.458,0.611,0,0,Normal,28.712,77.245
2026-05-30,QT-005,WQS-005,WQS-005,DMA-05,Conductivity,uS/cm,687.225,615.2,767.0,0,0,Normal,28.712,77.245
2026-05-30,QT-005,WQS-005,WQS-005,DMA-05,Temperature,C,28.167,26.5,29.7,0,0,Normal,28.712,77.245
2026-05-30,QT-005,WQS-005,WQS-005,DMA-05,Turbidity,NTU,0.93,0.6,1.23,0,0,Normal,28.712,77.245
2026-05-30,QT-005,WQS-005,WQS-005,DMA-05,pH,pH,7.289,7.15,7.42,0,0,Normal,28.712,77.245
2026-05-30,QT-006,WQS-006,WQS-006,DMA-06,Chlorine,mg/L,0.55,0.45,0.626,0,0,Normal,28.731,77.277
2026-05-30,QT-006,WQS-006,WQS-006,DMA-06,Conductivity,uS/cm,679.742,603.1,790.3,0,0,Normal,28.731,77.277
2026-05-30,QT-006,WQS-006,WQS-006,DMA-06,Temperature,C,28.171,26.5,30.0,0,0,Normal,28.731,77.277
2026-05-30,QT-006,WQS-006,WQS-006,DMA-06,Turbidity,NTU,0.881,0.54,1.14,0,0,Normal,28.731,77.277
2026-05-30,QT-006,WQS-006,WQS-006,DMA-06,pH,pH,7.321,7.1,7.47,0,0,Normal,28.731,77.277
2026-05-31,QT-001,WQS-001,WQS-001,DMA-01,Chlorine,mg/L,0.547,0.449,0.677,0,0,Normal,28.738,77.255
2026-05-31,QT-001,WQS-001,WQS-001,DMA-01,Conductivity,uS/cm,673.088,607.4,767.4,0,0,Normal,28.738,77.255
2026-05-31,QT-001,WQS-001,WQS-001,DMA-01,Temperature,C,28.229,26.4,29.8,0,0,Normal,28.738,77.255
2026-05-31,QT-001,WQS-001,WQS-001,DMA-01,Turbidity,NTU,0.878,0.64,1.14,0,0,Normal,28.738,77.255
2026-05-31,QT-001,WQS-001,WQS-001,DMA-01,pH,pH,7.318,7.16,7.55,0,0,Normal,28.738,77.255
2026-05-31,QT-002,WQS-002,WQS-002,DMA-02,Chlorine,mg/L,0.542,0.454,0.633,0,0,Normal,28.726,77.253
2026-05-31,QT-002,WQS-002,WQS-002,DMA-02,Conductivity,uS/cm,676.442,602.7,759.7,0,0,Normal,28.726,77.253
2026-05-31,QT-002,WQS-002,WQS-002,DMA-02,Temperature,C,28.183,26.4,30.4,0,0,Normal,28.726,77.253
2026-05-31,QT-002,WQS-002,WQS-002,DMA-02,Turbidity,NTU,0.906,0.54,1.26,0,0,Normal,28.726,77.253
2026-05-31,QT-002,WQS-002,WQS-002,DMA-02,pH,pH,7.305,7.13,7.44,0,0,Normal,28.726,77.253
2026-05-31,QT-003,WQS-003,WQS-003,DMA-03,Chlorine,mg/L,0.542,0.413,0.601,0,0,Normal,28.717,77.269
2026-05-31,QT-003,WQS-003,WQS-003,DMA-03,Conductivity,uS/cm,678.462,598.8,787.7,0,0,Normal,28.717,77.269
2026-05-31,QT-003,WQS-003,WQS-003,DMA-03,Temperature,C,28.225,26.3,29.8,0,0,Normal,28.717,77.269
2026-05-31,QT-003,WQS-003,WQS-003,DMA-03,Turbidity,NTU,0.945,0.6,1.26,0,0,Normal,28.717,77.269
2026-05-31,QT-003,WQS-003,WQS-003,DMA-03,pH,pH,7.31,7.05,7.53,0,0,Normal,28.717,77.269
2026-05-31,QT-004,WQS-004,WQS-004,DMA-04,Chlorine,mg/L,0.546,0.391,0.651,0,0,Normal,28.705,77.24
2026-05-31,QT-004,WQS-004,WQS-004,DMA-04,Conductivity,uS/cm,664.008,609.4,739.9,0,0,Normal,28.705,77.24
2026-05-31,QT-004,WQS-004,WQS-004,DMA-04,Temperature,C,28.175,26.2,30.1,0,0,Normal,28.705,77.24
2026-05-31,QT-004,WQS-004,WQS-004,DMA-04,Turbidity,NTU,0.911,0.66,1.16,0,0,Normal,28.705,77.24
2026-05-31,QT-004,WQS-004,WQS-004,DMA-04,pH,pH,7.271,7.13,7.41,0,0,Normal,28.705,77.24
2026-05-31,QT-005,WQS-005,WQS-005,DMA-05,Chlorine,mg/L,0.53,0.423,0.619,0,0,Normal,28.712,77.245
2026-05-31,QT-005,WQS-005,WQS-005,DMA-05,Conductivity,uS/cm,677.838,631.3,727.7,0,0,Normal,28.712,77.245
2026-05-31,QT-005,WQS-005,WQS-005,DMA-05,Temperature,C,28.275,26.7,29.9,0,0,Normal,28.712,77.245
2026-05-31,QT-005,WQS-005,WQS-005,DMA-05,Turbidity,NTU,0.901,0.59,1.17,0,0,Normal,28.712,77.245
2026-05-31,QT-005,WQS-005,WQS-005,DMA-05,pH,pH,7.314,7.18,7.43,0,0,Normal,28.712,77.245
2026-05-31,QT-006,WQS-006,WQS-006,DMA-06,Chlorine,mg/L,0.542,0.474,0.67,0,0,Normal,28.731,77.277
2026-05-31,QT-006,WQS-006,WQS-006,DMA-06,Conductivity,uS/cm,676.038,603.8,743.3,0,0,Normal,28.731,77.277
2026-05-31,QT-006,WQS-006,WQS-006,DMA-06,Temperature,C,28.204,26.7,29.9,0,0,Normal,28.731,77.277
2026-05-31,QT-006,WQS-006,WQS-006,DMA-06,Turbidity,NTU,0.919,0.68,1.23,0,0,Normal,28.731,77.277
2026-05-31,QT-006,WQS-006,WQS-006,DMA-06,pH,pH,7.307,7.14,7.49,0,0,Normal,28.731,77.277
2026-06-01,QT-001,WQS-001,WQS-001,DMA-01,Chlorine,mg/L,0.537,0.405,0.623,0,0,Normal,28.738,77.255
2026-06-01,QT-001,WQS-001,WQS-001,DMA-01,Conductivity,uS/cm,665.983,594.8,746.2,0,0,Normal,28.738,77.255
2026-06-01,QT-001,WQS-001,WQS-001,DMA-01,Temperature,C,28.246,26.5,29.9,0,0,Normal,28.738,77.255
2026-06-01,QT-001,WQS-001,WQS-001,DMA-01,Turbidity,NTU,0.887,0.57,1.2,0,0,Normal,28.738,77.255
2026-06-01,QT-001,WQS-001,WQS-001,DMA-01,pH,pH,7.323,7.19,7.5,0,0,Normal,28.738,77.255
2026-06-01,QT-002,WQS-002,WQS-002,DMA-02,Chlorine,mg/L,0.543,0.481,0.643,0,0,Normal,28.726,77.253
2026-06-01,QT-002,WQS-002,WQS-002,DMA-02,Conductivity,uS/cm,681.863,618.7,777.3,0,0,Normal,28.726,77.253
2026-06-01,QT-002,WQS-002,WQS-002,DMA-02,Temperature,C,28.121,26.3,29.9,0,0,Normal,28.726,77.253
2026-06-01,QT-002,WQS-002,WQS-002,DMA-02,Turbidity,NTU,0.94,0.72,1.3,0,0,Normal,28.726,77.253
2026-06-01,QT-002,WQS-002,WQS-002,DMA-02,pH,pH,7.268,7.09,7.43,0,0,Normal,28.726,77.253
2026-06-01,QT-003,WQS-003,WQS-003,DMA-03,Chlorine,mg/L,0.543,0.473,0.616,0,0,Normal,28.717,77.269
2026-06-01,QT-003,WQS-003,WQS-003,DMA-03,Conductivity,uS/cm,674.879,610.6,767.2,0,0,Normal,28.717,77.269
2026-06-01,QT-003,WQS-003,WQS-003,DMA-03,Temperature,C,28.188,26.3,29.8,0,0,Normal,28.717,77.269
2026-06-01,QT-003,WQS-003,WQS-003,DMA-03,Turbidity,NTU,0.902,0.64,1.22,0,0,Normal,28.717,77.269
2026-06-01,QT-003,WQS-003,WQS-003,DMA-03,pH,pH,7.28,7.13,7.44,0,0,Normal,28.717,77.269
2026-06-01,QT-004,WQS-004,WQS-004,DMA-04,Chlorine,mg/L,0.559,0.475,0.726,0,0,Normal,28.705,77.24
2026-06-01,QT-004,WQS-004,WQS-004,DMA-04,Conductivity,uS/cm,676.688,602.3,749.7,0,0,Normal,28.705,77.24
2026-06-01,QT-004,WQS-004,WQS-004,DMA-04,Temperature,C,28.267,26.7,30.1,0,0,Normal,28.705,77.24
2026-06-01,QT-004,WQS-004,WQS-004,DMA-04,Turbidity,NTU,0.881,0.61,1.27,0,0,Normal,28.705,77.24
2026-06-01,QT-004,WQS-004,WQS-004,DMA-04,pH,pH,7.31,7.11,7.44,0,0,Normal,28.705,77.24
2026-06-01,QT-005,WQS-005,WQS-005,DMA-05,Chlorine,mg/L,0.553,0.431,0.662,0,0,Normal,28.712,77.245
2026-06-01,QT-005,WQS-005,WQS-005,DMA-05,Conductivity,uS/cm,687.6,585.4,782.5,0,0,Normal,28.712,77.245
2026-06-01,QT-005,WQS-005,WQS-005,DMA-05,Temperature,C,28.238,26.4,30.1,0,0,Normal,28.712,77.245
2026-06-01,QT-005,WQS-005,WQS-005,DMA-05,Turbidity,NTU,0.963,0.69,1.36,0,0,Normal,28.712,77.245
2026-06-01,QT-005,WQS-005,WQS-005,DMA-05,pH,pH,7.281,7.16,7.48,0,0,Normal,28.712,77.245
2026-06-01,QT-006,WQS-006,WQS-006,DMA-06,Chlorine,mg/L,0.568,0.478,0.641,0,0,Normal,28.731,77.277
2026-06-01,QT-006,WQS-006,WQS-006,DMA-06,Conductivity,uS/cm,676.092,599.4,754.7,0,0,Normal,28.731,77.277
2026-06-01,QT-006,WQS-006,WQS-006,DMA-06,Temperature,C,28.25,26.4,29.9,0,0,Normal,28.731,77.277
2026-06-01,QT-006,WQS-006,WQS-006,DMA-06,Turbidity,NTU,0.908,0.54,1.22,0,0,Normal,28.731,77.277
2026-06-01,QT-006,WQS-006,WQS-006,DMA-06,pH,pH,7.267,7.1,7.45,0,0,Normal,28.731,77.277
2026-06-02,QT-001,WQS-001,WQS-001,DMA-01,Chlorine,mg/L,0.543,0.446,0.627,0,0,Normal,28.738,77.255
2026-06-02,QT-001,WQS-001,WQS-001,DMA-01,Conductivity,uS/cm,673.788,616.6,741.3,0,0,Normal,28.738,77.255
2026-06-02,QT-001,WQS-001,WQS-001,DMA-01,Temperature,C,28.371,26.9,30.4,0,0,Normal,28.738,77.255
2026-06-02,QT-001,WQS-001,WQS-001,DMA-01,Turbidity,NTU,0.859,0.54,1.13,0,0,Normal,28.738,77.255
2026-06-02,QT-001,WQS-001,WQS-001,DMA-01,pH,pH,7.327,7.21,7.5,0,0,Normal,28.738,77.255
2026-06-02,QT-002,WQS-002,WQS-002,DMA-02,Chlorine,mg/L,0.547,0.464,0.673,0,0,Normal,28.726,77.253
2026-06-02,QT-002,WQS-002,WQS-002,DMA-02,Conductivity,uS/cm,681.363,614.4,746.4,0,0,Normal,28.726,77.253
2026-06-02,QT-002,WQS-002,WQS-002,DMA-02,Temperature,C,28.396,26.6,30.1,0,0,Normal,28.726,77.253
2026-06-02,QT-002,WQS-002,WQS-002,DMA-02,Turbidity,NTU,0.93,0.6,1.21,0,0,Normal,28.726,77.253
2026-06-02,QT-002,WQS-002,WQS-002,DMA-02,pH,pH,7.297,7.13,7.43,0,0,Normal,28.726,77.253
2026-06-02,QT-003,WQS-003,WQS-003,DMA-03,Chlorine,mg/L,0.549,0.452,0.649,0,0,Normal,28.717,77.269
2026-06-02,QT-003,WQS-003,WQS-003,DMA-03,Conductivity,uS/cm,679.854,612.3,760.1,0,0,Normal,28.717,77.269
2026-06-02,QT-003,WQS-003,WQS-003,DMA-03,Temperature,C,28.292,26.2,30.0,0,0,Normal,28.717,77.269
2026-06-02,QT-003,WQS-003,WQS-003,DMA-03,Turbidity,NTU,0.892,0.6,1.14,0,0,Normal,28.717,77.269
2026-06-02,QT-003,WQS-003,WQS-003,DMA-03,pH,pH,7.302,7.12,7.46,0,0,Normal,28.717,77.269
2026-06-02,QT-004,WQS-004,WQS-004,DMA-04,Chlorine,mg/L,0.549,0.366,0.66,0,0,Normal,28.705,77.24
2026-06-02,QT-004,WQS-004,WQS-004,DMA-04,Conductivity,uS/cm,675.425,596.7,737.9,0,0,Normal,28.705,77.24
2026-06-02,QT-004,WQS-004,WQS-004,DMA-04,Temperature,C,28.312,26.9,30.2,0,0,Normal,28.705,77.24
2026-06-02,QT-004,WQS-004,WQS-004,DMA-04,Turbidity,NTU,0.894,0.66,1.17,0,0,Normal,28.705,77.24
2026-06-02,QT-004,WQS-004,WQS-004,DMA-04,pH,pH,7.286,7.13,7.49,0,0,Normal,28.705,77.24
2026-06-02,QT-005,WQS-005,WQS-005,DMA-05,Chlorine,mg/L,0.572,0.474,0.656,0,0,Normal,28.712,77.245
2026-06-02,QT-005,WQS-005,WQS-005,DMA-05,Conductivity,uS/cm,684.071,630.4,771.0,0,0,Normal,28.712,77.245
2026-06-02,QT-005,WQS-005,WQS-005,DMA-05,Temperature,C,28.158,26.6,30.0,0,0,Normal,28.712,77.245
2026-06-02,QT-005,WQS-005,WQS-005,DMA-05,Turbidity,NTU,0.91,0.42,1.26,0,0,Normal,28.712,77.245
2026-06-02,QT-005,WQS-005,WQS-005,DMA-05,pH,pH,7.311,7.14,7.47,0,0,Normal,28.712,77.245
2026-06-02,QT-006,WQS-006,WQS-006,DMA-06,Chlorine,mg/L,0.539,0.417,0.611,0,0,Normal,28.731,77.277
2026-06-02,QT-006,WQS-006,WQS-006,DMA-06,Conductivity,uS/cm,691.196,627.0,773.3,0,0,Normal,28.731,77.277
2026-06-02,QT-006,WQS-006,WQS-006,DMA-06,Temperature,C,28.296,26.5,30.3,0,0,Normal,28.731,77.277
2026-06-02,QT-006,WQS-006,WQS-006,DMA-06,Turbidity,NTU,0.911,0.66,1.15,0,0,Normal,28.731,77.277
2026-06-02,QT-006,WQS-006,WQS-006,DMA-06,pH,pH,7.292,7.01,7.44,0,0,Normal,28.731,77.277
2026-06-03,QT-001,WQS-001,WQS-001,DMA-01,Chlorine,mg/L,0.566,0.476,0.646,0,0,Normal,28.738,77.255
2026-06-03,QT-001,WQS-001,WQS-001,DMA-01,Conductivity,uS/cm,679.146,602.9,751.8,0,0,Normal,28.738,77.255
2026-06-03,QT-001,WQS-001,WQS-001,DMA-01,Temperature,C,28.333,26.4,30.0,0,0,Normal,28.738,77.255
2026-06-03,QT-001,WQS-001,WQS-001,DMA-01,Turbidity,NTU,0.9,0.63,1.28,0,0,Normal,28.738,77.255
2026-06-03,QT-001,WQS-001,WQS-001,DMA-01,pH,pH,7.284,7.11,7.54,0,0,Normal,28.738,77.255
2026-06-03,QT-002,WQS-002,WQS-002,DMA-02,Chlorine,mg/L,0.551,0.459,0.651,0,0,Normal,28.726,77.253
2026-06-03,QT-002,WQS-002,WQS-002,DMA-02,Conductivity,uS/cm,680.7,626.7,751.2,0,0,Normal,28.726,77.253
2026-06-03,QT-002,WQS-002,WQS-002,DMA-02,Temperature,C,28.475,26.5,30.4,0,0,Normal,28.726,77.253
2026-06-03,QT-002,WQS-002,WQS-002,DMA-02,Turbidity,NTU,0.898,0.61,1.14,0,0,Normal,28.726,77.253
2026-06-03,QT-002,WQS-002,WQS-002,DMA-02,pH,pH,7.322,7.13,7.47,0,0,Normal,28.726,77.253
2026-06-03,QT-003,WQS-003,WQS-003,DMA-03,Chlorine,mg/L,0.566,0.459,0.659,0,0,Normal,28.717,77.269
2026-06-03,QT-003,WQS-003,WQS-003,DMA-03,Conductivity,uS/cm,673.292,610.5,724.7,0,0,Normal,28.717,77.269
2026-06-03,QT-003,WQS-003,WQS-003,DMA-03,Temperature,C,28.325,26.6,30.0,0,0,Normal,28.717,77.269
2026-06-03,QT-003,WQS-003,WQS-003,DMA-03,Turbidity,NTU,0.875,0.41,1.27,0,0,Normal,28.717,77.269
2026-06-03,QT-003,WQS-003,WQS-003,DMA-03,pH,pH,7.307,7.1,7.45,0,0,Normal,28.717,77.269
2026-06-03,QT-004,WQS-004,WQS-004,DMA-04,Chlorine,mg/L,0.536,0.403,0.629,0,0,Normal,28.705,77.24
2026-06-03,QT-004,WQS-004,WQS-004,DMA-04,Conductivity,uS/cm,683.45,592.9,757.5,0,0,Normal,28.705,77.24
2026-06-03,QT-004,WQS-004,WQS-004,DMA-04,Temperature,C,28.333,26.4,30.2,0,0,Normal,28.705,77.24
2026-06-03,QT-004,WQS-004,WQS-004,DMA-04,Turbidity,NTU,0.885,0.63,1.13,0,0,Normal,28.705,77.24
2026-06-03,QT-004,WQS-004,WQS-004,DMA-04,pH,pH,7.308,7.18,7.41,0,0,Normal,28.705,77.24
2026-06-03,QT-005,WQS-005,WQS-005,DMA-05,Chlorine,mg/L,0.565,0.478,0.661,0,0,Normal,28.712,77.245
2026-06-03,QT-005,WQS-005,WQS-005,DMA-05,Conductivity,uS/cm,699.733,620.0,790.5,0,0,Normal,28.712,77.245
2026-06-03,QT-005,WQS-005,WQS-005,DMA-05,Temperature,C,28.242,26.5,30.0,0,0,Normal,28.712,77.245
2026-06-03,QT-005,WQS-005,WQS-005,DMA-05,Turbidity,NTU,0.911,0.52,1.2,0,0,Normal,28.712,77.245
2026-06-03,QT-005,WQS-005,WQS-005,DMA-05,pH,pH,7.3,7.16,7.48,0,0,Normal,28.712,77.245
2026-06-03,QT-006,WQS-006,WQS-006,DMA-06,Chlorine,mg/L,0.55,0.443,0.624,0,0,Normal,28.731,77.277
2026-06-03,QT-006,WQS-006,WQS-006,DMA-06,Conductivity,uS/cm,673.7,625.1,730.9,0,0,Normal,28.731,77.277
2026-06-03,QT-006,WQS-006,WQS-006,DMA-06,Temperature,C,28.275,26.5,30.2,0,0,Normal,28.731,77.277
2026-06-03,QT-006,WQS-006,WQS-006,DMA-06,Turbidity,NTU,0.942,0.62,1.14,0,0,Normal,28.731,77.277
2026-06-03,QT-006,WQS-006,WQS-006,DMA-06,pH,pH,7.29,7.15,7.43,0,0,Normal,28.731,77.277
2026-06-04,QT-001,WQS-001,WQS-001,DMA-01,Chlorine,mg/L,0.538,0.454,0.65,0,0,Normal,28.738,77.255
2026-06-04,QT-001,WQS-001,WQS-001,DMA-01,Conductivity,uS/cm,678.712,581.9,750.8,0,0,Normal,28.738,77.255
2026-06-04,QT-001,WQS-001,WQS-001,DMA-01,Temperature,C,28.379,26.8,30.0,0,0,Normal,28.738,77.255
2026-06-04,QT-001,WQS-001,WQS-001,DMA-01,Turbidity,NTU,0.885,0.68,1.17,0,0,Normal,28.738,77.255
2026-06-04,QT-001,WQS-001,WQS-001,DMA-01,pH,pH,7.305,7.18,7.44,0,0,Normal,28.738,77.255
2026-06-04,QT-002,WQS-002,WQS-002,DMA-02,Chlorine,mg/L,0.537,0.457,0.62,0,0,Normal,28.726,77.253
2026-06-04,QT-002,WQS-002,WQS-002,DMA-02,Conductivity,uS/cm,669.429,627.3,710.4,0,0,Normal,28.726,77.253
2026-06-04,QT-002,WQS-002,WQS-002,DMA-02,Temperature,C,28.454,26.9,30.1,0,0,Normal,28.726,77.253
2026-06-04,QT-002,WQS-002,WQS-002,DMA-02,Turbidity,NTU,0.88,0.53,1.18,0,0,Normal,28.726,77.253
2026-06-04,QT-002,WQS-002,WQS-002,DMA-02,pH,pH,7.302,7.15,7.47,0,0,Normal,28.726,77.253
2026-06-04,QT-003,WQS-003,WQS-003,DMA-03,Chlorine,mg/L,0.555,0.48,0.666,0,0,Normal,28.717,77.269
2026-06-04,QT-003,WQS-003,WQS-003,DMA-03,Conductivity,uS/cm,679.183,606.4,725.2,0,0,Normal,28.717,77.269
2026-06-04,QT-003,WQS-003,WQS-003,DMA-03,Temperature,C,28.338,26.7,30.0,0,0,Normal,28.717,77.269
2026-06-04,QT-003,WQS-003,WQS-003,DMA-03,Turbidity,NTU,0.9,0.6,1.14,0,0,Normal,28.717,77.269
2026-06-04,QT-003,WQS-003,WQS-003,DMA-03,pH,pH,7.275,7.08,7.46,0,0,Normal,28.717,77.269
2026-06-04,QT-004,WQS-004,WQS-004,DMA-04,Chlorine,mg/L,0.57,0.478,0.67,0,0,Normal,28.705,77.24
2026-06-04,QT-004,WQS-004,WQS-004,DMA-04,Conductivity,uS/cm,693.483,626.4,750.2,0,0,Normal,28.705,77.24
2026-06-04,QT-004,WQS-004,WQS-004,DMA-04,Temperature,C,28.354,26.7,30.2,0,0,Normal,28.705,77.24
2026-06-04,QT-004,WQS-004,WQS-004,DMA-04,Turbidity,NTU,0.883,0.66,1.19,0,0,Normal,28.705,77.24
2026-06-04,QT-004,WQS-004,WQS-004,DMA-04,pH,pH,7.309,7.19,7.46,0,0,Normal,28.705,77.24
2026-06-04,QT-005,WQS-005,WQS-005,DMA-05,Chlorine,mg/L,0.568,0.48,0.679,0,0,Normal,28.712,77.245
2026-06-04,QT-005,WQS-005,WQS-005,DMA-05,Conductivity,uS/cm,675.462,613.0,733.2,0,0,Normal,28.712,77.245
2026-06-04,QT-005,WQS-005,WQS-005,DMA-05,Temperature,C,28.254,26.5,29.8,0,0,Normal,28.712,77.245
2026-06-04,QT-005,WQS-005,WQS-005,DMA-05,Turbidity,NTU,0.929,0.53,1.18,0,0,Normal,28.712,77.245
2026-06-04,QT-005,WQS-005,WQS-005,DMA-05,pH,pH,7.295,7.14,7.42,0,0,Normal,28.712,77.245
2026-06-04,QT-006,WQS-006,WQS-006,DMA-06,Chlorine,mg/L,0.555,0.462,0.634,0,0,Normal,28.731,77.277
2026-06-04,QT-006,WQS-006,WQS-006,DMA-06,Conductivity,uS/cm,680.863,607.9,747.3,0,0,Normal,28.731,77.277
2026-06-04,QT-006,WQS-006,WQS-006,DMA-06,Temperature,C,28.296,26.7,30.3,0,0,Normal,28.731,77.277
2026-06-04,QT-006,WQS-006,WQS-006,DMA-06,Turbidity,NTU,0.889,0.61,1.28,0,0,Normal,28.731,77.277
2026-06-04,QT-006,WQS-006,WQS-006,DMA-06,pH,pH,7.298,7.14,7.44,0,0,Normal,28.731,77.277
2026-06-05,QT-001,WQS-001,WQS-001,DMA-01,Chlorine,mg/L,0.56,0.491,0.621,0,0,Normal,28.738,77.255
2026-06-05,QT-001,WQS-001,WQS-001,DMA-01,Conductivity,uS/cm,672.6,625.4,730.9,0,0,Normal,28.738,77.255
2026-06-05,QT-001,WQS-001,WQS-001,DMA-01,Temperature,C,28.408,26.6,29.8,0,0,Normal,28.738,77.255
2026-06-05,QT-001,WQS-001,WQS-001,DMA-01,Turbidity,NTU,0.933,0.7,1.24,0,0,Normal,28.738,77.255
2026-06-05,QT-001,WQS-001,WQS-001,DMA-01,pH,pH,7.311,7.16,7.48,0,0,Normal,28.738,77.255
2026-06-05,QT-002,WQS-002,WQS-002,DMA-02,Chlorine,mg/L,0.545,0.456,0.63,0,0,Normal,28.726,77.253
2026-06-05,QT-002,WQS-002,WQS-002,DMA-02,Conductivity,uS/cm,669.454,574.4,746.5,0,0,Normal,28.726,77.253
2026-06-05,QT-002,WQS-002,WQS-002,DMA-02,Temperature,C,28.408,26.9,30.0,0,0,Normal,28.726,77.253
2026-06-05,QT-002,WQS-002,WQS-002,DMA-02,Turbidity,NTU,0.904,0.58,1.25,0,0,Normal,28.726,77.253
2026-06-05,QT-002,WQS-002,WQS-002,DMA-02,pH,pH,7.315,7.19,7.45,0,0,Normal,28.726,77.253
2026-06-05,QT-003,WQS-003,WQS-003,DMA-03,Chlorine,mg/L,0.556,0.51,0.635,0,0,Normal,28.717,77.269
2026-06-05,QT-003,WQS-003,WQS-003,DMA-03,Conductivity,uS/cm,674.504,592.8,749.8,0,0,Normal,28.717,77.269
2026-06-05,QT-003,WQS-003,WQS-003,DMA-03,Temperature,C,28.408,26.5,30.1,0,0,Normal,28.717,77.269
2026-06-05,QT-003,WQS-003,WQS-003,DMA-03,Turbidity,NTU,0.903,0.67,1.17,0,0,Normal,28.717,77.269
2026-06-05,QT-003,WQS-003,WQS-003,DMA-03,pH,pH,7.318,7.19,7.52,0,0,Normal,28.717,77.269
2026-06-05,QT-004,WQS-004,WQS-004,DMA-04,Chlorine,mg/L,0.55,0.453,0.668,0,0,Normal,28.705,77.24
2026-06-05,QT-004,WQS-004,WQS-004,DMA-04,Conductivity,uS/cm,674.05,622.7,765.4,0,0,Normal,28.705,77.24
2026-06-05,QT-004,WQS-004,WQS-004,DMA-04,Temperature,C,28.312,26.0,30.3,0,0,Normal,28.705,77.24
2026-06-05,QT-004,WQS-004,WQS-004,DMA-04,Turbidity,NTU,0.896,0.63,1.24,0,0,Normal,28.705,77.24
2026-06-05,QT-004,WQS-004,WQS-004,DMA-04,pH,pH,7.282,7.17,7.42,0,0,Normal,28.705,77.24
2026-06-05,QT-005,WQS-005,WQS-005,DMA-05,Chlorine,mg/L,0.547,0.449,0.643,0,0,Normal,28.712,77.245
2026-06-05,QT-005,WQS-005,WQS-005,DMA-05,Conductivity,uS/cm,678.729,638.8,748.7,0,0,Normal,28.712,77.245
2026-06-05,QT-005,WQS-005,WQS-005,DMA-05,Temperature,C,28.312,26.8,30.4,0,0,Normal,28.712,77.245
2026-06-05,QT-005,WQS-005,WQS-005,DMA-05,Turbidity,NTU,0.907,0.55,1.13,0,0,Normal,28.712,77.245
2026-06-05,QT-005,WQS-005,WQS-005,DMA-05,pH,pH,7.331,7.22,7.41,0,0,Normal,28.712,77.245
2026-06-05,QT-006,WQS-006,WQS-006,DMA-06,Chlorine,mg/L,0.549,0.446,0.634,0,0,Normal,28.731,77.277
2026-06-05,QT-006,WQS-006,WQS-006,DMA-06,Conductivity,uS/cm,683.371,641.2,725.0,0,0,Normal,28.731,77.277
2026-06-05,QT-006,WQS-006,WQS-006,DMA-06,Temperature,C,28.421,27.2,30.1,0,0,Normal,28.731,77.277
2026-06-05,QT-006,WQS-006,WQS-006,DMA-06,Turbidity,NTU,0.856,0.39,1.18,0,0,Normal,28.731,77.277
2026-06-05,QT-006,WQS-006,WQS-006,DMA-06,pH,pH,7.289,7.15,7.39,0,0,Normal,28.731,77.277
2026-06-06,QT-001,WQS-001,WQS-001,DMA-01,Chlorine,mg/L,0.538,0.46,0.606,0,0,Normal,28.738,77.255
2026-06-06,QT-001,WQS-001,WQS-001,DMA-01,Conductivity,uS/cm,677.367,602.7,747.5,0,0,Normal,28.738,77.255
2026-06-06,QT-001,WQS-001,WQS-001,DMA-01,Temperature,C,28.567,26.6,30.4,0,0,Normal,28.738,77.255
2026-06-06,QT-001,WQS-001,WQS-001,DMA-01,Turbidity,NTU,0.899,0.65,1.13,0,0,Normal,28.738,77.255
2026-06-06,QT-001,WQS-001,WQS-001,DMA-01,pH,pH,7.306,7.17,7.54,0,0,Normal,28.738,77.255
2026-06-06,QT-002,WQS-002,WQS-002,DMA-02,Chlorine,mg/L,0.543,0.439,0.651,0,0,Normal,28.726,77.253
2026-06-06,QT-002,WQS-002,WQS-002,DMA-02,Conductivity,uS/cm,682.767,621.1,738.6,0,0,Normal,28.726,77.253
2026-06-06,QT-002,WQS-002,WQS-002,DMA-02,Temperature,C,28.475,26.8,30.2,0,0,Normal,28.726,77.253
2026-06-06,QT-002,WQS-002,WQS-002,DMA-02,Turbidity,NTU,0.928,0.66,1.28,0,0,Normal,28.726,77.253
2026-06-06,QT-002,WQS-002,WQS-002,DMA-02,pH,pH,7.304,7.17,7.46,0,0,Normal,28.726,77.253
2026-06-06,QT-003,WQS-003,WQS-003,DMA-03,Chlorine,mg/L,0.556,0.474,0.672,0,0,Normal,28.717,77.269
2026-06-06,QT-003,WQS-003,WQS-003,DMA-03,Conductivity,uS/cm,688.804,615.7,765.4,0,0,Normal,28.717,77.269
2026-06-06,QT-003,WQS-003,WQS-003,DMA-03,Temperature,C,28.342,26.6,29.9,0,0,Normal,28.717,77.269
2026-06-06,QT-003,WQS-003,WQS-003,DMA-03,Turbidity,NTU,0.869,0.56,1.13,0,0,Normal,28.717,77.269
2026-06-06,QT-003,WQS-003,WQS-003,DMA-03,pH,pH,7.323,7.22,7.45,0,0,Normal,28.717,77.269
2026-06-06,QT-004,WQS-004,WQS-004,DMA-04,Chlorine,mg/L,0.557,0.402,0.672,0,0,Normal,28.705,77.24
2026-06-06,QT-004,WQS-004,WQS-004,DMA-04,Conductivity,uS/cm,676.321,591.7,745.6,0,0,Normal,28.705,77.24
2026-06-06,QT-004,WQS-004,WQS-004,DMA-04,Temperature,C,28.471,26.8,30.0,0,0,Normal,28.705,77.24
2026-06-06,QT-004,WQS-004,WQS-004,DMA-04,Turbidity,NTU,0.906,0.59,1.17,0,0,Normal,28.705,77.24
2026-06-06,QT-004,WQS-004,WQS-004,DMA-04,pH,pH,7.321,7.17,7.5,0,0,Normal,28.705,77.24
2026-06-06,QT-005,WQS-005,WQS-005,DMA-05,Chlorine,mg/L,0.554,0.398,0.652,0,0,Normal,28.712,77.245
2026-06-06,QT-005,WQS-005,WQS-005,DMA-05,Conductivity,uS/cm,680.354,605.7,740.7,0,0,Normal,28.712,77.245
2026-06-06,QT-005,WQS-005,WQS-005,DMA-05,Temperature,C,28.346,26.6,30.0,0,0,Normal,28.712,77.245
2026-06-06,QT-005,WQS-005,WQS-005,DMA-05,Turbidity,NTU,0.9,0.62,1.28,0,0,Normal,28.712,77.245
2026-06-06,QT-005,WQS-005,WQS-005,DMA-05,pH,pH,7.3,7.11,7.47,0,0,Normal,28.712,77.245
2026-06-06,QT-006,WQS-006,WQS-006,DMA-06,Chlorine,mg/L,0.562,0.477,0.68,0,0,Normal,28.731,77.277
2026-06-06,QT-006,WQS-006,WQS-006,DMA-06,Conductivity,uS/cm,682.625,597.5,750.1,0,0,Normal,28.731,77.277
2026-06-06,QT-006,WQS-006,WQS-006,DMA-06,Temperature,C,28.35,26.2,30.3,0,0,Normal,28.731,77.277
2026-06-06,QT-006,WQS-006,WQS-006,DMA-06,Turbidity,NTU,0.924,0.69,1.25,0,0,Normal,28.731,77.277
2026-06-06,QT-006,WQS-006,WQS-006,DMA-06,pH,pH,7.287,7.17,7.49,0,0,Normal,28.731,77.277
2026-06-07,QT-001,WQS-001,WQS-001,DMA-01,Chlorine,mg/L,0.562,0.475,0.63,0,0,Normal,28.738,77.255
2026-06-07,QT-001,WQS-001,WQS-001,DMA-01,Conductivity,uS/cm,686.946,625.9,788.4,0,0,Normal,28.738,77.255
2026-06-07,QT-001,WQS-001,WQS-001,DMA-01,Temperature,C,28.558,26.6,30.4,0,0,Normal,28.738,77.255
2026-06-07,QT-001,WQS-001,WQS-001,DMA-01,Turbidity,NTU,0.909,0.44,1.38,0,0,Normal,28.738,77.255
2026-06-07,QT-001,WQS-001,WQS-001,DMA-01,pH,pH,7.304,7.18,7.47,0,0,Normal,28.738,77.255
2026-06-07,QT-002,WQS-002,WQS-002,DMA-02,Chlorine,mg/L,0.527,0.421,0.602,0,0,Normal,28.726,77.253
2026-06-07,QT-002,WQS-002,WQS-002,DMA-02,Conductivity,uS/cm,674.321,593.9,727.8,0,0,Normal,28.726,77.253
2026-06-07,QT-002,WQS-002,WQS-002,DMA-02,Temperature,C,28.512,26.7,30.0,0,0,Normal,28.726,77.253
2026-06-07,QT-002,WQS-002,WQS-002,DMA-02,Turbidity,NTU,0.92,0.57,1.22,0,0,Normal,28.726,77.253
2026-06-07,QT-002,WQS-002,WQS-002,DMA-02,pH,pH,7.293,7.18,7.46,0,0,Normal,28.726,77.253
2026-06-07,QT-003,WQS-003,WQS-003,DMA-03,Chlorine,mg/L,0.551,0.448,0.638,0,0,Normal,28.717,77.269
2026-06-07,QT-003,WQS-003,WQS-003,DMA-03,Conductivity,uS/cm,691.121,647.5,731.9,0,0,Normal,28.717,77.269
2026-06-07,QT-003,WQS-003,WQS-003,DMA-03,Temperature,C,28.446,26.9,30.3,0,0,Normal,28.717,77.269
2026-06-07,QT-003,WQS-003,WQS-003,DMA-03,Turbidity,NTU,0.896,0.63,1.25,0,0,Normal,28.717,77.269
2026-06-07,QT-003,WQS-003,WQS-003,DMA-03,pH,pH,7.324,7.1,7.45,0,0,Normal,28.717,77.269
2026-06-07,QT-004,WQS-004,WQS-004,DMA-04,Chlorine,mg/L,0.536,0.474,0.616,0,0,Normal,28.705,77.24
2026-06-07,QT-004,WQS-004,WQS-004,DMA-04,Conductivity,uS/cm,678.65,597.5,774.2,0,0,Normal,28.705,77.24
2026-06-07,QT-004,WQS-004,WQS-004,DMA-04,Temperature,C,28.467,26.8,30.0,0,0,Normal,28.705,77.24
2026-06-07,QT-004,WQS-004,WQS-004,DMA-04,Turbidity,NTU,0.918,0.7,1.22,0,0,Normal,28.705,77.24
2026-06-07,QT-004,WQS-004,WQS-004,DMA-04,pH,pH,7.294,7.18,7.42,0,0,Normal,28.705,77.24
2026-06-07,QT-005,WQS-005,WQS-005,DMA-05,Chlorine,mg/L,0.541,0.439,0.638,0,0,Normal,28.712,77.245
2026-06-07,QT-005,WQS-005,WQS-005,DMA-05,Conductivity,uS/cm,690.562,631.7,742.4,0,0,Normal,28.712,77.245
2026-06-07,QT-005,WQS-005,WQS-005,DMA-05,Temperature,C,28.463,26.8,30.2,0,0,Normal,28.712,77.245
2026-06-07,QT-005,WQS-005,WQS-005,DMA-05,Turbidity,NTU,0.921,0.58,1.39,0,0,Normal,28.712,77.245
2026-06-07,QT-005,WQS-005,WQS-005,DMA-05,pH,pH,7.312,7.16,7.49,0,0,Normal,28.712,77.245
2026-06-07,QT-006,WQS-006,WQS-006,DMA-06,Chlorine,mg/L,0.551,0.449,0.666,0,0,Normal,28.731,77.277
2026-06-07,QT-006,WQS-006,WQS-006,DMA-06,Conductivity,uS/cm,691.788,576.1,771.9,0,0,Normal,28.731,77.277
2026-06-07,QT-006,WQS-006,WQS-006,DMA-06,Temperature,C,28.433,26.6,30.2,0,0,Normal,28.731,77.277
2026-06-07,QT-006,WQS-006,WQS-006,DMA-06,Turbidity,NTU,0.902,0.48,1.16,0,0,Normal,28.731,77.277
2026-06-07,QT-006,WQS-006,WQS-006,DMA-06,pH,pH,7.307,7.16,7.47,0,0,Normal,28.731,77.277
2026-06-08,QT-001,WQS-001,WQS-001,DMA-01,Chlorine,mg/L,0.557,0.46,0.643,0,0,Normal,28.738,77.255
2026-06-08,QT-001,WQS-001,WQS-001,DMA-01,Conductivity,uS/cm,679.892,610.0,718.6,0,0,Normal,28.738,77.255
2026-06-08,QT-001,WQS-001,WQS-001,DMA-01,Temperature,C,28.421,26.9,30.2,0,0,Normal,28.738,77.255
2026-06-08,QT-001,WQS-001,WQS-001,DMA-01,Turbidity,NTU,0.894,0.55,1.22,0,0,Normal,28.738,77.255
2026-06-08,QT-001,WQS-001,WQS-001,DMA-01,pH,pH,7.321,7.19,7.46,0,0,Normal,28.738,77.255
2026-06-08,QT-002,WQS-002,WQS-002,DMA-02,Chlorine,mg/L,0.536,0.429,0.649,0,0,Normal,28.726,77.253
2026-06-08,QT-002,WQS-002,WQS-002,DMA-02,Conductivity,uS/cm,671.117,566.2,720.7,0,0,Normal,28.726,77.253
2026-06-08,QT-002,WQS-002,WQS-002,DMA-02,Temperature,C,28.525,26.8,30.2,0,0,Normal,28.726,77.253
2026-06-08,QT-002,WQS-002,WQS-002,DMA-02,Turbidity,NTU,0.902,0.54,1.22,0,0,Normal,28.726,77.253
2026-06-08,QT-002,WQS-002,WQS-002,DMA-02,pH,pH,7.303,7.17,7.47,0,0,Normal,28.726,77.253
2026-06-08,QT-003,WQS-003,WQS-003,DMA-03,Chlorine,mg/L,0.547,0.465,0.618,0,0,Normal,28.717,77.269
2026-06-08,QT-003,WQS-003,WQS-003,DMA-03,Conductivity,uS/cm,680.521,576.6,745.4,0,0,Normal,28.717,77.269
2026-06-08,QT-003,WQS-003,WQS-003,DMA-03,Temperature,C,28.5,26.4,30.0,0,0,Normal,28.717,77.269
2026-06-08,QT-003,WQS-003,WQS-003,DMA-03,Turbidity,NTU,0.932,0.48,1.17,0,0,Normal,28.717,77.269
2026-06-08,QT-003,WQS-003,WQS-003,DMA-03,pH,pH,7.286,7.19,7.46,0,0,Normal,28.717,77.269
2026-06-08,QT-004,WQS-004,WQS-004,DMA-04,Chlorine,mg/L,0.552,0.409,0.659,0,0,Normal,28.705,77.24
2026-06-08,QT-004,WQS-004,WQS-004,DMA-04,Conductivity,uS/cm,681.833,622.2,741.9,0,0,Normal,28.705,77.24
2026-06-08,QT-004,WQS-004,WQS-004,DMA-04,Temperature,C,28.567,27.0,30.6,0,0,Normal,28.705,77.24
2026-06-08,QT-004,WQS-004,WQS-004,DMA-04,Turbidity,NTU,0.925,0.61,1.31,0,0,Normal,28.705,77.24
2026-06-08,QT-004,WQS-004,WQS-004,DMA-04,pH,pH,7.275,7.14,7.48,0,0,Normal,28.705,77.24
2026-06-08,QT-005,WQS-005,WQS-005,DMA-05,Chlorine,mg/L,0.563,0.46,0.67,0,0,Normal,28.712,77.245
2026-06-08,QT-005,WQS-005,WQS-005,DMA-05,Conductivity,uS/cm,686.212,641.2,734.4,0,0,Normal,28.712,77.245
2026-06-08,QT-005,WQS-005,WQS-005,DMA-05,Temperature,C,28.537,27.0,30.4,0,0,Normal,28.712,77.245
2026-06-08,QT-005,WQS-005,WQS-005,DMA-05,Turbidity,NTU,0.914,0.58,1.27,0,0,Normal,28.712,77.245
2026-06-08,QT-005,WQS-005,WQS-005,DMA-05,pH,pH,7.312,7.03,7.48,0,0,Normal,28.712,77.245
2026-06-08,QT-006,WQS-006,WQS-006,DMA-06,Chlorine,mg/L,0.556,0.459,0.671,0,0,Normal,28.731,77.277
2026-06-08,QT-006,WQS-006,WQS-006,DMA-06,Conductivity,uS/cm,686.121,633.3,745.3,0,0,Normal,28.731,77.277
2026-06-08,QT-006,WQS-006,WQS-006,DMA-06,Temperature,C,28.438,26.6,30.1,0,0,Normal,28.731,77.277
2026-06-08,QT-006,WQS-006,WQS-006,DMA-06,Turbidity,NTU,0.938,0.46,1.19,0,0,Normal,28.731,77.277
2026-06-08,QT-006,WQS-006,WQS-006,DMA-06,pH,pH,7.282,7.12,7.41,0,0,Normal,28.731,77.277
2026-06-09,QT-001,WQS-001,WQS-001,DMA-01,Chlorine,mg/L,0.57,0.454,0.774,0,0,Normal,28.738,77.255
2026-06-09,QT-001,WQS-001,WQS-001,DMA-01,Conductivity,uS/cm,668.883,564.2,757.1,0,0,Normal,28.738,77.255
2026-06-09,QT-001,WQS-001,WQS-001,DMA-01,Temperature,C,28.683,26.8,30.5,0,0,Normal,28.738,77.255
2026-06-09,QT-001,WQS-001,WQS-001,DMA-01,Turbidity,NTU,0.888,0.65,1.13,0,0,Normal,28.738,77.255
2026-06-09,QT-001,WQS-001,WQS-001,DMA-01,pH,pH,7.32,7.2,7.4,0,0,Normal,28.738,77.255
2026-06-09,QT-002,WQS-002,WQS-002,DMA-02,Chlorine,mg/L,0.542,0.403,0.644,0,0,Normal,28.726,77.253
2026-06-09,QT-002,WQS-002,WQS-002,DMA-02,Conductivity,uS/cm,677.596,602.0,735.7,0,0,Normal,28.726,77.253
2026-06-09,QT-002,WQS-002,WQS-002,DMA-02,Temperature,C,28.608,26.7,30.2,0,0,Normal,28.726,77.253
2026-06-09,QT-002,WQS-002,WQS-002,DMA-02,Turbidity,NTU,0.875,0.54,1.19,0,0,Normal,28.726,77.253
2026-06-09,QT-002,WQS-002,WQS-002,DMA-02,pH,pH,7.289,7.13,7.45,0,0,Normal,28.726,77.253
2026-06-09,QT-003,WQS-003,WQS-003,DMA-03,Chlorine,mg/L,0.545,0.445,0.64,0,0,Normal,28.717,77.269
2026-06-09,QT-003,WQS-003,WQS-003,DMA-03,Conductivity,uS/cm,669.171,607.6,736.3,0,0,Normal,28.717,77.269
2026-06-09,QT-003,WQS-003,WQS-003,DMA-03,Temperature,C,28.554,26.7,30.3,0,0,Normal,28.717,77.269
2026-06-09,QT-003,WQS-003,WQS-003,DMA-03,Turbidity,NTU,0.969,0.67,1.24,0,0,Normal,28.717,77.269
2026-06-09,QT-003,WQS-003,WQS-003,DMA-03,pH,pH,7.322,7.18,7.45,0,0,Normal,28.717,77.269
2026-06-09,QT-004,WQS-004,WQS-004,DMA-04,Chlorine,mg/L,0.556,0.486,0.603,0,0,Normal,28.705,77.24
2026-06-09,QT-004,WQS-004,WQS-004,DMA-04,Conductivity,uS/cm,688.033,605.0,739.0,0,0,Normal,28.705,77.24
2026-06-09,QT-004,WQS-004,WQS-004,DMA-04,Temperature,C,28.554,27.1,30.4,0,0,Normal,28.705,77.24
2026-06-09,QT-004,WQS-004,WQS-004,DMA-04,Turbidity,NTU,0.88,0.61,1.13,0,0,Normal,28.705,77.24
2026-06-09,QT-004,WQS-004,WQS-004,DMA-04,pH,pH,7.293,7.18,7.45,0,0,Normal,28.705,77.24
2026-06-09,QT-005,WQS-005,WQS-005,DMA-05,Chlorine,mg/L,0.564,0.48,0.669,0,0,Normal,28.712,77.245
2026-06-09,QT-005,WQS-005,WQS-005,DMA-05,Conductivity,uS/cm,675.125,642.5,743.6,0,0,Normal,28.712,77.245
2026-06-09,QT-005,WQS-005,WQS-005,DMA-05,Temperature,C,28.537,26.5,30.1,0,0,Normal,28.712,77.245
2026-06-09,QT-005,WQS-005,WQS-005,DMA-05,Turbidity,NTU,0.926,0.54,1.2,0,0,Normal,28.712,77.245
2026-06-09,QT-005,WQS-005,WQS-005,DMA-05,pH,pH,7.303,7.12,7.52,0,0,Normal,28.712,77.245
2026-06-09,QT-006,WQS-006,WQS-006,DMA-06,Chlorine,mg/L,0.559,0.417,0.655,0,0,Normal,28.731,77.277
2026-06-09,QT-006,WQS-006,WQS-006,DMA-06,Conductivity,uS/cm,690.992,618.5,749.1,0,0,Normal,28.731,77.277
2026-06-09,QT-006,WQS-006,WQS-006,DMA-06,Temperature,C,28.571,26.8,30.4,0,0,Normal,28.731,77.277
2026-06-09,QT-006,WQS-006,WQS-006,DMA-06,Turbidity,NTU,0.863,0.44,1.15,0,0,Normal,28.731,77.277
2026-06-09,QT-006,WQS-006,WQS-006,DMA-06,pH,pH,7.309,7.11,7.45,0,0,Normal,28.731,77.277
2026-06-10,QT-001,WQS-001,WQS-001,DMA-01,Chlorine,mg/L,0.545,0.473,0.634,0,0,Normal,28.738,77.255
2026-06-10,QT-001,WQS-001,WQS-001,DMA-01,Conductivity,uS/cm,688.317,627.2,755.8,0,0,Normal,28.738,77.255
2026-06-10,QT-001,WQS-001,WQS-001,DMA-01,Temperature,C,28.683,26.8,30.6,0,0,Normal,28.738,77.255
2026-06-10,QT-001,WQS-001,WQS-001,DMA-01,Turbidity,NTU,0.872,0.67,1.06,0,0,Normal,28.738,77.255
2026-06-10,QT-001,WQS-001,WQS-001,DMA-01,pH,pH,7.319,7.13,7.49,0,0,Normal,28.738,77.255
2026-06-10,QT-002,WQS-002,WQS-002,DMA-02,Chlorine,mg/L,0.545,0.476,0.63,0,0,Normal,28.726,77.253
2026-06-10,QT-002,WQS-002,WQS-002,DMA-02,Conductivity,uS/cm,667.754,610.5,726.6,0,0,Normal,28.726,77.253
2026-06-10,QT-002,WQS-002,WQS-002,DMA-02,Temperature,C,28.629,26.9,30.8,0,0,Normal,28.726,77.253
2026-06-10,QT-002,WQS-002,WQS-002,DMA-02,Turbidity,NTU,0.935,0.66,1.26,0,0,Normal,28.726,77.253
2026-06-10,QT-002,WQS-002,WQS-002,DMA-02,pH,pH,7.308,7.17,7.54,0,0,Normal,28.726,77.253
2026-06-10,QT-003,WQS-003,WQS-003,DMA-03,Chlorine,mg/L,0.543,0.422,0.658,0,0,Normal,28.717,77.269
2026-06-10,QT-003,WQS-003,WQS-003,DMA-03,Conductivity,uS/cm,669.892,609.7,737.3,0,0,Normal,28.717,77.269
2026-06-10,QT-003,WQS-003,WQS-003,DMA-03,Temperature,C,28.679,27.1,30.3,0,0,Normal,28.717,77.269
2026-06-10,QT-003,WQS-003,WQS-003,DMA-03,Turbidity,NTU,0.883,0.6,1.12,0,0,Normal,28.717,77.269
2026-06-10,QT-003,WQS-003,WQS-003,DMA-03,pH,pH,7.283,7.13,7.47,0,0,Normal,28.717,77.269
2026-06-10,QT-004,WQS-004,WQS-004,DMA-04,Chlorine,mg/L,0.545,0.436,0.688,0,0,Normal,28.705,77.24
2026-06-10,QT-004,WQS-004,WQS-004,DMA-04,Conductivity,uS/cm,684.071,590.1,766.9,0,0,Normal,28.705,77.24
2026-06-10,QT-004,WQS-004,WQS-004,DMA-04,Temperature,C,28.642,26.7,30.3,0,0,Normal,28.705,77.24
2026-06-10,QT-004,WQS-004,WQS-004,DMA-04,Turbidity,NTU,0.912,0.67,1.29,0,0,Normal,28.705,77.24
2026-06-10,QT-004,WQS-004,WQS-004,DMA-04,pH,pH,7.301,7.16,7.45,0,0,Normal,28.705,77.24
2026-06-10,QT-005,WQS-005,WQS-005,DMA-05,Chlorine,mg/L,0.558,0.473,0.646,0,0,Normal,28.712,77.245
2026-06-10,QT-005,WQS-005,WQS-005,DMA-05,Conductivity,uS/cm,669.783,591.5,727.6,0,0,Normal,28.712,77.245
2026-06-10,QT-005,WQS-005,WQS-005,DMA-05,Temperature,C,28.604,26.8,30.6,0,0,Normal,28.712,77.245
2026-06-10,QT-005,WQS-005,WQS-005,DMA-05,Turbidity,NTU,0.944,0.57,1.31,0,0,Normal,28.712,77.245
2026-06-10,QT-005,WQS-005,WQS-005,DMA-05,pH,pH,7.306,7.08,7.45,0,0,Normal,28.712,77.245
2026-06-10,QT-006,WQS-006,WQS-006,DMA-06,Chlorine,mg/L,0.571,0.429,0.639,0,0,Normal,28.731,77.277
2026-06-10,QT-006,WQS-006,WQS-006,DMA-06,Conductivity,uS/cm,693.479,638.2,757.4,0,0,Normal,28.731,77.277
2026-06-10,QT-006,WQS-006,WQS-006,DMA-06,Temperature,C,28.654,26.8,30.3,0,0,Normal,28.731,77.277
2026-06-10,QT-006,WQS-006,WQS-006,DMA-06,Turbidity,NTU,0.928,0.62,1.22,0,0,Normal,28.731,77.277
2026-06-10,QT-006,WQS-006,WQS-006,DMA-06,pH,pH,7.265,7.16,7.39,0,0,Normal,28.731,77.277
2026-06-11,QT-001,WQS-001,WQS-001,DMA-01,Chlorine,mg/L,0.573,0.48,0.687,0,0,Normal,28.738,77.255
2026-06-11,QT-001,WQS-001,WQS-001,DMA-01,Conductivity,uS/cm,680.529,619.0,734.2,0,0,Normal,28.738,77.255
2026-06-11,QT-001,WQS-001,WQS-001,DMA-01,Temperature,C,28.662,27.1,30.3,0,0,Normal,28.738,77.255
2026-06-11,QT-001,WQS-001,WQS-001,DMA-01,Turbidity,NTU,0.938,0.59,1.36,0,0,Normal,28.738,77.255
2026-06-11,QT-001,WQS-001,WQS-001,DMA-01,pH,pH,7.294,7.13,7.42,0,0,Normal,28.738,77.255
2026-06-11,QT-002,WQS-002,WQS-002,DMA-02,Chlorine,mg/L,0.564,0.454,0.695,0,0,Normal,28.726,77.253
2026-06-11,QT-002,WQS-002,WQS-002,DMA-02,Conductivity,uS/cm,662.917,633.2,712.4,0,0,Normal,28.726,77.253
2026-06-11,QT-002,WQS-002,WQS-002,DMA-02,Temperature,C,28.767,27.1,30.8,0,0,Normal,28.726,77.253
2026-06-11,QT-002,WQS-002,WQS-002,DMA-02,Turbidity,NTU,0.955,0.66,1.36,0,0,Normal,28.726,77.253
2026-06-11,QT-002,WQS-002,WQS-002,DMA-02,pH,pH,7.291,7.1,7.44,0,0,Normal,28.726,77.253
2026-06-11,QT-003,WQS-003,WQS-003,DMA-03,Chlorine,mg/L,0.537,0.437,0.642,0,0,Normal,28.717,77.269
2026-06-11,QT-003,WQS-003,WQS-003,DMA-03,Conductivity,uS/cm,672.688,563.2,750.8,0,0,Normal,28.717,77.269
2026-06-11,QT-003,WQS-003,WQS-003,DMA-03,Temperature,C,28.621,26.7,30.5,0,0,Normal,28.717,77.269
2026-06-11,QT-003,WQS-003,WQS-003,DMA-03,Turbidity,NTU,0.925,0.61,1.14,0,0,Normal,28.717,77.269
2026-06-11,QT-003,WQS-003,WQS-003,DMA-03,pH,pH,7.303,7.06,7.47,0,0,Normal,28.717,77.269
2026-06-11,QT-004,WQS-004,WQS-004,DMA-04,Chlorine,mg/L,0.564,0.471,0.7,0,0,Normal,28.705,77.24
2026-06-11,QT-004,WQS-004,WQS-004,DMA-04,Conductivity,uS/cm,679.321,632.8,733.9,0,0,Normal,28.705,77.24
2026-06-11,QT-004,WQS-004,WQS-004,DMA-04,Temperature,C,28.625,26.9,30.8,0,0,Normal,28.705,77.24
2026-06-11,QT-004,WQS-004,WQS-004,DMA-04,Turbidity,NTU,0.95,0.55,1.2,0,0,Normal,28.705,77.24
2026-06-11,QT-004,WQS-004,WQS-004,DMA-04,pH,pH,7.302,7.17,7.49,0,0,Normal,28.705,77.24
2026-06-11,QT-005,WQS-005,WQS-005,DMA-05,Chlorine,mg/L,0.54,0.412,0.618,0,0,Normal,28.712,77.245
2026-06-11,QT-005,WQS-005,WQS-005,DMA-05,Conductivity,uS/cm,683.579,575.2,733.6,0,0,Normal,28.712,77.245
2026-06-11,QT-005,WQS-005,WQS-005,DMA-05,Temperature,C,28.629,27.1,30.4,0,0,Normal,28.712,77.245
2026-06-11,QT-005,WQS-005,WQS-005,DMA-05,Turbidity,NTU,0.883,0.51,1.32,0,0,Normal,28.712,77.245
2026-06-11,QT-005,WQS-005,WQS-005,DMA-05,pH,pH,7.311,7.16,7.45,0,0,Normal,28.712,77.245
2026-06-11,QT-006,WQS-006,WQS-006,DMA-06,Chlorine,mg/L,0.565,0.464,0.671,0,0,Normal,28.731,77.277
2026-06-11,QT-006,WQS-006,WQS-006,DMA-06,Conductivity,uS/cm,680.221,609.4,742.4,0,0,Normal,28.731,77.277
2026-06-11,QT-006,WQS-006,WQS-006,DMA-06,Temperature,C,28.675,27.1,30.1,0,0,Normal,28.731,77.277
2026-06-11,QT-006,WQS-006,WQS-006,DMA-06,Turbidity,NTU,0.884,0.67,1.16,0,0,Normal,28.731,77.277
2026-06-11,QT-006,WQS-006,WQS-006,DMA-06,pH,pH,7.3,7.15,7.46,0,0,Normal,28.731,77.277
2026-06-12,QT-001,WQS-001,WQS-001,DMA-01,Chlorine,mg/L,0.543,0.454,0.654,0,0,Normal,28.738,77.255
2026-06-12,QT-001,WQS-001,WQS-001,DMA-01,Conductivity,uS/cm,672.417,609.6,764.4,0,0,Normal,28.738,77.255
2026-06-12,QT-001,WQS-001,WQS-001,DMA-01,Temperature,C,28.675,26.9,30.2,0,0,Normal,28.738,77.255
2026-06-12,QT-001,WQS-001,WQS-001,DMA-01,Turbidity,NTU,0.918,0.64,1.19,0,0,Normal,28.738,77.255
2026-06-12,QT-001,WQS-001,WQS-001,DMA-01,pH,pH,7.291,7.2,7.43,0,0,Normal,28.738,77.255
2026-06-12,QT-002,WQS-002,WQS-002,DMA-02,Chlorine,mg/L,0.553,0.47,0.628,0,0,Normal,28.726,77.253
2026-06-12,QT-002,WQS-002,WQS-002,DMA-02,Conductivity,uS/cm,671.754,621.2,757.3,0,0,Normal,28.726,77.253
2026-06-12,QT-002,WQS-002,WQS-002,DMA-02,Temperature,C,28.6,26.8,30.2,0,0,Normal,28.726,77.253
2026-06-12,QT-002,WQS-002,WQS-002,DMA-02,Turbidity,NTU,0.842,0.57,1.11,0,0,Normal,28.726,77.253
2026-06-12,QT-002,WQS-002,WQS-002,DMA-02,pH,pH,7.289,7.15,7.42,0,0,Normal,28.726,77.253
2026-06-12,QT-003,WQS-003,WQS-003,DMA-03,Chlorine,mg/L,0.555,0.472,0.633,0,0,Normal,28.717,77.269
2026-06-12,QT-003,WQS-003,WQS-003,DMA-03,Conductivity,uS/cm,674.821,592.8,756.7,0,0,Normal,28.717,77.269
2026-06-12,QT-003,WQS-003,WQS-003,DMA-03,Temperature,C,28.742,26.9,30.3,0,0,Normal,28.717,77.269
2026-06-12,QT-003,WQS-003,WQS-003,DMA-03,Turbidity,NTU,0.838,0.61,1.09,0,0,Normal,28.717,77.269
2026-06-12,QT-003,WQS-003,WQS-003,DMA-03,pH,pH,7.304,7.19,7.42,0,0,Normal,28.717,77.269
2026-06-12,QT-004,WQS-004,WQS-004,DMA-04,Chlorine,mg/L,0.547,0.445,0.603,0,0,Normal,28.705,77.24
2026-06-12,QT-004,WQS-004,WQS-004,DMA-04,Conductivity,uS/cm,678.375,621.7,768.2,0,0,Normal,28.705,77.24
2026-06-12,QT-004,WQS-004,WQS-004,DMA-04,Temperature,C,28.733,27.1,30.3,0,0,Normal,28.705,77.24
2026-06-12,QT-004,WQS-004,WQS-004,DMA-04,Turbidity,NTU,0.909,0.63,1.2,0,0,Normal,28.705,77.24
2026-06-12,QT-004,WQS-004,WQS-004,DMA-04,pH,pH,7.292,7.15,7.47,0,0,Normal,28.705,77.24
2026-06-12,QT-005,WQS-005,WQS-005,DMA-05,Chlorine,mg/L,0.568,0.466,0.747,0,0,Normal,28.712,77.245
2026-06-12,QT-005,WQS-005,WQS-005,DMA-05,Conductivity,uS/cm,690.896,638.1,779.4,0,0,Normal,28.712,77.245
2026-06-12,QT-005,WQS-005,WQS-005,DMA-05,Temperature,C,28.838,27.1,30.5,0,0,Normal,28.712,77.245
2026-06-12,QT-005,WQS-005,WQS-005,DMA-05,Turbidity,NTU,0.916,0.6,1.08,0,0,Normal,28.712,77.245
2026-06-12,QT-005,WQS-005,WQS-005,DMA-05,pH,pH,7.294,7.11,7.46,0,0,Normal,28.712,77.245
2026-06-12,QT-006,WQS-006,WQS-006,DMA-06,Chlorine,mg/L,0.545,0.467,0.635,0,0,Normal,28.731,77.277
2026-06-12,QT-006,WQS-006,WQS-006,DMA-06,Conductivity,uS/cm,682.562,584.0,758.6,0,0,Normal,28.731,77.277
2026-06-12,QT-006,WQS-006,WQS-006,DMA-06,Temperature,C,28.779,26.5,30.4,0,0,Normal,28.731,77.277
2026-06-12,QT-006,WQS-006,WQS-006,DMA-06,Turbidity,NTU,0.95,0.68,1.27,0,0,Normal,28.731,77.277
2026-06-12,QT-006,WQS-006,WQS-006,DMA-06,pH,pH,7.307,7.19,7.49,0,0,Normal,28.731,77.277
2026-06-13,QT-001,WQS-001,WQS-001,DMA-01,Chlorine,mg/L,0.551,0.448,0.641,0,0,Normal,28.738,77.255
2026-06-13,QT-001,WQS-001,WQS-001,DMA-01,Conductivity,uS/cm,685.742,624.6,750.4,0,0,Normal,28.738,77.255
2026-06-13,QT-001,WQS-001,WQS-001,DMA-01,Temperature,C,28.583,26.8,30.5,0,0,Normal,28.738,77.255
2026-06-13,QT-001,WQS-001,WQS-001,DMA-01,Turbidity,NTU,0.919,0.68,1.24,0,0,Normal,28.738,77.255
2026-06-13,QT-001,WQS-001,WQS-001,DMA-01,pH,pH,7.308,7.21,7.47,0,0,Normal,28.738,77.255
2026-06-13,QT-002,WQS-002,WQS-002,DMA-02,Chlorine,mg/L,0.558,0.476,0.638,0,0,Normal,28.726,77.253
2026-06-13,QT-002,WQS-002,WQS-002,DMA-02,Conductivity,uS/cm,680.387,619.3,806.1,0,0,Normal,28.726,77.253
2026-06-13,QT-002,WQS-002,WQS-002,DMA-02,Temperature,C,28.713,26.9,30.3,0,0,Normal,28.726,77.253
2026-06-13,QT-002,WQS-002,WQS-002,DMA-02,Turbidity,NTU,0.904,0.54,1.14,0,0,Normal,28.726,77.253
2026-06-13,QT-002,WQS-002,WQS-002,DMA-02,pH,pH,7.296,7.13,7.42,0,0,Normal,28.726,77.253
2026-06-13,QT-003,WQS-003,WQS-003,DMA-03,Chlorine,mg/L,0.548,0.44,0.656,0,0,Normal,28.717,77.269
2026-06-13,QT-003,WQS-003,WQS-003,DMA-03,Conductivity,uS/cm,682.825,594.5,724.3,0,0,Normal,28.717,77.269
2026-06-13,QT-003,WQS-003,WQS-003,DMA-03,Temperature,C,28.675,26.8,30.2,0,0,Normal,28.717,77.269
2026-06-13,QT-003,WQS-003,WQS-003,DMA-03,Turbidity,NTU,0.92,0.65,1.21,0,0,Normal,28.717,77.269
2026-06-13,QT-003,WQS-003,WQS-003,DMA-03,pH,pH,7.299,7.24,7.37,0,0,Normal,28.717,77.269
2026-06-13,QT-004,WQS-004,WQS-004,DMA-04,Chlorine,mg/L,0.55,0.485,0.603,0,0,Normal,28.705,77.24
2026-06-13,QT-004,WQS-004,WQS-004,DMA-04,Conductivity,uS/cm,674.021,598.5,761.6,0,0,Normal,28.705,77.24
2026-06-13,QT-004,WQS-004,WQS-004,DMA-04,Temperature,C,28.713,26.8,30.7,0,0,Normal,28.705,77.24
2026-06-13,QT-004,WQS-004,WQS-004,DMA-04,Turbidity,NTU,0.861,0.4,1.25,0,0,Normal,28.705,77.24
2026-06-13,QT-004,WQS-004,WQS-004,DMA-04,pH,pH,7.306,7.13,7.46,0,0,Normal,28.705,77.24
2026-06-13,QT-005,WQS-005,WQS-005,DMA-05,Chlorine,mg/L,0.546,0.492,0.67,0,0,Normal,28.712,77.245
2026-06-13,QT-005,WQS-005,WQS-005,DMA-05,Conductivity,uS/cm,681.104,597.9,745.5,0,0,Normal,28.712,77.245
2026-06-13,QT-005,WQS-005,WQS-005,DMA-05,Temperature,C,28.725,26.9,30.2,0,0,Normal,28.712,77.245
2026-06-13,QT-005,WQS-005,WQS-005,DMA-05,Turbidity,NTU,0.86,0.5,1.15,0,0,Normal,28.712,77.245
2026-06-13,QT-005,WQS-005,WQS-005,DMA-05,pH,pH,7.275,7.09,7.46,0,0,Normal,28.712,77.245
2026-06-13,QT-006,WQS-006,WQS-006,DMA-06,Chlorine,mg/L,0.559,0.444,0.622,0,0,Normal,28.731,77.277
2026-06-13,QT-006,WQS-006,WQS-006,DMA-06,Conductivity,uS/cm,679.383,623.6,732.2,0,0,Normal,28.731,77.277
2026-06-13,QT-006,WQS-006,WQS-006,DMA-06,Temperature,C,28.742,26.9,30.5,0,0,Normal,28.731,77.277
2026-06-13,QT-006,WQS-006,WQS-006,DMA-06,Turbidity,NTU,0.906,0.55,1.25,0,0,Normal,28.731,77.277
2026-06-13,QT-006,WQS-006,WQS-006,DMA-06,pH,pH,7.307,7.18,7.46,0,0,Normal,28.731,77.277
2026-06-14,QT-001,WQS-001,WQS-001,DMA-01,Chlorine,mg/L,0.549,0.458,0.622,0,0,Normal,28.738,77.255
2026-06-14,QT-001,WQS-001,WQS-001,DMA-01,Conductivity,uS/cm,675.5,618.1,732.9,0,0,Normal,28.738,77.255
2026-06-14,QT-001,WQS-001,WQS-001,DMA-01,Temperature,C,28.696,27.0,30.8,0,0,Normal,28.738,77.255
2026-06-14,QT-001,WQS-001,WQS-001,DMA-01,Turbidity,NTU,0.913,0.46,1.28,0,0,Normal,28.738,77.255
2026-06-14,QT-001,WQS-001,WQS-001,DMA-01,pH,pH,7.332,7.22,7.41,0,0,Normal,28.738,77.255
2026-06-14,QT-002,WQS-002,WQS-002,DMA-02,Chlorine,mg/L,0.56,0.435,0.635,0,0,Normal,28.726,77.253
2026-06-14,QT-002,WQS-002,WQS-002,DMA-02,Conductivity,uS/cm,689.646,634.8,761.8,0,0,Normal,28.726,77.253
2026-06-14,QT-002,WQS-002,WQS-002,DMA-02,Temperature,C,28.667,27.2,30.4,0,0,Normal,28.726,77.253
2026-06-14,QT-002,WQS-002,WQS-002,DMA-02,Turbidity,NTU,0.917,0.6,1.14,0,0,Normal,28.726,77.253
2026-06-14,QT-002,WQS-002,WQS-002,DMA-02,pH,pH,7.299,7.04,7.43,0,0,Normal,28.726,77.253
2026-06-14,QT-003,WQS-003,WQS-003,DMA-03,Chlorine,mg/L,0.535,0.478,0.622,0,0,Normal,28.717,77.269
2026-06-14,QT-003,WQS-003,WQS-003,DMA-03,Conductivity,uS/cm,692.879,630.9,750.2,0,0,Normal,28.717,77.269
2026-06-14,QT-003,WQS-003,WQS-003,DMA-03,Temperature,C,28.704,27.1,30.5,0,0,Normal,28.717,77.269
2026-06-14,QT-003,WQS-003,WQS-003,DMA-03,Turbidity,NTU,0.897,0.7,1.44,0,0,Normal,28.717,77.269
2026-06-14,QT-003,WQS-003,WQS-003,DMA-03,pH,pH,7.315,7.13,7.42,0,0,Normal,28.717,77.269
2026-06-14,QT-004,WQS-004,WQS-004,DMA-04,Chlorine,mg/L,0.554,0.459,0.657,0,0,Normal,28.705,77.24
2026-06-14,QT-004,WQS-004,WQS-004,DMA-04,Conductivity,uS/cm,689.825,582.9,752.6,0,0,Normal,28.705,77.24
2026-06-14,QT-004,WQS-004,WQS-004,DMA-04,Temperature,C,28.825,27.0,30.6,0,0,Normal,28.705,77.24
2026-06-14,QT-004,WQS-004,WQS-004,DMA-04,Turbidity,NTU,0.864,0.47,1.13,0,0,Normal,28.705,77.24
2026-06-14,QT-004,WQS-004,WQS-004,DMA-04,pH,pH,7.295,7.17,7.43,0,0,Normal,28.705,77.24
2026-06-14,QT-005,WQS-005,WQS-005,DMA-05,Chlorine,mg/L,0.558,0.482,0.65,0,0,Normal,28.712,77.245
2026-06-14,QT-005,WQS-005,WQS-005,DMA-05,Conductivity,uS/cm,683.808,625.4,760.6,0,0,Normal,28.712,77.245
2026-06-14,QT-005,WQS-005,WQS-005,DMA-05,Temperature,C,28.662,26.9,30.4,0,0,Normal,28.712,77.245
2026-06-14,QT-005,WQS-005,WQS-005,DMA-05,Turbidity,NTU,0.938,0.6,1.2,0,0,Normal,28.712,77.245
2026-06-14,QT-005,WQS-005,WQS-005,DMA-05,pH,pH,7.287,7.14,7.41,0,0,Normal,28.712,77.245
2026-06-14,QT-006,WQS-006,WQS-006,DMA-06,Chlorine,mg/L,0.547,0.457,0.622,0,0,Normal,28.731,77.277
2026-06-14,QT-006,WQS-006,WQS-006,DMA-06,Conductivity,uS/cm,686.788,625.4,762.2,0,0,Normal,28.731,77.277
2026-06-14,QT-006,WQS-006,WQS-006,DMA-06,Temperature,C,28.758,27.1,30.6,0,0,Normal,28.731,77.277
2026-06-14,QT-006,WQS-006,WQS-006,DMA-06,Turbidity,NTU,0.943,0.74,1.28,0,0,Normal,28.731,77.277
2026-06-14,QT-006,WQS-006,WQS-006,DMA-06,pH,pH,7.289,7.1,7.5,0,0,Normal,28.731,77.277
2026-06-15,QT-001,WQS-001,WQS-001,DMA-01,Chlorine,mg/L,0.541,0.429,0.628,0,0,Normal,28.738,77.255
2026-06-15,QT-001,WQS-001,WQS-001,DMA-01,Conductivity,uS/cm,660.775,594.3,741.8,0,0,Normal,28.738,77.255
2026-06-15,QT-001,WQS-001,WQS-001,DMA-01,Temperature,C,28.779,26.9,30.8,0,0,Normal,28.738,77.255
2026-06-15,QT-001,WQS-001,WQS-001,DMA-01,Turbidity,NTU,0.905,0.62,1.23,0,0,Normal,28.738,77.255
2026-06-15,QT-001,WQS-001,WQS-001,DMA-01,pH,pH,7.306,7.12,7.46,0,0,Normal,28.738,77.255
2026-06-15,QT-002,WQS-002,WQS-002,DMA-02,Chlorine,mg/L,0.553,0.457,0.649,0,0,Normal,28.726,77.253
2026-06-15,QT-002,WQS-002,WQS-002,DMA-02,Conductivity,uS/cm,670.783,613.7,746.0,0,0,Normal,28.726,77.253
2026-06-15,QT-002,WQS-002,WQS-002,DMA-02,Temperature,C,28.796,27.0,30.5,0,0,Normal,28.726,77.253
2026-06-15,QT-002,WQS-002,WQS-002,DMA-02,Turbidity,NTU,0.891,0.63,1.24,0,0,Normal,28.726,77.253
2026-06-15,QT-002,WQS-002,WQS-002,DMA-02,pH,pH,7.272,7.1,7.49,0,0,Normal,28.726,77.253
2026-06-15,QT-003,WQS-003,WQS-003,DMA-03,Chlorine,mg/L,0.539,0.469,0.619,0,0,Normal,28.717,77.269
2026-06-15,QT-003,WQS-003,WQS-003,DMA-03,Conductivity,uS/cm,679.371,609.2,742.2,0,0,Normal,28.717,77.269
2026-06-15,QT-003,WQS-003,WQS-003,DMA-03,Temperature,C,28.721,26.7,30.5,0,0,Normal,28.717,77.269
2026-06-15,QT-003,WQS-003,WQS-003,DMA-03,Turbidity,NTU,0.924,0.68,1.11,0,0,Normal,28.717,77.269
2026-06-15,QT-003,WQS-003,WQS-003,DMA-03,pH,pH,7.296,7.15,7.5,0,0,Normal,28.717,77.269
2026-06-15,QT-004,WQS-004,WQS-004,DMA-04,Chlorine,mg/L,0.553,0.466,0.629,0,0,Normal,28.705,77.24
2026-06-15,QT-004,WQS-004,WQS-004,DMA-04,Conductivity,uS/cm,673.142,552.1,729.3,0,0,Normal,28.705,77.24
2026-06-15,QT-004,WQS-004,WQS-004,DMA-04,Temperature,C,28.775,26.9,30.4,0,0,Normal,28.705,77.24
2026-06-15,QT-004,WQS-004,WQS-004,DMA-04,Turbidity,NTU,0.89,0.6,1.22,0,0,Normal,28.705,77.24
2026-06-15,QT-004,WQS-004,WQS-004,DMA-04,pH,pH,7.323,7.13,7.44,0,0,Normal,28.705,77.24
2026-06-15,QT-005,WQS-005,WQS-005,DMA-05,Chlorine,mg/L,0.532,0.444,0.622,0,0,Normal,28.712,77.245
2026-06-15,QT-005,WQS-005,WQS-005,DMA-05,Conductivity,uS/cm,675.867,564.7,773.1,0,0,Normal,28.712,77.245
2026-06-15,QT-005,WQS-005,WQS-005,DMA-05,Temperature,C,28.842,27.3,30.4,0,0,Normal,28.712,77.245
2026-06-15,QT-005,WQS-005,WQS-005,DMA-05,Turbidity,NTU,0.919,0.67,1.15,0,0,Normal,28.712,77.245
2026-06-15,QT-005,WQS-005,WQS-005,DMA-05,pH,pH,7.297,7.19,7.43,0,0,Normal,28.712,77.245
2026-06-15,QT-006,WQS-006,WQS-006,DMA-06,Chlorine,mg/L,0.553,0.427,0.672,0,0,Normal,28.731,77.277
2026-06-15,QT-006,WQS-006,WQS-006,DMA-06,Conductivity,uS/cm,682.254,619.6,762.3,0,0,Normal,28.731,77.277
2026-06-15,QT-006,WQS-006,WQS-006,DMA-06,Temperature,C,28.883,27.1,30.7,0,0,Normal,28.731,77.277
2026-06-15,QT-006,WQS-006,WQS-006,DMA-06,Turbidity,NTU,0.909,0.58,1.14,0,0,Normal,28.731,77.277
2026-06-15,QT-006,WQS-006,WQS-006,DMA-06,pH,pH,7.291,7.19,7.38,0,0,Normal,28.731,77.277
2026-06-16,QT-001,WQS-001,WQS-001,DMA-01,Chlorine,mg/L,0.543,0.462,0.643,0,0,Normal,28.738,77.255
2026-06-16,QT-001,WQS-001,WQS-001,DMA-01,Conductivity,uS/cm,671.967,582.4,727.6,0,0,Normal,28.738,77.255
2026-06-16,QT-001,WQS-001,WQS-001,DMA-01,Temperature,C,28.858,27.0,30.6,0,0,Normal,28.738,77.255
2026-06-16,QT-001,WQS-001,WQS-001,DMA-01,Turbidity,NTU,0.928,0.72,1.13,0,0,Normal,28.738,77.255
2026-06-16,QT-001,WQS-001,WQS-001,DMA-01,pH,pH,7.297,7.19,7.54,0,0,Normal,28.738,77.255
2026-06-16,QT-002,WQS-002,WQS-002,DMA-02,Chlorine,mg/L,0.544,0.494,0.606,0,0,Normal,28.726,77.253
2026-06-16,QT-002,WQS-002,WQS-002,DMA-02,Conductivity,uS/cm,679.971,620.9,746.1,0,0,Normal,28.726,77.253
2026-06-16,QT-002,WQS-002,WQS-002,DMA-02,Temperature,C,28.871,27.0,30.7,0,0,Normal,28.726,77.253
2026-06-16,QT-002,WQS-002,WQS-002,DMA-02,Turbidity,NTU,0.941,0.71,1.29,0,0,Normal,28.726,77.253
2026-06-16,QT-002,WQS-002,WQS-002,DMA-02,pH,pH,7.318,7.21,7.41,0,0,Normal,28.726,77.253
2026-06-16,QT-003,WQS-003,WQS-003,DMA-03,Chlorine,mg/L,0.537,0.421,0.651,0,0,Normal,28.717,77.269
2026-06-16,QT-003,WQS-003,WQS-003,DMA-03,Conductivity,uS/cm,692.792,618.1,742.0,0,0,Normal,28.717,77.269
2026-06-16,QT-003,WQS-003,WQS-003,DMA-03,Temperature,C,28.883,27.0,30.8,0,0,Normal,28.717,77.269
2026-06-16,QT-003,WQS-003,WQS-003,DMA-03,Turbidity,NTU,0.939,0.75,1.22,0,0,Normal,28.717,77.269
2026-06-16,QT-003,WQS-003,WQS-003,DMA-03,pH,pH,7.306,7.19,7.47,0,0,Normal,28.717,77.269
2026-06-16,QT-004,WQS-004,WQS-004,DMA-04,Chlorine,mg/L,0.573,0.5,0.707,0,0,Normal,28.705,77.24
2026-06-16,QT-004,WQS-004,WQS-004,DMA-04,Conductivity,uS/cm,675.379,618.0,729.7,0,0,Normal,28.705,77.24
2026-06-16,QT-004,WQS-004,WQS-004,DMA-04,Temperature,C,28.854,27.2,30.8,0,0,Normal,28.705,77.24
2026-06-16,QT-004,WQS-004,WQS-004,DMA-04,Turbidity,NTU,0.948,0.65,1.2,0,0,Normal,28.705,77.24
2026-06-16,QT-004,WQS-004,WQS-004,DMA-04,pH,pH,7.293,7.16,7.43,0,0,Normal,28.705,77.24
2026-06-16,QT-005,WQS-005,WQS-005,DMA-05,Chlorine,mg/L,0.543,0.437,0.636,0,0,Normal,28.712,77.245
2026-06-16,QT-005,WQS-005,WQS-005,DMA-05,Conductivity,uS/cm,683.038,624.4,744.8,0,0,Normal,28.712,77.245
2026-06-16,QT-005,WQS-005,WQS-005,DMA-05,Temperature,C,28.817,27.0,30.5,0,0,Normal,28.712,77.245
2026-06-16,QT-005,WQS-005,WQS-005,DMA-05,Turbidity,NTU,0.916,0.64,1.18,0,0,Normal,28.712,77.245
2026-06-16,QT-005,WQS-005,WQS-005,DMA-05,pH,pH,7.294,7.14,7.39,0,0,Normal,28.712,77.245
2026-06-16,QT-006,WQS-006,WQS-006,DMA-06,Chlorine,mg/L,0.55,0.457,0.655,0,0,Normal,28.731,77.277
2026-06-16,QT-006,WQS-006,WQS-006,DMA-06,Conductivity,uS/cm,678.667,612.4,743.8,0,0,Normal,28.731,77.277
2026-06-16,QT-006,WQS-006,WQS-006,DMA-06,Temperature,C,28.942,27.4,30.5,0,0,Normal,28.731,77.277
2026-06-16,QT-006,WQS-006,WQS-006,DMA-06,Turbidity,NTU,0.891,0.6,1.2,0,0,Normal,28.731,77.277
2026-06-16,QT-006,WQS-006,WQS-006,DMA-06,pH,pH,7.309,7.14,7.42,0,0,Normal,28.731,77.277
2026-06-17,QT-001,WQS-001,WQS-001,DMA-01,Chlorine,mg/L,0.558,0.472,0.639,0,0,Normal,28.738,77.255
2026-06-17,QT-001,WQS-001,WQS-001,DMA-01,Conductivity,uS/cm,675.088,624.8,752.3,0,0,Normal,28.738,77.255
2026-06-17,QT-001,WQS-001,WQS-001,DMA-01,Temperature,C,28.9,27.3,30.5,0,0,Normal,28.738,77.255
2026-06-17,QT-001,WQS-001,WQS-001,DMA-01,Turbidity,NTU,0.893,0.54,1.26,0,0,Normal,28.738,77.255
2026-06-17,QT-001,WQS-001,WQS-001,DMA-01,pH,pH,7.276,7.11,7.44,0,0,Normal,28.738,77.255
2026-06-17,QT-002,WQS-002,WQS-002,DMA-02,Chlorine,mg/L,0.528,0.47,0.635,0,0,Normal,28.726,77.253
2026-06-17,QT-002,WQS-002,WQS-002,DMA-02,Conductivity,uS/cm,676.575,607.2,737.6,0,0,Normal,28.726,77.253
2026-06-17,QT-002,WQS-002,WQS-002,DMA-02,Temperature,C,28.971,27.4,30.6,0,0,Normal,28.726,77.253
2026-06-17,QT-002,WQS-002,WQS-002,DMA-02,Turbidity,NTU,0.868,0.64,1.16,0,0,Normal,28.726,77.253
2026-06-17,QT-002,WQS-002,WQS-002,DMA-02,pH,pH,7.286,7.16,7.43,0,0,Normal,28.726,77.253
2026-06-17,QT-003,WQS-003,WQS-003,DMA-03,Chlorine,mg/L,0.554,0.489,0.665,0,0,Normal,28.717,77.269
2026-06-17,QT-003,WQS-003,WQS-003,DMA-03,Conductivity,uS/cm,684.633,624.9,739.9,0,0,Normal,28.717,77.269
2026-06-17,QT-003,WQS-003,WQS-003,DMA-03,Temperature,C,28.95,27.0,31.0,0,0,Normal,28.717,77.269
2026-06-17,QT-003,WQS-003,WQS-003,DMA-03,Turbidity,NTU,0.896,0.61,1.13,0,0,Normal,28.717,77.269
2026-06-17,QT-003,WQS-003,WQS-003,DMA-03,pH,pH,7.279,7.16,7.46,0,0,Normal,28.717,77.269
2026-06-17,QT-004,WQS-004,WQS-004,DMA-04,Chlorine,mg/L,0.553,0.48,0.632,0,0,Normal,28.705,77.24
2026-06-17,QT-004,WQS-004,WQS-004,DMA-04,Conductivity,uS/cm,691.242,623.8,741.3,0,0,Normal,28.705,77.24
2026-06-17,QT-004,WQS-004,WQS-004,DMA-04,Temperature,C,28.979,27.1,30.8,0,0,Normal,28.705,77.24
2026-06-17,QT-004,WQS-004,WQS-004,DMA-04,Turbidity,NTU,0.855,0.6,1.07,0,0,Normal,28.705,77.24
2026-06-17,QT-004,WQS-004,WQS-004,DMA-04,pH,pH,7.29,7.13,7.47,0,0,Normal,28.705,77.24
2026-06-17,QT-005,WQS-005,WQS-005,DMA-05,Chlorine,mg/L,0.548,0.375,0.631,0,0,Normal,28.712,77.245
2026-06-17,QT-005,WQS-005,WQS-005,DMA-05,Conductivity,uS/cm,674.521,595.0,744.2,0,0,Normal,28.712,77.245
2026-06-17,QT-005,WQS-005,WQS-005,DMA-05,Temperature,C,28.892,27.0,30.8,0,0,Normal,28.712,77.245
2026-06-17,QT-005,WQS-005,WQS-005,DMA-05,Turbidity,NTU,0.92,0.66,1.19,0,0,Normal,28.712,77.245
2026-06-17,QT-005,WQS-005,WQS-005,DMA-05,pH,pH,7.308,7.13,7.45,0,0,Normal,28.712,77.245
2026-06-17,QT-006,WQS-006,WQS-006,DMA-06,Chlorine,mg/L,0.555,0.462,0.66,0,0,Normal,28.731,77.277
2026-06-17,QT-006,WQS-006,WQS-006,DMA-06,Conductivity,uS/cm,673.504,611.8,756.2,0,0,Normal,28.731,77.277
2026-06-17,QT-006,WQS-006,WQS-006,DMA-06,Temperature,C,28.925,27.4,30.5,0,0,Normal,28.731,77.277
2026-06-17,QT-006,WQS-006,WQS-006,DMA-06,Turbidity,NTU,0.859,0.59,1.08,0,0,Normal,28.731,77.277
2026-06-17,QT-006,WQS-006,WQS-006,DMA-06,pH,pH,7.27,7.13,7.44,0,0,Normal,28.731,77.277
2026-06-18,QT-001,WQS-001,WQS-001,DMA-01,Chlorine,mg/L,0.55,0.423,0.677,0,0,Normal,28.738,77.255
2026-06-18,QT-001,WQS-001,WQS-001,DMA-01,Conductivity,uS/cm,671.867,597.2,736.1,0,0,Normal,28.738,77.255
2026-06-18,QT-001,WQS-001,WQS-001,DMA-01,Temperature,C,29.125,27.6,30.8,0,0,Normal,28.738,77.255
2026-06-18,QT-001,WQS-001,WQS-001,DMA-01,Turbidity,NTU,0.918,0.71,1.12,0,0,Normal,28.738,77.255
2026-06-18,QT-001,WQS-001,WQS-001,DMA-01,pH,pH,7.292,7.15,7.43,0,0,Normal,28.738,77.255
2026-06-18,QT-002,WQS-002,WQS-002,DMA-02,Chlorine,mg/L,0.561,0.464,0.66,0,0,Normal,28.726,77.253
2026-06-18,QT-002,WQS-002,WQS-002,DMA-02,Conductivity,uS/cm,678.083,624.4,755.3,0,0,Normal,28.726,77.253
2026-06-18,QT-002,WQS-002,WQS-002,DMA-02,Temperature,C,29.05,27.1,30.8,0,0,Normal,28.726,77.253
2026-06-18,QT-002,WQS-002,WQS-002,DMA-02,Turbidity,NTU,0.847,0.5,1.1,0,0,Normal,28.726,77.253
2026-06-18,QT-002,WQS-002,WQS-002,DMA-02,pH,pH,7.323,7.17,7.54,0,0,Normal,28.726,77.253
2026-06-18,QT-003,WQS-003,WQS-003,DMA-03,Chlorine,mg/L,0.566,0.478,0.679,0,0,Normal,28.717,77.269
2026-06-18,QT-003,WQS-003,WQS-003,DMA-03,Conductivity,uS/cm,687.496,644.2,774.0,0,0,Normal,28.717,77.269
2026-06-18,QT-003,WQS-003,WQS-003,DMA-03,Temperature,C,28.996,27.2,30.6,0,0,Normal,28.717,77.269
2026-06-18,QT-003,WQS-003,WQS-003,DMA-03,Turbidity,NTU,0.876,0.61,1.12,0,0,Normal,28.717,77.269
2026-06-18,QT-003,WQS-003,WQS-003,DMA-03,pH,pH,7.308,7.21,7.45,0,0,Normal,28.717,77.269
2026-06-18,QT-004,WQS-004,WQS-004,DMA-04,Chlorine,mg/L,0.541,0.463,0.681,0,0,Normal,28.705,77.24
2026-06-18,QT-004,WQS-004,WQS-004,DMA-04,Conductivity,uS/cm,684.562,623.9,758.2,0,0,Normal,28.705,77.24
2026-06-18,QT-004,WQS-004,WQS-004,DMA-04,Temperature,C,28.867,27.2,30.4,0,0,Normal,28.705,77.24
2026-06-18,QT-004,WQS-004,WQS-004,DMA-04,Turbidity,NTU,0.884,0.63,1.19,0,0,Normal,28.705,77.24
2026-06-18,QT-004,WQS-004,WQS-004,DMA-04,pH,pH,7.31,7.21,7.44,0,0,Normal,28.705,77.24
2026-06-18,QT-005,WQS-005,WQS-005,DMA-05,Chlorine,mg/L,0.535,0.457,0.676,0,0,Normal,28.712,77.245
2026-06-18,QT-005,WQS-005,WQS-005,DMA-05,Conductivity,uS/cm,682.683,592.4,731.4,0,0,Normal,28.712,77.245
2026-06-18,QT-005,WQS-005,WQS-005,DMA-05,Temperature,C,28.996,27.5,30.6,0,0,Normal,28.712,77.245
2026-06-18,QT-005,WQS-005,WQS-005,DMA-05,Turbidity,NTU,0.939,0.72,1.25,0,0,Normal,28.712,77.245
2026-06-18,QT-005,WQS-005,WQS-005,DMA-05,pH,pH,7.292,7.19,7.45,0,0,Normal,28.712,77.245
2026-06-18,QT-006,WQS-006,WQS-006,DMA-06,Chlorine,mg/L,0.566,0.485,0.674,0,0,Normal,28.731,77.277
2026-06-18,QT-006,WQS-006,WQS-006,DMA-06,Conductivity,uS/cm,681.946,574.3,757.2,0,0,Normal,28.731,77.277
2026-06-18,QT-006,WQS-006,WQS-006,DMA-06,Temperature,C,29.05,27.3,30.7,0,0,Normal,28.731,77.277
2026-06-18,QT-006,WQS-006,WQS-006,DMA-06,Turbidity,NTU,0.902,0.67,1.3,0,0,Normal,28.731,77.277
2026-06-18,QT-006,WQS-006,WQS-006,DMA-06,pH,pH,7.321,7.21,7.45,0,0,Normal,28.731,77.277
2026-06-19,QT-001,WQS-001,WQS-001,DMA-01,Chlorine,mg/L,0.554,0.477,0.651,0,0,Normal,28.738,77.255
2026-06-19,QT-001,WQS-001,WQS-001,DMA-01,Conductivity,uS/cm,691.383,598.0,769.3,0,0,Normal,28.738,77.255
2026-06-19,QT-001,WQS-001,WQS-001,DMA-01,Temperature,C,29.092,27.4,30.7,0,0,Normal,28.738,77.255
2026-06-19,QT-001,WQS-001,WQS-001,DMA-01,Turbidity,NTU,0.92,0.59,1.22,0,0,Normal,28.738,77.255
2026-06-19,QT-001,WQS-001,WQS-001,DMA-01,pH,pH,7.272,7.11,7.45,0,0,Normal,28.738,77.255
2026-06-19,QT-002,WQS-002,WQS-002,DMA-02,Chlorine,mg/L,0.571,0.474,0.648,0,0,Normal,28.726,77.253
2026-06-19,QT-002,WQS-002,WQS-002,DMA-02,Conductivity,uS/cm,689.8,620.1,728.9,0,0,Normal,28.726,77.253
2026-06-19,QT-002,WQS-002,WQS-002,DMA-02,Temperature,C,29.108,27.5,30.7,0,0,Normal,28.726,77.253
2026-06-19,QT-002,WQS-002,WQS-002,DMA-02,Turbidity,NTU,0.843,0.6,1.06,0,0,Normal,28.726,77.253
2026-06-19,QT-002,WQS-002,WQS-002,DMA-02,pH,pH,7.293,7.09,7.52,0,0,Normal,28.726,77.253
2026-06-19,QT-003,WQS-003,WQS-003,DMA-03,Chlorine,mg/L,0.548,0.444,0.628,0,0,Normal,28.717,77.269
2026-06-19,QT-003,WQS-003,WQS-003,DMA-03,Conductivity,uS/cm,690.496,625.3,747.3,0,0,Normal,28.717,77.269
2026-06-19,QT-003,WQS-003,WQS-003,DMA-03,Temperature,C,28.917,27.3,30.5,0,0,Normal,28.717,77.269
2026-06-19,QT-003,WQS-003,WQS-003,DMA-03,Turbidity,NTU,0.949,0.46,1.24,0,0,Normal,28.717,77.269
2026-06-19,QT-003,WQS-003,WQS-003,DMA-03,pH,pH,7.306,7.09,7.46,0,0,Normal,28.717,77.269
2026-06-19,QT-004,WQS-004,WQS-004,DMA-04,Chlorine,mg/L,0.557,0.428,0.663,0,0,Normal,28.705,77.24
2026-06-19,QT-004,WQS-004,WQS-004,DMA-04,Conductivity,uS/cm,677.796,627.5,789.6,0,0,Normal,28.705,77.24
2026-06-19,QT-004,WQS-004,WQS-004,DMA-04,Temperature,C,28.958,27.1,30.6,0,0,Normal,28.705,77.24
2026-06-19,QT-004,WQS-004,WQS-004,DMA-04,Turbidity,NTU,0.908,0.59,1.12,0,0,Normal,28.705,77.24
2026-06-19,QT-004,WQS-004,WQS-004,DMA-04,pH,pH,7.296,7.14,7.5,0,0,Normal,28.705,77.24
2026-06-19,QT-005,WQS-005,WQS-005,DMA-05,Chlorine,mg/L,0.533,0.438,0.646,0,0,Normal,28.712,77.245
2026-06-19,QT-005,WQS-005,WQS-005,DMA-05,Conductivity,uS/cm,678.75,631.8,745.0,0,0,Normal,28.712,77.245
2026-06-19,QT-005,WQS-005,WQS-005,DMA-05,Temperature,C,28.996,27.2,31.3,0,0,Normal,28.712,77.245
2026-06-19,QT-005,WQS-005,WQS-005,DMA-05,Turbidity,NTU,0.916,0.53,1.29,0,0,Normal,28.712,77.245
2026-06-19,QT-005,WQS-005,WQS-005,DMA-05,pH,pH,7.278,7.11,7.54,0,0,Normal,28.712,77.245
2026-06-19,QT-006,WQS-006,WQS-006,DMA-06,Chlorine,mg/L,0.529,0.449,0.608,0,0,Normal,28.731,77.277
2026-06-19,QT-006,WQS-006,WQS-006,DMA-06,Conductivity,uS/cm,659.488,606.9,718.0,0,0,Normal,28.731,77.277
2026-06-19,QT-006,WQS-006,WQS-006,DMA-06,Temperature,C,28.925,26.9,30.9,0,0,Normal,28.731,77.277
2026-06-19,QT-006,WQS-006,WQS-006,DMA-06,Turbidity,NTU,0.909,0.45,1.15,0,0,Normal,28.731,77.277
2026-06-19,QT-006,WQS-006,WQS-006,DMA-06,pH,pH,7.302,7.1,7.51,0,0,Normal,28.731,77.277
2026-06-20,QT-001,WQS-001,WQS-001,DMA-01,Chlorine,mg/L,0.549,0.439,0.701,0,0,Normal,28.738,77.255
2026-06-20,QT-001,WQS-001,WQS-001,DMA-01,Conductivity,uS/cm,683.129,637.5,742.3,0,0,Normal,28.738,77.255
2026-06-20,QT-001,WQS-001,WQS-001,DMA-01,Temperature,C,28.933,27.3,30.5,0,0,Normal,28.738,77.255
2026-06-20,QT-001,WQS-001,WQS-001,DMA-01,Turbidity,NTU,0.909,0.7,1.28,0,0,Normal,28.738,77.255
2026-06-20,QT-001,WQS-001,WQS-001,DMA-01,pH,pH,7.299,7.18,7.44,0,0,Normal,28.738,77.255
2026-06-20,QT-002,WQS-002,WQS-002,DMA-02,Chlorine,mg/L,0.55,0.431,0.648,0,0,Normal,28.726,77.253
2026-06-20,QT-002,WQS-002,WQS-002,DMA-02,Conductivity,uS/cm,681.775,609.3,747.1,0,0,Normal,28.726,77.253
2026-06-20,QT-002,WQS-002,WQS-002,DMA-02,Temperature,C,29.15,27.3,30.9,0,0,Normal,28.726,77.253
2026-06-20,QT-002,WQS-002,WQS-002,DMA-02,Turbidity,NTU,0.894,0.49,1.15,0,0,Normal,28.726,77.253
2026-06-20,QT-002,WQS-002,WQS-002,DMA-02,pH,pH,7.308,7.17,7.47,0,0,Normal,28.726,77.253
2026-06-20,QT-003,WQS-003,WQS-003,DMA-03,Chlorine,mg/L,0.549,0.432,0.634,0,0,Normal,28.717,77.269
2026-06-20,QT-003,WQS-003,WQS-003,DMA-03,Conductivity,uS/cm,666.712,595.8,740.5,0,0,Normal,28.717,77.269
2026-06-20,QT-003,WQS-003,WQS-003,DMA-03,Temperature,C,29.058,27.5,31.2,0,0,Normal,28.717,77.269
2026-06-20,QT-003,WQS-003,WQS-003,DMA-03,Turbidity,NTU,0.886,0.66,1.17,0,0,Normal,28.717,77.269
2026-06-20,QT-003,WQS-003,WQS-003,DMA-03,pH,pH,7.313,7.1,7.48,0,0,Normal,28.717,77.269
2026-06-20,QT-004,WQS-004,WQS-004,DMA-04,Chlorine,mg/L,0.533,0.444,0.687,0,0,Normal,28.705,77.24
2026-06-20,QT-004,WQS-004,WQS-004,DMA-04,Conductivity,uS/cm,680.05,595.0,746.2,0,0,Normal,28.705,77.24
2026-06-20,QT-004,WQS-004,WQS-004,DMA-04,Temperature,C,29.088,27.6,30.8,0,0,Normal,28.705,77.24
2026-06-20,QT-004,WQS-004,WQS-004,DMA-04,Turbidity,NTU,0.941,0.62,1.18,0,0,Normal,28.705,77.24
2026-06-20,QT-004,WQS-004,WQS-004,DMA-04,pH,pH,7.299,7.13,7.45,0,0,Normal,28.705,77.24
2026-06-20,QT-005,WQS-005,WQS-005,DMA-05,Chlorine,mg/L,0.563,0.475,0.641,0,0,Normal,28.712,77.245
2026-06-20,QT-005,WQS-005,WQS-005,DMA-05,Conductivity,uS/cm,678.267,559.1,757.2,0,0,Normal,28.712,77.245
2026-06-20,QT-005,WQS-005,WQS-005,DMA-05,Temperature,C,28.896,27.0,30.5,0,0,Normal,28.712,77.245
2026-06-20,QT-005,WQS-005,WQS-005,DMA-05,Turbidity,NTU,0.849,0.63,1.17,0,0,Normal,28.712,77.245
2026-06-20,QT-005,WQS-005,WQS-005,DMA-05,pH,pH,7.263,7.14,7.42,0,0,Normal,28.712,77.245
2026-06-20,QT-006,WQS-006,WQS-006,DMA-06,Chlorine,mg/L,0.549,0.457,0.671,0,0,Normal,28.731,77.277
2026-06-20,QT-006,WQS-006,WQS-006,DMA-06,Conductivity,uS/cm,693.479,650.1,776.8,0,0,Normal,28.731,77.277
2026-06-20,QT-006,WQS-006,WQS-006,DMA-06,Temperature,C,29.133,27.6,31.1,0,0,Normal,28.731,77.277
2026-06-20,QT-006,WQS-006,WQS-006,DMA-06,Turbidity,NTU,0.853,0.54,1.2,0,0,Normal,28.731,77.277
2026-06-20,QT-006,WQS-006,WQS-006,DMA-06,pH,pH,7.283,7.09,7.43,0,0,Normal,28.731,77.277
2026-06-21,QT-001,WQS-001,WQS-001,DMA-01,Chlorine,mg/L,0.54,0.433,0.65,0,0,Normal,28.738,77.255
2026-06-21,QT-001,WQS-001,WQS-001,DMA-01,Conductivity,uS/cm,695.738,621.5,745.0,0,0,Normal,28.738,77.255
2026-06-21,QT-001,WQS-001,WQS-001,DMA-01,Temperature,C,29.071,27.4,30.9,0,0,Normal,28.738,77.255
2026-06-21,QT-001,WQS-001,WQS-001,DMA-01,Turbidity,NTU,0.927,0.56,1.25,0,0,Normal,28.738,77.255
2026-06-21,QT-001,WQS-001,WQS-001,DMA-01,pH,pH,7.332,7.21,7.49,0,0,Normal,28.738,77.255
2026-06-21,QT-002,WQS-002,WQS-002,DMA-02,Chlorine,mg/L,0.56,0.483,0.663,0,0,Normal,28.726,77.253
2026-06-21,QT-002,WQS-002,WQS-002,DMA-02,Conductivity,uS/cm,670.942,624.4,718.2,0,0,Normal,28.726,77.253
2026-06-21,QT-002,WQS-002,WQS-002,DMA-02,Temperature,C,29.079,27.2,30.8,0,0,Normal,28.726,77.253
2026-06-21,QT-002,WQS-002,WQS-002,DMA-02,Turbidity,NTU,0.928,0.65,1.18,0,0,Normal,28.726,77.253
2026-06-21,QT-002,WQS-002,WQS-002,DMA-02,pH,pH,7.316,7.17,7.46,0,0,Normal,28.726,77.253
2026-06-21,QT-003,WQS-003,WQS-003,DMA-03,Chlorine,mg/L,0.554,0.442,0.61,0,0,Normal,28.717,77.269
2026-06-21,QT-003,WQS-003,WQS-003,DMA-03,Conductivity,uS/cm,676.221,618.6,730.5,0,0,Normal,28.717,77.269
2026-06-21,QT-003,WQS-003,WQS-003,DMA-03,Temperature,C,29.029,27.3,30.8,0,0,Normal,28.717,77.269
2026-06-21,QT-003,WQS-003,WQS-003,DMA-03,Turbidity,NTU,0.886,0.64,1.19,0,0,Normal,28.717,77.269
2026-06-21,QT-003,WQS-003,WQS-003,DMA-03,pH,pH,7.301,7.15,7.51,0,0,Normal,28.717,77.269
2026-06-21,QT-004,WQS-004,WQS-004,DMA-04,Chlorine,mg/L,0.541,0.435,0.641,0,0,Normal,28.705,77.24
2026-06-21,QT-004,WQS-004,WQS-004,DMA-04,Conductivity,uS/cm,679.433,609.6,741.0,0,0,Normal,28.705,77.24
2026-06-21,QT-004,WQS-004,WQS-004,DMA-04,Temperature,C,29.05,27.3,30.7,0,0,Normal,28.705,77.24
2026-06-21,QT-004,WQS-004,WQS-004,DMA-04,Turbidity,NTU,0.911,0.55,1.23,0,0,Normal,28.705,77.24
2026-06-21,QT-004,WQS-004,WQS-004,DMA-04,pH,pH,7.286,7.11,7.42,0,0,Normal,28.705,77.24
2026-06-21,QT-005,WQS-005,WQS-005,DMA-05,Chlorine,mg/L,0.555,0.485,0.653,0,0,Normal,28.712,77.245
2026-06-21,QT-005,WQS-005,WQS-005,DMA-05,Conductivity,uS/cm,674.546,609.0,748.4,0,0,Normal,28.712,77.245
2026-06-21,QT-005,WQS-005,WQS-005,DMA-05,Temperature,C,29.075,27.3,30.7,0,0,Normal,28.712,77.245
2026-06-21,QT-005,WQS-005,WQS-005,DMA-05,Turbidity,NTU,0.914,0.59,1.17,0,0,Normal,28.712,77.245
2026-06-21,QT-005,WQS-005,WQS-005,DMA-05,pH,pH,7.312,7.2,7.46,0,0,Normal,28.712,77.245
2026-06-21,QT-006,WQS-006,WQS-006,DMA-06,Chlorine,mg/L,0.541,0.465,0.595,0,0,Normal,28.731,77.277
2026-06-21,QT-006,WQS-006,WQS-006,DMA-06,Conductivity,uS/cm,669.208,615.5,726.2,0,0,Normal,28.731,77.277
2026-06-21,QT-006,WQS-006,WQS-006,DMA-06,Temperature,C,29.104,27.4,30.7,0,0,Normal,28.731,77.277
2026-06-21,QT-006,WQS-006,WQS-006,DMA-06,Turbidity,NTU,0.917,0.69,1.09,0,0,Normal,28.731,77.277
2026-06-21,QT-006,WQS-006,WQS-006,DMA-06,pH,pH,7.256,7.12,7.43,0,0,Normal,28.731,77.277
2026-06-22,QT-001,WQS-001,WQS-001,DMA-01,Chlorine,mg/L,0.565,0.424,0.673,0,0,Normal,28.738,77.255
2026-06-22,QT-001,WQS-001,WQS-001,DMA-01,Conductivity,uS/cm,686.988,618.0,771.3,0,0,Normal,28.738,77.255
2026-06-22,QT-001,WQS-001,WQS-001,DMA-01,Temperature,C,29.121,27.6,31.0,0,0,Normal,28.738,77.255
2026-06-22,QT-001,WQS-001,WQS-001,DMA-01,Turbidity,NTU,0.909,0.58,1.11,0,0,Normal,28.738,77.255
2026-06-22,QT-001,WQS-001,WQS-001,DMA-01,pH,pH,7.289,7.13,7.45,0,0,Normal,28.738,77.255
2026-06-22,QT-002,WQS-002,WQS-002,DMA-02,Chlorine,mg/L,0.562,0.464,0.692,0,0,Normal,28.726,77.253
2026-06-22,QT-002,WQS-002,WQS-002,DMA-02,Conductivity,uS/cm,681.742,571.7,764.2,0,0,Normal,28.726,77.253
2026-06-22,QT-002,WQS-002,WQS-002,DMA-02,Temperature,C,29.112,27.6,31.0,0,0,Normal,28.726,77.253
2026-06-22,QT-002,WQS-002,WQS-002,DMA-02,Turbidity,NTU,0.904,0.57,1.11,0,0,Normal,28.726,77.253
2026-06-22,QT-002,WQS-002,WQS-002,DMA-02,pH,pH,7.309,7.16,7.45,0,0,Normal,28.726,77.253
2026-06-22,QT-003,WQS-003,WQS-003,DMA-03,Chlorine,mg/L,0.537,0.474,0.624,0,0,Normal,28.717,77.269
2026-06-22,QT-003,WQS-003,WQS-003,DMA-03,Conductivity,uS/cm,683.517,614.3,757.7,0,0,Normal,28.717,77.269
2026-06-22,QT-003,WQS-003,WQS-003,DMA-03,Temperature,C,29.133,27.2,31.3,0,0,Normal,28.717,77.269
2026-06-22,QT-003,WQS-003,WQS-003,DMA-03,Turbidity,NTU,0.953,0.59,1.3,0,0,Normal,28.717,77.269
2026-06-22,QT-003,WQS-003,WQS-003,DMA-03,pH,pH,7.319,7.16,7.41,0,0,Normal,28.717,77.269
2026-06-22,QT-004,WQS-004,WQS-004,DMA-04,Chlorine,mg/L,0.546,0.383,0.653,0,0,Normal,28.705,77.24
2026-06-22,QT-004,WQS-004,WQS-004,DMA-04,Conductivity,uS/cm,678.812,582.2,735.2,0,0,Normal,28.705,77.24
2026-06-22,QT-004,WQS-004,WQS-004,DMA-04,Temperature,C,29.2,27.4,30.8,0,0,Normal,28.705,77.24
2026-06-22,QT-004,WQS-004,WQS-004,DMA-04,Turbidity,NTU,0.901,0.59,1.21,0,0,Normal,28.705,77.24
2026-06-22,QT-004,WQS-004,WQS-004,DMA-04,pH,pH,7.308,7.14,7.45,0,0,Normal,28.705,77.24
2026-06-22,QT-005,WQS-005,WQS-005,DMA-05,Chlorine,mg/L,0.546,0.493,0.626,0,0,Normal,28.712,77.245
2026-06-22,QT-005,WQS-005,WQS-005,DMA-05,Conductivity,uS/cm,675.125,618.6,731.0,0,0,Normal,28.712,77.245
2026-06-22,QT-005,WQS-005,WQS-005,DMA-05,Temperature,C,29.179,27.4,30.8,0,0,Normal,28.712,77.245
2026-06-22,QT-005,WQS-005,WQS-005,DMA-05,Turbidity,NTU,0.892,0.59,1.19,0,0,Normal,28.712,77.245
2026-06-22,QT-005,WQS-005,WQS-005,DMA-05,pH,pH,7.326,7.16,7.47,0,0,Normal,28.712,77.245
2026-06-22,QT-006,WQS-006,WQS-006,DMA-06,Chlorine,mg/L,0.566,0.508,0.655,0,0,Normal,28.731,77.277
2026-06-22,QT-006,WQS-006,WQS-006,DMA-06,Conductivity,uS/cm,688.996,613.8,749.1,0,0,Normal,28.731,77.277
2026-06-22,QT-006,WQS-006,WQS-006,DMA-06,Temperature,C,29.121,27.5,30.9,0,0,Normal,28.731,77.277
2026-06-22,QT-006,WQS-006,WQS-006,DMA-06,Turbidity,NTU,0.898,0.67,1.16,0,0,Normal,28.731,77.277
2026-06-22,QT-006,WQS-006,WQS-006,DMA-06,pH,pH,7.275,7.13,7.45,0,0,Normal,28.731,77.277
2026-06-23,QT-001,WQS-001,WQS-001,DMA-01,Chlorine,mg/L,0.551,0.454,0.657,0,0,Normal,28.738,77.255
2026-06-23,QT-001,WQS-001,WQS-001,DMA-01,Conductivity,uS/cm,675.696,630.4,750.4,0,0,Normal,28.738,77.255
2026-06-23,QT-001,WQS-001,WQS-001,DMA-01,Temperature,C,29.192,27.6,30.9,0,0,Normal,28.738,77.255
2026-06-23,QT-001,WQS-001,WQS-001,DMA-01,Turbidity,NTU,0.901,0.67,1.11,0,0,Normal,28.738,77.255
2026-06-23,QT-001,WQS-001,WQS-001,DMA-01,pH,pH,7.3,7.11,7.43,0,0,Normal,28.738,77.255
2026-06-23,QT-002,WQS-002,WQS-002,DMA-02,Chlorine,mg/L,0.553,0.458,0.643,0,0,Normal,28.726,77.253
2026-06-23,QT-002,WQS-002,WQS-002,DMA-02,Conductivity,uS/cm,674.133,579.0,757.3,0,0,Normal,28.726,77.253
2026-06-23,QT-002,WQS-002,WQS-002,DMA-02,Temperature,C,29.104,27.5,31.0,0,0,Normal,28.726,77.253
2026-06-23,QT-002,WQS-002,WQS-002,DMA-02,Turbidity,NTU,0.872,0.52,1.24,0,0,Normal,28.726,77.253
2026-06-23,QT-002,WQS-002,WQS-002,DMA-02,pH,pH,7.245,7.13,7.39,0,0,Normal,28.726,77.253
2026-06-23,QT-003,WQS-003,WQS-003,DMA-03,Chlorine,mg/L,0.547,0.448,0.646,0,0,Normal,28.717,77.269
2026-06-23,QT-003,WQS-003,WQS-003,DMA-03,Conductivity,uS/cm,688.396,638.5,757.0,0,0,Normal,28.717,77.269
2026-06-23,QT-003,WQS-003,WQS-003,DMA-03,Temperature,C,29.196,27.2,30.7,0,0,Normal,28.717,77.269
2026-06-23,QT-003,WQS-003,WQS-003,DMA-03,Turbidity,NTU,0.889,0.7,1.15,0,0,Normal,28.717,77.269
2026-06-23,QT-003,WQS-003,WQS-003,DMA-03,pH,pH,7.288,7.13,7.42,0,0,Normal,28.717,77.269
2026-06-23,QT-004,WQS-004,WQS-004,DMA-04,Chlorine,mg/L,0.554,0.437,0.635,0,0,Normal,28.705,77.24
2026-06-23,QT-004,WQS-004,WQS-004,DMA-04,Conductivity,uS/cm,676.296,620.1,755.5,0,0,Normal,28.705,77.24
2026-06-23,QT-004,WQS-004,WQS-004,DMA-04,Temperature,C,29.104,27.3,30.7,0,0,Normal,28.705,77.24
2026-06-23,QT-004,WQS-004,WQS-004,DMA-04,Turbidity,NTU,0.836,0.54,1.27,0,0,Normal,28.705,77.24
2026-06-23,QT-004,WQS-004,WQS-004,DMA-04,pH,pH,7.284,7.13,7.4,0,0,Normal,28.705,77.24
2026-06-23,QT-005,WQS-005,WQS-005,DMA-05,Chlorine,mg/L,0.552,0.476,0.628,0,0,Normal,28.712,77.245
2026-06-23,QT-005,WQS-005,WQS-005,DMA-05,Conductivity,uS/cm,668.654,610.7,720.9,0,0,Normal,28.712,77.245
2026-06-23,QT-005,WQS-005,WQS-005,DMA-05,Temperature,C,29.183,27.3,30.8,0,0,Normal,28.712,77.245
2026-06-23,QT-005,WQS-005,WQS-005,DMA-05,Turbidity,NTU,0.898,0.63,1.24,0,0,Normal,28.712,77.245
2026-06-23,QT-005,WQS-005,WQS-005,DMA-05,pH,pH,7.298,7.16,7.5,0,0,Normal,28.712,77.245
2026-06-23,QT-006,WQS-006,WQS-006,DMA-06,Chlorine,mg/L,0.563,0.463,0.647,0,0,Normal,28.731,77.277
2026-06-23,QT-006,WQS-006,WQS-006,DMA-06,Conductivity,uS/cm,674.3,614.2,726.8,0,0,Normal,28.731,77.277
2026-06-23,QT-006,WQS-006,WQS-006,DMA-06,Temperature,C,29.083,27.3,30.9,0,0,Normal,28.731,77.277
2026-06-23,QT-006,WQS-006,WQS-006,DMA-06,Turbidity,NTU,0.88,0.56,1.22,0,0,Normal,28.731,77.277
2026-06-23,QT-006,WQS-006,WQS-006,DMA-06,pH,pH,7.31,7.13,7.45,0,0,Normal,28.731,77.277
2026-06-24,QT-001,WQS-001,WQS-001,DMA-01,Chlorine,mg/L,0.563,0.455,0.7,0,0,Normal,28.738,77.255
2026-06-24,QT-001,WQS-001,WQS-001,DMA-01,Conductivity,uS/cm,689.75,615.4,764.2,0,0,Normal,28.738,77.255
2026-06-24,QT-001,WQS-001,WQS-001,DMA-01,Temperature,C,29.333,27.5,31.0,0,0,Normal,28.738,77.255
2026-06-24,QT-001,WQS-001,WQS-001,DMA-01,Turbidity,NTU,0.92,0.74,1.26,0,0,Normal,28.738,77.255
2026-06-24,QT-001,WQS-001,WQS-001,DMA-01,pH,pH,7.283,7.16,7.39,0,0,Normal,28.738,77.255
2026-06-24,QT-002,WQS-002,WQS-002,DMA-02,Chlorine,mg/L,0.552,0.459,0.63,0,0,Normal,28.726,77.253
2026-06-24,QT-002,WQS-002,WQS-002,DMA-02,Conductivity,uS/cm,691.829,621.9,785.3,0,0,Normal,28.726,77.253
2026-06-24,QT-002,WQS-002,WQS-002,DMA-02,Temperature,C,29.188,27.2,31.0,0,0,Normal,28.726,77.253
2026-06-24,QT-002,WQS-002,WQS-002,DMA-02,Turbidity,NTU,0.852,0.61,1.15,0,0,Normal,28.726,77.253
2026-06-24,QT-002,WQS-002,WQS-002,DMA-02,pH,pH,7.3,7.06,7.42,0,0,Normal,28.726,77.253
2026-06-24,QT-003,WQS-003,WQS-003,DMA-03,Chlorine,mg/L,0.548,0.436,0.645,0,0,Normal,28.717,77.269
2026-06-24,QT-003,WQS-003,WQS-003,DMA-03,Conductivity,uS/cm,683.55,618.3,732.3,0,0,Normal,28.717,77.269
2026-06-24,QT-003,WQS-003,WQS-003,DMA-03,Temperature,C,29.167,27.4,31.3,0,0,Normal,28.717,77.269
2026-06-24,QT-003,WQS-003,WQS-003,DMA-03,Turbidity,NTU,0.886,0.67,1.39,0,0,Normal,28.717,77.269
2026-06-24,QT-003,WQS-003,WQS-003,DMA-03,pH,pH,7.282,7.07,7.47,0,0,Normal,28.717,77.269
2026-06-24,QT-004,WQS-004,WQS-004,DMA-04,Chlorine,mg/L,0.568,0.47,0.697,0,0,Normal,28.705,77.24
2026-06-24,QT-004,WQS-004,WQS-004,DMA-04,Conductivity,uS/cm,678.658,618.8,746.9,0,0,Normal,28.705,77.24
2026-06-24,QT-004,WQS-004,WQS-004,DMA-04,Temperature,C,29.275,27.7,31.1,0,0,Normal,28.705,77.24
2026-06-24,QT-004,WQS-004,WQS-004,DMA-04,Turbidity,NTU,0.879,0.71,1.1,0,0,Normal,28.705,77.24
2026-06-24,QT-004,WQS-004,WQS-004,DMA-04,pH,pH,7.293,7.13,7.46,0,0,Normal,28.705,77.24
2026-06-24,QT-005,WQS-005,WQS-005,DMA-05,Chlorine,mg/L,0.54,0.396,0.683,0,0,Normal,28.712,77.245
2026-06-24,QT-005,WQS-005,WQS-005,DMA-05,Conductivity,uS/cm,681.429,626.2,724.8,0,0,Normal,28.712,77.245
2026-06-24,QT-005,WQS-005,WQS-005,DMA-05,Temperature,C,29.138,27.3,30.7,0,0,Normal,28.712,77.245
2026-06-24,QT-005,WQS-005,WQS-005,DMA-05,Turbidity,NTU,0.88,0.63,1.44,0,0,Normal,28.712,77.245
2026-06-24,QT-005,WQS-005,WQS-005,DMA-05,pH,pH,7.31,7.2,7.45,0,0,Normal,28.712,77.245
2026-06-24,QT-006,WQS-006,WQS-006,DMA-06,Chlorine,mg/L,0.558,0.459,0.68,0,0,Normal,28.731,77.277
2026-06-24,QT-006,WQS-006,WQS-006,DMA-06,Conductivity,uS/cm,686.4,629.5,781.4,0,0,Normal,28.731,77.277
2026-06-24,QT-006,WQS-006,WQS-006,DMA-06,Temperature,C,29.242,27.2,30.9,0,0,Normal,28.731,77.277
2026-06-24,QT-006,WQS-006,WQS-006,DMA-06,Turbidity,NTU,0.91,0.53,1.13,0,0,Normal,28.731,77.277
2026-06-24,QT-006,WQS-006,WQS-006,DMA-06,pH,pH,7.285,6.94,7.4,0,0,Normal,28.731,77.277
2026-06-25,QT-001,WQS-001,WQS-001,DMA-01,Chlorine,mg/L,0.544,0.465,0.607,0,0,Normal,28.738,77.255
2026-06-25,QT-001,WQS-001,WQS-001,DMA-01,Conductivity,uS/cm,677.246,617.0,758.6,0,0,Normal,28.738,77.255
2026-06-25,QT-001,WQS-001,WQS-001,DMA-01,Temperature,C,29.271,27.4,31.0,0,0,Normal,28.738,77.255
2026-06-25,QT-001,WQS-001,WQS-001,DMA-01,Turbidity,NTU,0.883,0.47,1.24,0,0,Normal,28.738,77.255
2026-06-25,QT-001,WQS-001,WQS-001,DMA-01,pH,pH,7.304,7.15,7.45,0,0,Normal,28.738,77.255
2026-06-25,QT-002,WQS-002,WQS-002,DMA-02,Chlorine,mg/L,0.558,0.491,0.637,0,0,Normal,28.726,77.253
2026-06-25,QT-002,WQS-002,WQS-002,DMA-02,Conductivity,uS/cm,694.046,625.8,764.7,0,0,Normal,28.726,77.253
2026-06-25,QT-002,WQS-002,WQS-002,DMA-02,Temperature,C,29.213,27.6,30.9,0,0,Normal,28.726,77.253
2026-06-25,QT-002,WQS-002,WQS-002,DMA-02,Turbidity,NTU,0.885,0.61,1.28,0,0,Normal,28.726,77.253
2026-06-25,QT-002,WQS-002,WQS-002,DMA-02,pH,pH,7.292,7.09,7.42,0,0,Normal,28.726,77.253
2026-06-25,QT-003,WQS-003,WQS-003,DMA-03,Chlorine,mg/L,0.548,0.378,0.655,0,0,Normal,28.717,77.269
2026-06-25,QT-003,WQS-003,WQS-003,DMA-03,Conductivity,uS/cm,672.954,607.1,736.6,0,0,Normal,28.717,77.269
2026-06-25,QT-003,WQS-003,WQS-003,DMA-03,Temperature,C,29.258,27.3,31.5,0,0,Normal,28.717,77.269
2026-06-25,QT-003,WQS-003,WQS-003,DMA-03,Turbidity,NTU,0.869,0.69,1.05,0,0,Normal,28.717,77.269
2026-06-25,QT-003,WQS-003,WQS-003,DMA-03,pH,pH,7.319,7.17,7.57,0,0,Normal,28.717,77.269
2026-06-25,QT-004,WQS-004,WQS-004,DMA-04,Chlorine,mg/L,0.549,0.454,0.667,0,0,Normal,28.705,77.24
2026-06-25,QT-004,WQS-004,WQS-004,DMA-04,Conductivity,uS/cm,684.908,635.4,756.8,0,0,Normal,28.705,77.24
2026-06-25,QT-004,WQS-004,WQS-004,DMA-04,Temperature,C,29.296,27.3,31.1,0,0,Normal,28.705,77.24
2026-06-25,QT-004,WQS-004,WQS-004,DMA-04,Turbidity,NTU,0.87,0.59,1.22,0,0,Normal,28.705,77.24
2026-06-25,QT-004,WQS-004,WQS-004,DMA-04,pH,pH,7.297,7.09,7.49,0,0,Normal,28.705,77.24
2026-06-25,QT-005,WQS-005,WQS-005,DMA-05,Chlorine,mg/L,0.549,0.427,0.654,0,0,Normal,28.712,77.245
2026-06-25,QT-005,WQS-005,WQS-005,DMA-05,Conductivity,uS/cm,682.292,567.3,773.7,0,0,Normal,28.712,77.245
2026-06-25,QT-005,WQS-005,WQS-005,DMA-05,Temperature,C,29.129,27.4,30.8,0,0,Normal,28.712,77.245
2026-06-25,QT-005,WQS-005,WQS-005,DMA-05,Turbidity,NTU,0.927,0.48,1.21,0,0,Normal,28.712,77.245
2026-06-25,QT-005,WQS-005,WQS-005,DMA-05,pH,pH,7.268,7.11,7.46,0,0,Normal,28.712,77.245
2026-06-25,QT-006,WQS-006,WQS-006,DMA-06,Chlorine,mg/L,0.558,0.466,0.627,0,0,Normal,28.731,77.277
2026-06-25,QT-006,WQS-006,WQS-006,DMA-06,Conductivity,uS/cm,680.629,609.4,768.7,0,0,Normal,28.731,77.277
2026-06-25,QT-006,WQS-006,WQS-006,DMA-06,Temperature,C,29.246,27.5,31.0,0,0,Normal,28.731,77.277
2026-06-25,QT-006,WQS-006,WQS-006,DMA-06,Turbidity,NTU,0.909,0.62,1.29,0,0,Normal,28.731,77.277
2026-06-25,QT-006,WQS-006,WQS-006,DMA-06,pH,pH,7.306,7.1,7.46,0,0,Normal,28.731,77.277
2026-06-26,QT-001,WQS-001,WQS-001,DMA-01,Chlorine,mg/L,0.544,0.396,0.616,0,0,Normal,28.738,77.255
2026-06-26,QT-001,WQS-001,WQS-001,DMA-01,Conductivity,uS/cm,671.117,613.5,753.9,0,0,Normal,28.738,77.255
2026-06-26,QT-001,WQS-001,WQS-001,DMA-01,Temperature,C,29.275,27.6,30.9,0,0,Normal,28.738,77.255
2026-06-26,QT-001,WQS-001,WQS-001,DMA-01,Turbidity,NTU,0.91,0.63,1.15,0,0,Normal,28.738,77.255
2026-06-26,QT-001,WQS-001,WQS-001,DMA-01,pH,pH,7.288,7.13,7.45,0,0,Normal,28.738,77.255
2026-06-26,QT-002,WQS-002,WQS-002,DMA-02,Chlorine,mg/L,0.541,0.457,0.629,0,0,Normal,28.726,77.253
2026-06-26,QT-002,WQS-002,WQS-002,DMA-02,Conductivity,uS/cm,672.038,611.6,725.8,0,0,Normal,28.726,77.253
2026-06-26,QT-002,WQS-002,WQS-002,DMA-02,Temperature,C,29.367,27.4,31.2,0,0,Normal,28.726,77.253
2026-06-26,QT-002,WQS-002,WQS-002,DMA-02,Turbidity,NTU,0.89,0.6,1.27,0,0,Normal,28.726,77.253
2026-06-26,QT-002,WQS-002,WQS-002,DMA-02,pH,pH,7.3,7.18,7.41,0,0,Normal,28.726,77.253
2026-06-26,QT-003,WQS-003,WQS-003,DMA-03,Chlorine,mg/L,0.544,0.45,0.645,0,0,Normal,28.717,77.269
2026-06-26,QT-003,WQS-003,WQS-003,DMA-03,Conductivity,uS/cm,676.258,613.5,725.6,0,0,Normal,28.717,77.269
2026-06-26,QT-003,WQS-003,WQS-003,DMA-03,Temperature,C,29.271,27.4,31.1,0,0,Normal,28.717,77.269
2026-06-26,QT-003,WQS-003,WQS-003,DMA-03,Turbidity,NTU,0.944,0.66,1.21,0,0,Normal,28.717,77.269
2026-06-26,QT-003,WQS-003,WQS-003,DMA-03,pH,pH,7.285,7.12,7.43,0,0,Normal,28.717,77.269
2026-06-26,QT-004,WQS-004,WQS-004,DMA-04,Chlorine,mg/L,0.543,0.462,0.598,0,0,Normal,28.705,77.24
2026-06-26,QT-004,WQS-004,WQS-004,DMA-04,Conductivity,uS/cm,677.688,622.4,728.6,0,0,Normal,28.705,77.24
2026-06-26,QT-004,WQS-004,WQS-004,DMA-04,Temperature,C,29.308,27.3,31.2,0,0,Normal,28.705,77.24
2026-06-26,QT-004,WQS-004,WQS-004,DMA-04,Turbidity,NTU,0.9,0.66,1.14,0,0,Normal,28.705,77.24
2026-06-26,QT-004,WQS-004,WQS-004,DMA-04,pH,pH,7.295,7.09,7.45,0,0,Normal,28.705,77.24
2026-06-26,QT-005,WQS-005,WQS-005,DMA-05,Chlorine,mg/L,0.537,0.402,0.663,0,0,Normal,28.712,77.245
2026-06-26,QT-005,WQS-005,WQS-005,DMA-05,Conductivity,uS/cm,672.892,614.2,721.6,0,0,Normal,28.712,77.245
2026-06-26,QT-005,WQS-005,WQS-005,DMA-05,Temperature,C,29.3,27.7,30.7,0,0,Normal,28.712,77.245
2026-06-26,QT-005,WQS-005,WQS-005,DMA-05,Turbidity,NTU,0.9,0.52,1.29,0,0,Normal,28.712,77.245
2026-06-26,QT-005,WQS-005,WQS-005,DMA-05,pH,pH,7.32,7.16,7.44,0,0,Normal,28.712,77.245
2026-06-26,QT-006,WQS-006,WQS-006,DMA-06,Chlorine,mg/L,0.552,0.431,0.66,0,0,Normal,28.731,77.277
2026-06-26,QT-006,WQS-006,WQS-006,DMA-06,Conductivity,uS/cm,672.817,610.2,767.5,0,0,Normal,28.731,77.277
2026-06-26,QT-006,WQS-006,WQS-006,DMA-06,Temperature,C,29.262,27.6,31.2,0,0,Normal,28.731,77.277
2026-06-26,QT-006,WQS-006,WQS-006,DMA-06,Turbidity,NTU,0.95,0.51,1.27,0,0,Normal,28.731,77.277
2026-06-26,QT-006,WQS-006,WQS-006,DMA-06,pH,pH,7.305,7.18,7.44,0,0,Normal,28.731,77.277
2026-06-27,QT-001,WQS-001,WQS-001,DMA-01,Chlorine,mg/L,0.553,0.468,0.67,0,0,Normal,28.738,77.255
2026-06-27,QT-001,WQS-001,WQS-001,DMA-01,Conductivity,uS/cm,679.071,612.7,748.8,0,0,Normal,28.738,77.255
2026-06-27,QT-001,WQS-001,WQS-001,DMA-01,Temperature,C,29.425,27.6,31.2,0,0,Normal,28.738,77.255
2026-06-27,QT-001,WQS-001,WQS-001,DMA-01,Turbidity,NTU,0.933,0.72,1.13,0,0,Normal,28.738,77.255
2026-06-27,QT-001,WQS-001,WQS-001,DMA-01,pH,pH,7.312,7.16,7.47,0,0,Normal,28.738,77.255
2026-06-27,QT-002,WQS-002,WQS-002,DMA-02,Chlorine,mg/L,0.556,0.439,0.623,0,0,Normal,28.726,77.253
2026-06-27,QT-002,WQS-002,WQS-002,DMA-02,Conductivity,uS/cm,683.829,632.7,758.0,0,0,Normal,28.726,77.253
2026-06-27,QT-002,WQS-002,WQS-002,DMA-02,Temperature,C,29.375,27.8,31.2,0,0,Normal,28.726,77.253
2026-06-27,QT-002,WQS-002,WQS-002,DMA-02,Turbidity,NTU,0.848,0.55,1.07,0,0,Normal,28.726,77.253
2026-06-27,QT-002,WQS-002,WQS-002,DMA-02,pH,pH,7.266,7.14,7.43,0,0,Normal,28.726,77.253
2026-06-27,QT-003,WQS-003,WQS-003,DMA-03,Chlorine,mg/L,0.553,0.454,0.632,0,0,Normal,28.717,77.269
2026-06-27,QT-003,WQS-003,WQS-003,DMA-03,Conductivity,uS/cm,683.696,635.2,734.4,0,0,Normal,28.717,77.269
2026-06-27,QT-003,WQS-003,WQS-003,DMA-03,Temperature,C,29.354,27.5,31.1,0,0,Normal,28.717,77.269
2026-06-27,QT-003,WQS-003,WQS-003,DMA-03,Turbidity,NTU,0.895,0.53,1.09,0,0,Normal,28.717,77.269
2026-06-27,QT-003,WQS-003,WQS-003,DMA-03,pH,pH,7.305,7.17,7.42,0,0,Normal,28.717,77.269
2026-06-27,QT-004,WQS-004,WQS-004,DMA-04,Chlorine,mg/L,0.544,0.464,0.608,0,0,Normal,28.705,77.24
2026-06-27,QT-004,WQS-004,WQS-004,DMA-04,Conductivity,uS/cm,690.767,639.8,753.8,0,0,Normal,28.705,77.24
2026-06-27,QT-004,WQS-004,WQS-004,DMA-04,Temperature,C,29.4,27.7,31.3,0,0,Normal,28.705,77.24
2026-06-27,QT-004,WQS-004,WQS-004,DMA-04,Turbidity,NTU,0.909,0.65,1.24,0,0,Normal,28.705,77.24
2026-06-27,QT-004,WQS-004,WQS-004,DMA-04,pH,pH,7.328,7.18,7.52,0,0,Normal,28.705,77.24
2026-06-27,QT-005,WQS-005,WQS-005,DMA-05,Chlorine,mg/L,0.54,0.453,0.675,0,0,Normal,28.712,77.245
2026-06-27,QT-005,WQS-005,WQS-005,DMA-05,Conductivity,uS/cm,677.525,594.2,766.8,0,0,Normal,28.712,77.245
2026-06-27,QT-005,WQS-005,WQS-005,DMA-05,Temperature,C,29.421,27.4,31.1,0,0,Normal,28.712,77.245
2026-06-27,QT-005,WQS-005,WQS-005,DMA-05,Turbidity,NTU,0.853,0.57,1.08,0,0,Normal,28.712,77.245
2026-06-27,QT-005,WQS-005,WQS-005,DMA-05,pH,pH,7.28,7.15,7.39,0,0,Normal,28.712,77.245
2026-06-27,QT-006,WQS-006,WQS-006,DMA-06,Chlorine,mg/L,0.55,0.432,0.618,0,0,Normal,28.731,77.277
2026-06-27,QT-006,WQS-006,WQS-006,DMA-06,Conductivity,uS/cm,679.029,619.2,733.6,0,0,Normal,28.731,77.277
2026-06-27,QT-006,WQS-006,WQS-006,DMA-06,Temperature,C,29.429,27.9,31.1,0,0,Normal,28.731,77.277
2026-06-27,QT-006,WQS-006,WQS-006,DMA-06,Turbidity,NTU,0.962,0.76,1.23,0,0,Normal,28.731,77.277
2026-06-27,QT-006,WQS-006,WQS-006,DMA-06,pH,pH,7.307,7.19,7.43,0,0,Normal,28.731,77.277
2026-06-28,QT-001,WQS-001,WQS-001,DMA-01,Chlorine,mg/L,0.542,0.445,0.616,0,0,Normal,28.738,77.255
2026-06-28,QT-001,WQS-001,WQS-001,DMA-01,Conductivity,uS/cm,679.129,636.6,740.3,0,0,Normal,28.738,77.255
2026-06-28,QT-001,WQS-001,WQS-001,DMA-01,Temperature,C,29.442,27.7,31.6,0,0,Normal,28.738,77.255
2026-06-28,QT-001,WQS-001,WQS-001,DMA-01,Turbidity,NTU,0.905,0.57,1.27,0,0,Normal,28.738,77.255
2026-06-28,QT-001,WQS-001,WQS-001,DMA-01,pH,pH,7.314,7.19,7.41,0,0,Normal,28.738,77.255
2026-06-28,QT-002,WQS-002,WQS-002,DMA-02,Chlorine,mg/L,0.561,0.448,0.656,0,0,Normal,28.726,77.253
2026-06-28,QT-002,WQS-002,WQS-002,DMA-02,Conductivity,uS/cm,674.262,589.6,733.5,0,0,Normal,28.726,77.253
2026-06-28,QT-002,WQS-002,WQS-002,DMA-02,Temperature,C,29.333,27.9,31.3,0,0,Normal,28.726,77.253
2026-06-28,QT-002,WQS-002,WQS-002,DMA-02,Turbidity,NTU,0.91,0.65,1.14,0,0,Normal,28.726,77.253
2026-06-28,QT-002,WQS-002,WQS-002,DMA-02,pH,pH,7.308,7.16,7.46,0,0,Normal,28.726,77.253
2026-06-28,QT-003,WQS-003,WQS-003,DMA-03,Chlorine,mg/L,0.545,0.438,0.671,0,0,Normal,28.717,77.269
2026-06-28,QT-003,WQS-003,WQS-003,DMA-03,Conductivity,uS/cm,680.346,624.6,743.4,0,0,Normal,28.717,77.269
2026-06-28,QT-003,WQS-003,WQS-003,DMA-03,Temperature,C,29.379,28.0,31.2,0,0,Normal,28.717,77.269
2026-06-28,QT-003,WQS-003,WQS-003,DMA-03,Turbidity,NTU,0.86,0.6,1.12,0,0,Normal,28.717,77.269
2026-06-28,QT-003,WQS-003,WQS-003,DMA-03,pH,pH,7.279,7.09,7.41,0,0,Normal,28.717,77.269
2026-06-28,QT-004,WQS-004,WQS-004,DMA-04,Chlorine,mg/L,0.554,0.456,0.669,0,0,Normal,28.705,77.24
2026-06-28,QT-004,WQS-004,WQS-004,DMA-04,Conductivity,uS/cm,676.075,614.6,794.8,0,0,Normal,28.705,77.24
2026-06-28,QT-004,WQS-004,WQS-004,DMA-04,Temperature,C,29.233,27.5,30.8,0,0,Normal,28.705,77.24
2026-06-28,QT-004,WQS-004,WQS-004,DMA-04,Turbidity,NTU,0.84,0.42,1.06,0,0,Normal,28.705,77.24
2026-06-28,QT-004,WQS-004,WQS-004,DMA-04,pH,pH,7.3,7.15,7.48,0,0,Normal,28.705,77.24
2026-06-28,QT-005,WQS-005,WQS-005,DMA-05,Chlorine,mg/L,0.528,0.452,0.653,0,0,Normal,28.712,77.245
2026-06-28,QT-005,WQS-005,WQS-005,DMA-05,Conductivity,uS/cm,686.833,631.5,725.0,0,0,Normal,28.712,77.245
2026-06-28,QT-005,WQS-005,WQS-005,DMA-05,Temperature,C,29.338,27.7,31.1,0,0,Normal,28.712,77.245
2026-06-28,QT-005,WQS-005,WQS-005,DMA-05,Turbidity,NTU,0.929,0.62,1.25,0,0,Normal,28.712,77.245
2026-06-28,QT-005,WQS-005,WQS-005,DMA-05,pH,pH,7.305,7.11,7.44,0,0,Normal,28.712,77.245
2026-06-28,QT-006,WQS-006,WQS-006,DMA-06,Chlorine,mg/L,0.544,0.474,0.66,0,0,Normal,28.731,77.277
2026-06-28,QT-006,WQS-006,WQS-006,DMA-06,Conductivity,uS/cm,672.658,621.1,723.5,0,0,Normal,28.731,77.277
2026-06-28,QT-006,WQS-006,WQS-006,DMA-06,Temperature,C,29.433,27.6,31.4,0,0,Normal,28.731,77.277
2026-06-28,QT-006,WQS-006,WQS-006,DMA-06,Turbidity,NTU,0.883,0.66,1.15,0,0,Normal,28.731,77.277
2026-06-28,QT-006,WQS-006,WQS-006,DMA-06,pH,pH,7.28,7.17,7.42,0,0,Normal,28.731,77.277
2026-06-29,QT-001,WQS-001,WQS-001,DMA-01,Chlorine,mg/L,0.554,0.412,0.651,0,0,Normal,28.738,77.255
2026-06-29,QT-001,WQS-001,WQS-001,DMA-01,Conductivity,uS/cm,672.812,609.7,737.2,0,0,Normal,28.738,77.255
2026-06-29,QT-001,WQS-001,WQS-001,DMA-01,Temperature,C,29.429,27.6,30.9,0,0,Normal,28.738,77.255
2026-06-29,QT-001,WQS-001,WQS-001,DMA-01,Turbidity,NTU,0.944,0.66,1.11,0,0,Normal,28.738,77.255
2026-06-29,QT-001,WQS-001,WQS-001,DMA-01,pH,pH,7.321,7.11,7.54,0,0,Normal,28.738,77.255
2026-06-29,QT-002,WQS-002,WQS-002,DMA-02,Chlorine,mg/L,0.571,0.432,0.647,0,0,Normal,28.726,77.253
2026-06-29,QT-002,WQS-002,WQS-002,DMA-02,Conductivity,uS/cm,679.308,603.7,761.1,0,0,Normal,28.726,77.253
2026-06-29,QT-002,WQS-002,WQS-002,DMA-02,Temperature,C,29.383,27.7,31.1,0,0,Normal,28.726,77.253
2026-06-29,QT-002,WQS-002,WQS-002,DMA-02,Turbidity,NTU,0.936,0.7,1.2,0,0,Normal,28.726,77.253
2026-06-29,QT-002,WQS-002,WQS-002,DMA-02,pH,pH,7.301,7.22,7.41,0,0,Normal,28.726,77.253
2026-06-29,QT-003,WQS-003,WQS-003,DMA-03,Chlorine,mg/L,0.556,0.481,0.651,0,0,Normal,28.717,77.269
2026-06-29,QT-003,WQS-003,WQS-003,DMA-03,Conductivity,uS/cm,684.192,617.9,746.5,0,0,Normal,28.717,77.269
2026-06-29,QT-003,WQS-003,WQS-003,DMA-03,Temperature,C,29.458,27.6,31.2,0,0,Normal,28.717,77.269
2026-06-29,QT-003,WQS-003,WQS-003,DMA-03,Turbidity,NTU,0.879,0.51,1.25,0,0,Normal,28.717,77.269
2026-06-29,QT-003,WQS-003,WQS-003,DMA-03,pH,pH,7.325,7.2,7.43,0,0,Normal,28.717,77.269
2026-06-29,QT-004,WQS-004,WQS-004,DMA-04,Chlorine,mg/L,0.546,0.466,0.639,0,0,Normal,28.705,77.24
2026-06-29,QT-004,WQS-004,WQS-004,DMA-04,Conductivity,uS/cm,675.158,600.2,772.0,0,0,Normal,28.705,77.24
2026-06-29,QT-004,WQS-004,WQS-004,DMA-04,Temperature,C,29.333,27.5,31.1,0,0,Normal,28.705,77.24
2026-06-29,QT-004,WQS-004,WQS-004,DMA-04,Turbidity,NTU,0.868,0.55,1.26,0,0,Normal,28.705,77.24
2026-06-29,QT-004,WQS-004,WQS-004,DMA-04,pH,pH,7.322,7.16,7.47,0,0,Normal,28.705,77.24
2026-06-29,QT-005,WQS-005,WQS-005,DMA-05,Chlorine,mg/L,0.563,0.46,0.7,0,0,Normal,28.712,77.245
2026-06-29,QT-005,WQS-005,WQS-005,DMA-05,Conductivity,uS/cm,687.908,625.7,762.2,0,0,Normal,28.712,77.245
2026-06-29,QT-005,WQS-005,WQS-005,DMA-05,Temperature,C,29.3,27.5,31.2,0,0,Normal,28.712,77.245
2026-06-29,QT-005,WQS-005,WQS-005,DMA-05,Turbidity,NTU,0.889,0.58,1.29,0,0,Normal,28.712,77.245
2026-06-29,QT-005,WQS-005,WQS-005,DMA-05,pH,pH,7.3,7.14,7.51,0,0,Normal,28.712,77.245
2026-06-29,QT-006,WQS-006,WQS-006,DMA-06,Chlorine,mg/L,0.548,0.462,0.633,0,0,Normal,28.731,77.277
2026-06-29,QT-006,WQS-006,WQS-006,DMA-06,Conductivity,uS/cm,679.9,633.3,753.5,0,0,Normal,28.731,77.277
2026-06-29,QT-006,WQS-006,WQS-006,DMA-06,Temperature,C,29.479,27.8,31.5,0,0,Normal,28.731,77.277
2026-06-29,QT-006,WQS-006,WQS-006,DMA-06,Turbidity,NTU,0.892,0.42,1.18,0,0,Normal,28.731,77.277
2026-06-29,QT-006,WQS-006,WQS-006,DMA-06,pH,pH,7.285,7.16,7.4,0,0,Normal,28.731,77.277
2026-06-30,QT-001,WQS-001,WQS-001,DMA-01,Chlorine,mg/L,0.556,0.488,0.656,0,0,Normal,28.738,77.255
2026-06-30,QT-001,WQS-001,WQS-001,DMA-01,Conductivity,uS/cm,684.538,621.5,747.0,0,0,Normal,28.738,77.255
2026-06-30,QT-001,WQS-001,WQS-001,DMA-01,Temperature,C,29.504,27.5,31.4,0,0,Normal,28.738,77.255
2026-06-30,QT-001,WQS-001,WQS-001,DMA-01,Turbidity,NTU,0.938,0.65,1.31,0,0,Normal,28.738,77.255
2026-06-30,QT-001,WQS-001,WQS-001,DMA-01,pH,pH,7.323,7.14,7.45,0,0,Normal,28.738,77.255
2026-06-30,QT-002,WQS-002,WQS-002,DMA-02,Chlorine,mg/L,0.552,0.472,0.611,0,0,Normal,28.726,77.253
2026-06-30,QT-002,WQS-002,WQS-002,DMA-02,Conductivity,uS/cm,672.104,572.8,755.2,0,0,Normal,28.726,77.253
2026-06-30,QT-002,WQS-002,WQS-002,DMA-02,Temperature,C,29.475,27.8,31.1,0,0,Normal,28.726,77.253
2026-06-30,QT-002,WQS-002,WQS-002,DMA-02,Turbidity,NTU,0.938,0.57,1.29,0,0,Normal,28.726,77.253
2026-06-30,QT-002,WQS-002,WQS-002,DMA-02,pH,pH,7.302,7.09,7.41,0,0,Normal,28.726,77.253
2026-06-30,QT-003,WQS-003,WQS-003,DMA-03,Chlorine,mg/L,0.557,0.478,0.655,0,0,Normal,28.717,77.269
2026-06-30,QT-003,WQS-003,WQS-003,DMA-03,Conductivity,uS/cm,679.454,616.4,726.3,0,0,Normal,28.717,77.269
2026-06-30,QT-003,WQS-003,WQS-003,DMA-03,Temperature,C,29.5,27.1,31.3,0,0,Normal,28.717,77.269
2026-06-30,QT-003,WQS-003,WQS-003,DMA-03,Turbidity,NTU,0.94,0.56,1.18,0,0,Normal,28.717,77.269
2026-06-30,QT-003,WQS-003,WQS-003,DMA-03,pH,pH,7.278,7.14,7.5,0,0,Normal,28.717,77.269
2026-06-30,QT-004,WQS-004,WQS-004,DMA-04,Chlorine,mg/L,0.564,0.486,0.651,0,0,Normal,28.705,77.24
2026-06-30,QT-004,WQS-004,WQS-004,DMA-04,Conductivity,uS/cm,692.733,613.8,753.3,0,0,Normal,28.705,77.24
2026-06-30,QT-004,WQS-004,WQS-004,DMA-04,Temperature,C,29.367,27.3,31.2,0,0,Normal,28.705,77.24
2026-06-30,QT-004,WQS-004,WQS-004,DMA-04,Turbidity,NTU,0.915,0.6,1.34,0,0,Normal,28.705,77.24
2026-06-30,QT-004,WQS-004,WQS-004,DMA-04,pH,pH,7.302,7.15,7.47,0,0,Normal,28.705,77.24
2026-06-30,QT-005,WQS-005,WQS-005,DMA-05,Chlorine,mg/L,0.576,0.449,0.679,0,0,Normal,28.712,77.245
2026-06-30,QT-005,WQS-005,WQS-005,DMA-05,Conductivity,uS/cm,690.208,633.8,761.8,0,0,Normal,28.712,77.245
2026-06-30,QT-005,WQS-005,WQS-005,DMA-05,Temperature,C,29.317,27.7,31.2,0,0,Normal,28.712,77.245
2026-06-30,QT-005,WQS-005,WQS-005,DMA-05,Turbidity,NTU,0.932,0.7,1.16,0,0,Normal,28.712,77.245
2026-06-30,QT-005,WQS-005,WQS-005,DMA-05,pH,pH,7.299,7.16,7.42,0,0,Normal,28.712,77.245
2026-06-30,QT-006,WQS-006,WQS-006,DMA-06,Chlorine,mg/L,0.516,0.408,0.606,0,0,Normal,28.731,77.277
2026-06-30,QT-006,WQS-006,WQS-006,DMA-06,Conductivity,uS/cm,689.2,642.5,795.4,0,0,Normal,28.731,77.277
2026-06-30,QT-006,WQS-006,WQS-006,DMA-06,Temperature,C,29.504,27.8,31.2,0,0,Normal,28.731,77.277
2026-06-30,QT-006,WQS-006,WQS-006,DMA-06,Turbidity,NTU,0.945,0.73,1.22,0,0,Normal,28.731,77.277
2026-06-30,QT-006,WQS-006,WQS-006,DMA-06,pH,pH,7.308,7.16,7.51,0,0,Normal,28.731,77.277
2026-07-01,QT-001,WQS-001,WQS-001,DMA-01,Chlorine,mg/L,0.548,0.458,0.632,0,0,Normal,28.738,77.255
2026-07-01,QT-001,WQS-001,WQS-001,DMA-01,Conductivity,uS/cm,684.887,574.4,777.1,0,0,Normal,28.738,77.255
2026-07-01,QT-001,WQS-001,WQS-001,DMA-01,Temperature,C,29.458,27.8,31.5,0,0,Normal,28.738,77.255
2026-07-01,QT-001,WQS-001,WQS-001,DMA-01,Turbidity,NTU,0.893,0.67,1.14,0,0,Normal,28.738,77.255
2026-07-01,QT-001,WQS-001,WQS-001,DMA-01,pH,pH,7.319,7.12,7.47,0,0,Normal,28.738,77.255
2026-07-01,QT-002,WQS-002,WQS-002,DMA-02,Chlorine,mg/L,0.562,0.474,0.632,0,0,Normal,28.726,77.253
2026-07-01,QT-002,WQS-002,WQS-002,DMA-02,Conductivity,uS/cm,686.854,609.8,748.7,0,0,Normal,28.726,77.253
2026-07-01,QT-002,WQS-002,WQS-002,DMA-02,Temperature,C,29.583,27.7,31.4,0,0,Normal,28.726,77.253
2026-07-01,QT-002,WQS-002,WQS-002,DMA-02,Turbidity,NTU,0.882,0.65,1.09,0,0,Normal,28.726,77.253
2026-07-01,QT-002,WQS-002,WQS-002,DMA-02,pH,pH,7.295,7.17,7.43,0,0,Normal,28.726,77.253
2026-07-01,QT-003,WQS-003,WQS-003,DMA-03,Chlorine,mg/L,0.54,0.486,0.607,0,0,Normal,28.717,77.269
2026-07-01,QT-003,WQS-003,WQS-003,DMA-03,Conductivity,uS/cm,683.058,633.0,744.6,0,0,Normal,28.717,77.269
2026-07-01,QT-003,WQS-003,WQS-003,DMA-03,Temperature,C,29.546,27.5,31.6,0,0,Normal,28.717,77.269
2026-07-01,QT-003,WQS-003,WQS-003,DMA-03,Turbidity,NTU,0.885,0.63,1.14,0,0,Normal,28.717,77.269
2026-07-01,QT-003,WQS-003,WQS-003,DMA-03,pH,pH,7.289,7.15,7.39,0,0,Normal,28.717,77.269
2026-07-01,QT-004,WQS-004,WQS-004,DMA-04,Chlorine,mg/L,0.55,0.452,0.614,0,0,Normal,28.705,77.24
2026-07-01,QT-004,WQS-004,WQS-004,DMA-04,Conductivity,uS/cm,691.792,610.7,745.3,0,0,Normal,28.705,77.24
2026-07-01,QT-004,WQS-004,WQS-004,DMA-04,Temperature,C,29.417,27.4,31.0,0,0,Normal,28.705,77.24
2026-07-01,QT-004,WQS-004,WQS-004,DMA-04,Turbidity,NTU,0.898,0.53,1.26,0,0,Normal,28.705,77.24
2026-07-01,QT-004,WQS-004,WQS-004,DMA-04,pH,pH,7.323,7.19,7.45,0,0,Normal,28.705,77.24
2026-07-01,QT-005,WQS-005,WQS-005,DMA-05,Chlorine,mg/L,0.548,0.445,0.655,0,0,Normal,28.712,77.245
2026-07-01,QT-005,WQS-005,WQS-005,DMA-05,Conductivity,uS/cm,695.671,624.7,757.1,0,0,Normal,28.712,77.245
2026-07-01,QT-005,WQS-005,WQS-005,DMA-05,Temperature,C,29.546,27.7,31.2,0,0,Normal,28.712,77.245
2026-07-01,QT-005,WQS-005,WQS-005,DMA-05,Turbidity,NTU,0.845,0.59,1.13,0,0,Normal,28.712,77.245
2026-07-01,QT-005,WQS-005,WQS-005,DMA-05,pH,pH,7.302,7.13,7.48,0,0,Normal,28.712,77.245
2026-07-01,QT-006,WQS-006,WQS-006,DMA-06,Chlorine,mg/L,0.56,0.461,0.619,0,0,Normal,28.731,77.277
2026-07-01,QT-006,WQS-006,WQS-006,DMA-06,Conductivity,uS/cm,690.008,618.7,785.3,0,0,Normal,28.731,77.277
2026-07-01,QT-006,WQS-006,WQS-006,DMA-06,Temperature,C,29.446,27.8,31.1,0,0,Normal,28.731,77.277
2026-07-01,QT-006,WQS-006,WQS-006,DMA-06,Turbidity,NTU,0.916,0.6,1.22,0,0,Normal,28.731,77.277
2026-07-01,QT-006,WQS-006,WQS-006,DMA-06,pH,pH,7.297,7.2,7.47,0,0,Normal,28.731,77.277
2026-07-02,QT-001,WQS-001,WQS-001,DMA-01,Chlorine,mg/L,0.55,0.475,0.645,0,0,Normal,28.738,77.255
2026-07-02,QT-001,WQS-001,WQS-001,DMA-01,Conductivity,uS/cm,686.479,597.7,803.8,0,0,Normal,28.738,77.255
2026-07-02,QT-001,WQS-001,WQS-001,DMA-01,Temperature,C,29.517,27.4,31.4,0,0,Normal,28.738,77.255
2026-07-02,QT-001,WQS-001,WQS-001,DMA-01,Turbidity,NTU,0.969,0.58,1.18,0,0,Normal,28.738,77.255
2026-07-02,QT-001,WQS-001,WQS-001,DMA-01,pH,pH,7.301,7.18,7.42,0,0,Normal,28.738,77.255
2026-07-02,QT-002,WQS-002,WQS-002,DMA-02,Chlorine,mg/L,0.549,0.461,0.66,0,0,Normal,28.726,77.253
2026-07-02,QT-002,WQS-002,WQS-002,DMA-02,Conductivity,uS/cm,697.546,641.7,758.3,0,0,Normal,28.726,77.253
2026-07-02,QT-002,WQS-002,WQS-002,DMA-02,Temperature,C,29.604,27.7,31.4,0,0,Normal,28.726,77.253
2026-07-02,QT-002,WQS-002,WQS-002,DMA-02,Turbidity,NTU,0.902,0.58,1.22,0,0,Normal,28.726,77.253
2026-07-02,QT-002,WQS-002,WQS-002,DMA-02,pH,pH,7.27,7.09,7.43,0,0,Normal,28.726,77.253
2026-07-02,QT-003,WQS-003,WQS-003,DMA-03,Chlorine,mg/L,0.548,0.461,0.635,0,0,Normal,28.717,77.269
2026-07-02,QT-003,WQS-003,WQS-003,DMA-03,Conductivity,uS/cm,687.767,575.3,772.6,0,0,Normal,28.717,77.269
2026-07-02,QT-003,WQS-003,WQS-003,DMA-03,Temperature,C,29.608,28.0,31.6,0,0,Normal,28.717,77.269
2026-07-02,QT-003,WQS-003,WQS-003,DMA-03,Turbidity,NTU,0.922,0.6,1.28,0,0,Normal,28.717,77.269
2026-07-02,QT-003,WQS-003,WQS-003,DMA-03,pH,pH,7.292,7.18,7.41,0,0,Normal,28.717,77.269
2026-07-02,QT-004,WQS-004,WQS-004,DMA-04,Chlorine,mg/L,0.546,0.464,0.632,0,0,Normal,28.705,77.24
2026-07-02,QT-004,WQS-004,WQS-004,DMA-04,Conductivity,uS/cm,673.1,623.0,740.9,0,0,Normal,28.705,77.24
2026-07-02,QT-004,WQS-004,WQS-004,DMA-04,Temperature,C,29.508,27.9,31.2,0,0,Normal,28.705,77.24
2026-07-02,QT-004,WQS-004,WQS-004,DMA-04,Turbidity,NTU,0.926,0.69,1.29,0,0,Normal,28.705,77.24
2026-07-02,QT-004,WQS-004,WQS-004,DMA-04,pH,pH,7.33,7.12,7.52,0,0,Normal,28.705,77.24
2026-07-02,QT-005,WQS-005,WQS-005,DMA-05,Chlorine,mg/L,0.54,0.445,0.658,0,0,Normal,28.712,77.245
2026-07-02,QT-005,WQS-005,WQS-005,DMA-05,Conductivity,uS/cm,672.637,619.3,755.2,0,0,Normal,28.712,77.245
2026-07-02,QT-005,WQS-005,WQS-005,DMA-05,Temperature,C,29.567,27.7,31.4,0,0,Normal,28.712,77.245
2026-07-02,QT-005,WQS-005,WQS-005,DMA-05,Turbidity,NTU,0.868,0.42,1.23,0,0,Normal,28.712,77.245
2026-07-02,QT-005,WQS-005,WQS-005,DMA-05,pH,pH,7.325,7.2,7.47,0,0,Normal,28.712,77.245
2026-07-02,QT-006,WQS-006,WQS-006,DMA-06,Chlorine,mg/L,0.54,0.449,0.624,0,0,Normal,28.731,77.277
2026-07-02,QT-006,WQS-006,WQS-006,DMA-06,Conductivity,uS/cm,672.962,602.7,745.4,0,0,Normal,28.731,77.277
2026-07-02,QT-006,WQS-006,WQS-006,DMA-06,Temperature,C,29.529,28.0,31.6,0,0,Normal,28.731,77.277
2026-07-02,QT-006,WQS-006,WQS-006,DMA-06,Turbidity,NTU,0.871,0.65,1.11,0,0,Normal,28.731,77.277
2026-07-02,QT-006,WQS-006,WQS-006,DMA-06,pH,pH,7.292,7.11,7.51,0,0,Normal,28.731,77.277
2026-07-03,QT-001,WQS-001,WQS-001,DMA-01,Chlorine,mg/L,0.543,0.444,0.684,0,0,Normal,28.738,77.255
2026-07-03,QT-001,WQS-001,WQS-001,DMA-01,Conductivity,uS/cm,684.883,613.3,758.9,0,0,Normal,28.738,77.255
2026-07-03,QT-001,WQS-001,WQS-001,DMA-01,Temperature,C,29.621,28.1,31.6,0,0,Normal,28.738,77.255
2026-07-03,QT-001,WQS-001,WQS-001,DMA-01,Turbidity,NTU,0.879,0.55,1.19,0,0,Normal,28.738,77.255
2026-07-03,QT-001,WQS-001,WQS-001,DMA-01,pH,pH,7.305,7.18,7.47,0,0,Normal,28.738,77.255
2026-07-03,QT-002,WQS-002,WQS-002,DMA-02,Chlorine,mg/L,0.548,0.482,0.638,0,0,Normal,28.726,77.253
2026-07-03,QT-002,WQS-002,WQS-002,DMA-02,Conductivity,uS/cm,695.363,617.0,789.6,0,0,Normal,28.726,77.253
2026-07-03,QT-002,WQS-002,WQS-002,DMA-02,Temperature,C,29.717,27.8,32.1,0,0,Normal,28.726,77.253
2026-07-03,QT-002,WQS-002,WQS-002,DMA-02,Turbidity,NTU,0.902,0.57,1.2,0,0,Normal,28.726,77.253
2026-07-03,QT-002,WQS-002,WQS-002,DMA-02,pH,pH,7.304,7.17,7.42,0,0,Normal,28.726,77.253
2026-07-03,QT-003,WQS-003,WQS-003,DMA-03,Chlorine,mg/L,0.531,0.455,0.654,0,0,Normal,28.717,77.269
2026-07-03,QT-003,WQS-003,WQS-003,DMA-03,Conductivity,uS/cm,687.308,629.6,791.8,0,0,Normal,28.717,77.269
2026-07-03,QT-003,WQS-003,WQS-003,DMA-03,Temperature,C,29.558,27.9,31.2,0,0,Normal,28.717,77.269
2026-07-03,QT-003,WQS-003,WQS-003,DMA-03,Turbidity,NTU,0.959,0.59,1.31,0,0,Normal,28.717,77.269
2026-07-03,QT-003,WQS-003,WQS-003,DMA-03,pH,pH,7.307,7.16,7.42,0,0,Normal,28.717,77.269
2026-07-03,QT-004,WQS-004,WQS-004,DMA-04,Chlorine,mg/L,0.543,0.38,0.624,0,0,Normal,28.705,77.24
2026-07-03,QT-004,WQS-004,WQS-004,DMA-04,Conductivity,uS/cm,688.858,614.3,766.2,0,0,Normal,28.705,77.24
2026-07-03,QT-004,WQS-004,WQS-004,DMA-04,Temperature,C,29.567,27.7,31.3,0,0,Normal,28.705,77.24
2026-07-03,QT-004,WQS-004,WQS-004,DMA-04,Turbidity,NTU,0.881,0.6,1.12,0,0,Normal,28.705,77.24
2026-07-03,QT-004,WQS-004,WQS-004,DMA-04,pH,pH,7.273,7.01,7.44,0,0,Normal,28.705,77.24
2026-07-03,QT-005,WQS-005,WQS-005,DMA-05,Chlorine,mg/L,0.539,0.438,0.619,0,0,Normal,28.712,77.245
2026-07-03,QT-005,WQS-005,WQS-005,DMA-05,Conductivity,uS/cm,688.833,634.7,737.7,0,0,Normal,28.712,77.245
2026-07-03,QT-005,WQS-005,WQS-005,DMA-05,Temperature,C,29.533,27.7,31.8,0,0,Normal,28.712,77.245
2026-07-03,QT-005,WQS-005,WQS-005,DMA-05,Turbidity,NTU,0.903,0.62,1.15,0,0,Normal,28.712,77.245
2026-07-03,QT-005,WQS-005,WQS-005,DMA-05,pH,pH,7.318,7.19,7.49,0,0,Normal,28.712,77.245
2026-07-03,QT-006,WQS-006,WQS-006,DMA-06,Chlorine,mg/L,0.559,0.452,0.635,0,0,Normal,28.731,77.277
2026-07-03,QT-006,WQS-006,WQS-006,DMA-06,Conductivity,uS/cm,680.962,638.9,720.5,0,0,Normal,28.731,77.277
2026-07-03,QT-006,WQS-006,WQS-006,DMA-06,Temperature,C,29.6,28.2,31.4,0,0,Normal,28.731,77.277
2026-07-03,QT-006,WQS-006,WQS-006,DMA-06,Turbidity,NTU,0.889,0.47,1.11,0,0,Normal,28.731,77.277
2026-07-03,QT-006,WQS-006,WQS-006,DMA-06,pH,pH,7.31,7.18,7.49,0,0,Normal,28.731,77.277
2026-07-04,QT-001,WQS-001,WQS-001,DMA-01,Chlorine,mg/L,0.57,0.503,0.652,0,0,Normal,28.738,77.255
2026-07-04,QT-001,WQS-001,WQS-001,DMA-01,Conductivity,uS/cm,680.062,627.4,734.1,0,0,Normal,28.738,77.255
2026-07-04,QT-001,WQS-001,WQS-001,DMA-01,Temperature,C,29.596,27.7,31.2,0,0,Normal,28.738,77.255
2026-07-04,QT-001,WQS-001,WQS-001,DMA-01,Turbidity,NTU,0.91,0.65,1.21,0,0,Normal,28.738,77.255
2026-07-04,QT-001,WQS-001,WQS-001,DMA-01,pH,pH,7.298,7.15,7.45,0,0,Normal,28.738,77.255
2026-07-04,QT-002,WQS-002,WQS-002,DMA-02,Chlorine,mg/L,0.562,0.444,0.645,0,0,Normal,28.726,77.253
2026-07-04,QT-002,WQS-002,WQS-002,DMA-02,Conductivity,uS/cm,686.254,597.3,798.3,0,0,Normal,28.726,77.253
2026-07-04,QT-002,WQS-002,WQS-002,DMA-02,Temperature,C,29.571,27.9,31.1,0,0,Normal,28.726,77.253
2026-07-04,QT-002,WQS-002,WQS-002,DMA-02,Turbidity,NTU,0.895,0.63,1.17,0,0,Normal,28.726,77.253
2026-07-04,QT-002,WQS-002,WQS-002,DMA-02,pH,pH,7.314,7.16,7.43,0,0,Normal,28.726,77.253
2026-07-04,QT-003,WQS-003,WQS-003,DMA-03,Chlorine,mg/L,0.554,0.455,0.646,0,0,Normal,28.717,77.269
2026-07-04,QT-003,WQS-003,WQS-003,DMA-03,Conductivity,uS/cm,687.796,630.1,741.1,0,0,Normal,28.717,77.269
2026-07-04,QT-003,WQS-003,WQS-003,DMA-03,Temperature,C,29.692,28.2,31.3,0,0,Normal,28.717,77.269
2026-07-04,QT-003,WQS-003,WQS-003,DMA-03,Turbidity,NTU,0.866,0.62,1.08,0,0,Normal,28.717,77.269
2026-07-04,QT-003,WQS-003,WQS-003,DMA-03,pH,pH,7.318,7.17,7.51,0,0,Normal,28.717,77.269
2026-07-04,QT-004,WQS-004,WQS-004,DMA-04,Chlorine,mg/L,0.548,0.501,0.603,0,0,Normal,28.705,77.24
2026-07-04,QT-004,WQS-004,WQS-004,DMA-04,Conductivity,uS/cm,678.121,618.4,746.1,0,0,Normal,28.705,77.24
2026-07-04,QT-004,WQS-004,WQS-004,DMA-04,Temperature,C,29.704,27.9,31.5,0,0,Normal,28.705,77.24
2026-07-04,QT-004,WQS-004,WQS-004,DMA-04,Turbidity,NTU,0.898,0.52,1.21,0,0,Normal,28.705,77.24
2026-07-04,QT-004,WQS-004,WQS-004,DMA-04,pH,pH,7.306,7.13,7.43,0,0,Normal,28.705,77.24
2026-07-04,QT-005,WQS-005,WQS-005,DMA-05,Chlorine,mg/L,0.531,0.463,0.599,0,0,Normal,28.712,77.245
2026-07-04,QT-005,WQS-005,WQS-005,DMA-05,Conductivity,uS/cm,683.525,596.7,751.3,0,0,Normal,28.712,77.245
2026-07-04,QT-005,WQS-005,WQS-005,DMA-05,Temperature,C,29.588,27.6,31.4,0,0,Normal,28.712,77.245
2026-07-04,QT-005,WQS-005,WQS-005,DMA-05,Turbidity,NTU,0.816,0.48,1.13,0,0,Normal,28.712,77.245
2026-07-04,QT-005,WQS-005,WQS-005,DMA-05,pH,pH,7.285,7.13,7.41,0,0,Normal,28.712,77.245
2026-07-04,QT-006,WQS-006,WQS-006,DMA-06,Chlorine,mg/L,0.542,0.445,0.618,0,0,Normal,28.731,77.277
2026-07-04,QT-006,WQS-006,WQS-006,DMA-06,Conductivity,uS/cm,679.321,614.6,748.1,0,0,Normal,28.731,77.277
2026-07-04,QT-006,WQS-006,WQS-006,DMA-06,Temperature,C,29.583,27.7,31.1,0,0,Normal,28.731,77.277
2026-07-04,QT-006,WQS-006,WQS-006,DMA-06,Turbidity,NTU,0.939,0.63,1.28,0,0,Normal,28.731,77.277
2026-07-04,QT-006,WQS-006,WQS-006,DMA-06,pH,pH,7.316,7.17,7.45,0,0,Normal,28.731,77.277
2026-07-05,QT-001,WQS-001,WQS-001,DMA-01,Chlorine,mg/L,0.536,0.417,0.62,0,0,Normal,28.738,77.255
2026-07-05,QT-001,WQS-001,WQS-001,DMA-01,Conductivity,uS/cm,685.029,641.5,735.3,0,0,Normal,28.738,77.255
2026-07-05,QT-001,WQS-001,WQS-001,DMA-01,Temperature,C,29.729,27.8,31.5,0,0,Normal,28.738,77.255
2026-07-05,QT-001,WQS-001,WQS-001,DMA-01,Turbidity,NTU,0.849,0.56,1.18,0,0,Normal,28.738,77.255
2026-07-05,QT-001,WQS-001,WQS-001,DMA-01,pH,pH,7.319,7.18,7.4,0,0,Normal,28.738,77.255
2026-07-05,QT-002,WQS-002,WQS-002,DMA-02,Chlorine,mg/L,0.56,0.486,0.674,0,0,Normal,28.726,77.253
2026-07-05,QT-002,WQS-002,WQS-002,DMA-02,Conductivity,uS/cm,678.55,614.7,755.9,0,0,Normal,28.726,77.253
2026-07-05,QT-002,WQS-002,WQS-002,DMA-02,Temperature,C,29.662,27.9,31.3,0,0,Normal,28.726,77.253
2026-07-05,QT-002,WQS-002,WQS-002,DMA-02,Turbidity,NTU,0.912,0.68,1.15,0,0,Normal,28.726,77.253
2026-07-05,QT-002,WQS-002,WQS-002,DMA-02,pH,pH,7.297,7.16,7.43,0,0,Normal,28.726,77.253
2026-07-05,QT-003,WQS-003,WQS-003,DMA-03,Chlorine,mg/L,0.559,0.485,0.643,0,0,Normal,28.717,77.269
2026-07-05,QT-003,WQS-003,WQS-003,DMA-03,Conductivity,uS/cm,679.646,623.1,748.5,0,0,Normal,28.717,77.269
2026-07-05,QT-003,WQS-003,WQS-003,DMA-03,Temperature,C,29.692,28.2,31.8,0,0,Normal,28.717,77.269
2026-07-05,QT-003,WQS-003,WQS-003,DMA-03,Turbidity,NTU,0.856,0.63,1.11,0,0,Normal,28.717,77.269
2026-07-05,QT-003,WQS-003,WQS-003,DMA-03,pH,pH,7.284,7.1,7.4,0,0,Normal,28.717,77.269
2026-07-05,QT-004,WQS-004,WQS-004,DMA-04,Chlorine,mg/L,0.543,0.411,0.62,0,0,Normal,28.705,77.24
2026-07-05,QT-004,WQS-004,WQS-004,DMA-04,Conductivity,uS/cm,689.833,611.2,774.0,0,0,Normal,28.705,77.24
2026-07-05,QT-004,WQS-004,WQS-004,DMA-04,Temperature,C,29.754,28.0,31.9,0,0,Normal,28.705,77.24
2026-07-05,QT-004,WQS-004,WQS-004,DMA-04,Turbidity,NTU,0.885,0.61,1.25,0,0,Normal,28.705,77.24
2026-07-05,QT-004,WQS-004,WQS-004,DMA-04,pH,pH,7.298,7.09,7.44,0,0,Normal,28.705,77.24
2026-07-05,QT-005,WQS-005,WQS-005,DMA-05,Chlorine,mg/L,0.516,0.418,0.64,0,0,Normal,28.712,77.245
2026-07-05,QT-005,WQS-005,WQS-005,DMA-05,Conductivity,uS/cm,685.833,623.2,779.3,0,0,Normal,28.712,77.245
2026-07-05,QT-005,WQS-005,WQS-005,DMA-05,Temperature,C,29.775,28.1,31.7,0,0,Normal,28.712,77.245
2026-07-05,QT-005,WQS-005,WQS-005,DMA-05,Turbidity,NTU,0.944,0.73,1.17,0,0,Normal,28.712,77.245
2026-07-05,QT-005,WQS-005,WQS-005,DMA-05,pH,pH,7.334,7.19,7.52,0,0,Normal,28.712,77.245
2026-07-05,QT-006,WQS-006,WQS-006,DMA-06,Chlorine,mg/L,0.557,0.44,0.64,0,0,Normal,28.731,77.277
2026-07-05,QT-006,WQS-006,WQS-006,DMA-06,Conductivity,uS/cm,685.767,618.2,757.1,0,0,Normal,28.731,77.277
2026-07-05,QT-006,WQS-006,WQS-006,DMA-06,Temperature,C,29.729,28.0,31.4,0,0,Normal,28.731,77.277
2026-07-05,QT-006,WQS-006,WQS-006,DMA-06,Turbidity,NTU,0.875,0.56,1.18,0,0,Normal,28.731,77.277
2026-07-05,QT-006,WQS-006,WQS-006,DMA-06,pH,pH,7.29,7.16,7.46,0,0,Normal,28.731,77.277
2026-07-06,QT-001,WQS-001,WQS-001,DMA-01,Chlorine,mg/L,0.553,0.489,0.648,0,0,Normal,28.738,77.255
2026-07-06,QT-001,WQS-001,WQS-001,DMA-01,Conductivity,uS/cm,680.458,611.2,748.7,0,0,Normal,28.738,77.255
2026-07-06,QT-001,WQS-001,WQS-001,DMA-01,Temperature,C,29.642,27.9,31.3,0,0,Normal,28.738,77.255
2026-07-06,QT-001,WQS-001,WQS-001,DMA-01,Turbidity,NTU,0.862,0.46,1.12,0,0,Normal,28.738,77.255
2026-07-06,QT-001,WQS-001,WQS-001,DMA-01,pH,pH,7.323,7.19,7.46,0,0,Normal,28.738,77.255
2026-07-06,QT-002,WQS-002,WQS-002,DMA-02,Chlorine,mg/L,0.536,0.416,0.633,0,0,Normal,28.726,77.253
2026-07-06,QT-002,WQS-002,WQS-002,DMA-02,Conductivity,uS/cm,688.517,607.2,791.4,0,0,Normal,28.726,77.253
2026-07-06,QT-002,WQS-002,WQS-002,DMA-02,Temperature,C,29.746,28.1,31.7,0,0,Normal,28.726,77.253
2026-07-06,QT-002,WQS-002,WQS-002,DMA-02,Turbidity,NTU,0.915,0.66,1.27,0,0,Normal,28.726,77.253
2026-07-06,QT-002,WQS-002,WQS-002,DMA-02,pH,pH,7.305,7.09,7.41,0,0,Normal,28.726,77.253
2026-07-06,QT-003,WQS-003,WQS-003,DMA-03,Chlorine,mg/L,0.549,0.458,0.625,0,0,Normal,28.717,77.269
2026-07-06,QT-003,WQS-003,WQS-003,DMA-03,Conductivity,uS/cm,676.754,629.1,721.8,0,0,Normal,28.717,77.269
2026-07-06,QT-003,WQS-003,WQS-003,DMA-03,Temperature,C,29.721,28.0,31.3,0,0,Normal,28.717,77.269
2026-07-06,QT-003,WQS-003,WQS-003,DMA-03,Turbidity,NTU,0.859,0.42,1.12,0,0,Normal,28.717,77.269
2026-07-06,QT-003,WQS-003,WQS-003,DMA-03,pH,pH,7.26,7.1,7.45,0,0,Normal,28.717,77.269
2026-07-06,QT-004,WQS-004,WQS-004,DMA-04,Chlorine,mg/L,0.563,0.456,0.612,0,0,Normal,28.705,77.24
2026-07-06,QT-004,WQS-004,WQS-004,DMA-04,Conductivity,uS/cm,680.717,605.8,768.1,0,0,Normal,28.705,77.24
2026-07-06,QT-004,WQS-004,WQS-004,DMA-04,Temperature,C,29.733,27.9,31.5,0,0,Normal,28.705,77.24
2026-07-06,QT-004,WQS-004,WQS-004,DMA-04,Turbidity,NTU,0.9,0.59,1.18,0,0,Normal,28.705,77.24
2026-07-06,QT-004,WQS-004,WQS-004,DMA-04,pH,pH,7.294,7.07,7.52,0,0,Normal,28.705,77.24
2026-07-06,QT-005,WQS-005,WQS-005,DMA-05,Chlorine,mg/L,0.529,0.442,0.637,0,0,Normal,28.712,77.245
2026-07-06,QT-005,WQS-005,WQS-005,DMA-05,Conductivity,uS/cm,686.329,628.2,740.0,0,0,Normal,28.712,77.245
2026-07-06,QT-005,WQS-005,WQS-005,DMA-05,Temperature,C,29.708,28.0,31.3,0,0,Normal,28.712,77.245
2026-07-06,QT-005,WQS-005,WQS-005,DMA-05,Turbidity,NTU,0.882,0.56,1.11,0,0,Normal,28.712,77.245
2026-07-06,QT-005,WQS-005,WQS-005,DMA-05,pH,pH,7.289,7.09,7.49,0,0,Normal,28.712,77.245
2026-07-06,QT-006,WQS-006,WQS-006,DMA-06,Chlorine,mg/L,0.564,0.467,0.668,0,0,Normal,28.731,77.277
2026-07-06,QT-006,WQS-006,WQS-006,DMA-06,Conductivity,uS/cm,672.267,586.8,743.3,0,0,Normal,28.731,77.277
2026-07-06,QT-006,WQS-006,WQS-006,DMA-06,Temperature,C,29.779,28.0,31.8,0,0,Normal,28.731,77.277
2026-07-06,QT-006,WQS-006,WQS-006,DMA-06,Turbidity,NTU,0.96,0.71,1.12,0,0,Normal,28.731,77.277
2026-07-06,QT-006,WQS-006,WQS-006,DMA-06,pH,pH,7.315,7.17,7.49,0,0,Normal,28.731,77.277
2026-07-07,QT-001,WQS-001,WQS-001,DMA-01,Chlorine,mg/L,0.548,0.444,0.67,0,0,Normal,28.738,77.255
2026-07-07,QT-001,WQS-001,WQS-001,DMA-01,Conductivity,uS/cm,672.821,585.9,753.8,0,0,Normal,28.738,77.255
2026-07-07,QT-001,WQS-001,WQS-001,DMA-01,Temperature,C,29.725,28.1,31.2,0,0,Normal,28.738,77.255
2026-07-07,QT-001,WQS-001,WQS-001,DMA-01,Turbidity,NTU,0.883,0.57,1.28,0,0,Normal,28.738,77.255
2026-07-07,QT-001,WQS-001,WQS-001,DMA-01,pH,pH,7.295,7.08,7.5,0,0,Normal,28.738,77.255
2026-07-07,QT-002,WQS-002,WQS-002,DMA-02,Chlorine,mg/L,0.558,0.443,0.66,0,0,Normal,28.726,77.253
2026-07-07,QT-002,WQS-002,WQS-002,DMA-02,Conductivity,uS/cm,682.162,618.0,757.5,0,0,Normal,28.726,77.253
2026-07-07,QT-002,WQS-002,WQS-002,DMA-02,Temperature,C,29.671,28.1,31.7,0,0,Normal,28.726,77.253
2026-07-07,QT-002,WQS-002,WQS-002,DMA-02,Turbidity,NTU,0.876,0.58,1.07,0,0,Normal,28.726,77.253
2026-07-07,QT-002,WQS-002,WQS-002,DMA-02,pH,pH,7.33,7.25,7.45,0,0,Normal,28.726,77.253
2026-07-07,QT-003,WQS-003,WQS-003,DMA-03,Chlorine,mg/L,0.578,0.476,0.69,0,0,Normal,28.717,77.269
2026-07-07,QT-003,WQS-003,WQS-003,DMA-03,Conductivity,uS/cm,685.442,621.5,757.8,0,0,Normal,28.717,77.269
2026-07-07,QT-003,WQS-003,WQS-003,DMA-03,Temperature,C,29.779,28.1,31.6,0,0,Normal,28.717,77.269
2026-07-07,QT-003,WQS-003,WQS-003,DMA-03,Turbidity,NTU,0.942,0.72,1.18,0,0,Normal,28.717,77.269
2026-07-07,QT-003,WQS-003,WQS-003,DMA-03,pH,pH,7.294,7.18,7.48,0,0,Normal,28.717,77.269
2026-07-07,QT-004,WQS-004,WQS-004,DMA-04,Chlorine,mg/L,0.541,0.446,0.641,0,0,Normal,28.705,77.24
2026-07-07,QT-004,WQS-004,WQS-004,DMA-04,Conductivity,uS/cm,678.154,594.9,743.2,0,0,Normal,28.705,77.24
2026-07-07,QT-004,WQS-004,WQS-004,DMA-04,Temperature,C,29.746,27.8,31.5,0,0,Normal,28.705,77.24
2026-07-07,QT-004,WQS-004,WQS-004,DMA-04,Turbidity,NTU,0.85,0.56,1.2,0,0,Normal,28.705,77.24
2026-07-07,QT-004,WQS-004,WQS-004,DMA-04,pH,pH,7.293,7.12,7.43,0,0,Normal,28.705,77.24
2026-07-07,QT-005,WQS-005,WQS-005,DMA-05,Chlorine,mg/L,0.561,0.48,0.64,0,0,Normal,28.712,77.245
2026-07-07,QT-005,WQS-005,WQS-005,DMA-05,Conductivity,uS/cm,664.033,600.4,740.5,0,0,Normal,28.712,77.245
2026-07-07,QT-005,WQS-005,WQS-005,DMA-05,Temperature,C,29.808,28.0,31.7,0,0,Normal,28.712,77.245
2026-07-07,QT-005,WQS-005,WQS-005,DMA-05,Turbidity,NTU,0.907,0.56,1.33,0,0,Normal,28.712,77.245
2026-07-07,QT-005,WQS-005,WQS-005,DMA-05,pH,pH,7.291,7.17,7.45,0,0,Normal,28.712,77.245
2026-07-07,QT-006,WQS-006,WQS-006,DMA-06,Chlorine,mg/L,0.545,0.443,0.657,0,0,Normal,28.731,77.277
2026-07-07,QT-006,WQS-006,WQS-006,DMA-06,Conductivity,uS/cm,668.475,610.6,753.4,0,0,Normal,28.731,77.277
2026-07-07,QT-006,WQS-006,WQS-006,DMA-06,Temperature,C,29.7,27.9,31.1,0,0,Normal,28.731,77.277
2026-07-07,QT-006,WQS-006,WQS-006,DMA-06,Turbidity,NTU,0.845,0.59,1.11,0,0,Normal,28.731,77.277
2026-07-07,QT-006,WQS-006,WQS-006,DMA-06,pH,pH,7.283,7.16,7.43,0,0,Normal,28.731,77.277
2026-07-08,QT-001,WQS-001,WQS-001,DMA-01,Chlorine,mg/L,0.556,0.462,0.683,0,0,Normal,28.738,77.255
2026-07-08,QT-001,WQS-001,WQS-001,DMA-01,Conductivity,uS/cm,680.767,639.3,744.6,0,0,Normal,28.738,77.255
2026-07-08,QT-001,WQS-001,WQS-001,DMA-01,Temperature,C,29.779,27.6,31.5,0,0,Normal,28.738,77.255
2026-07-08,QT-001,WQS-001,WQS-001,DMA-01,Turbidity,NTU,0.906,0.6,1.16,0,0,Normal,28.738,77.255
2026-07-08,QT-001,WQS-001,WQS-001,DMA-01,pH,pH,7.304,7.12,7.44,0,0,Normal,28.738,77.255
2026-07-08,QT-002,WQS-002,WQS-002,DMA-02,Chlorine,mg/L,0.557,0.456,0.691,0,0,Normal,28.726,77.253
2026-07-08,QT-002,WQS-002,WQS-002,DMA-02,Conductivity,uS/cm,676.996,635.9,787.3,0,0,Normal,28.726,77.253
2026-07-08,QT-002,WQS-002,WQS-002,DMA-02,Temperature,C,29.846,28.3,31.5,0,0,Normal,28.726,77.253
2026-07-08,QT-002,WQS-002,WQS-002,DMA-02,Turbidity,NTU,0.922,0.74,1.2,0,0,Normal,28.726,77.253
2026-07-08,QT-002,WQS-002,WQS-002,DMA-02,pH,pH,7.306,7.17,7.47,0,0,Normal,28.726,77.253
2026-07-08,QT-003,WQS-003,WQS-003,DMA-03,Chlorine,mg/L,0.541,0.44,0.629,0,0,Normal,28.717,77.269
2026-07-08,QT-003,WQS-003,WQS-003,DMA-03,Conductivity,uS/cm,687.992,602.4,757.9,0,0,Normal,28.717,77.269
2026-07-08,QT-003,WQS-003,WQS-003,DMA-03,Temperature,C,29.871,27.8,31.7,0,0,Normal,28.717,77.269
2026-07-08,QT-003,WQS-003,WQS-003,DMA-03,Turbidity,NTU,0.896,0.49,1.19,0,0,Normal,28.717,77.269
2026-07-08,QT-003,WQS-003,WQS-003,DMA-03,pH,pH,7.263,7.12,7.44,0,0,Normal,28.717,77.269
2026-07-08,QT-004,WQS-004,WQS-004,DMA-04,Chlorine,mg/L,0.541,0.474,0.628,0,0,Normal,28.705,77.24
2026-07-08,QT-004,WQS-004,WQS-004,DMA-04,Conductivity,uS/cm,680.167,619.8,726.7,0,0,Normal,28.705,77.24
2026-07-08,QT-004,WQS-004,WQS-004,DMA-04,Temperature,C,29.879,28.2,31.7,0,0,Normal,28.705,77.24
2026-07-08,QT-004,WQS-004,WQS-004,DMA-04,Turbidity,NTU,0.91,0.51,1.27,0,0,Normal,28.705,77.24
2026-07-08,QT-004,WQS-004,WQS-004,DMA-04,pH,pH,7.299,7.17,7.41,0,0,Normal,28.705,77.24
2026-07-08,QT-005,WQS-005,WQS-005,DMA-05,Chlorine,mg/L,0.541,0.416,0.665,0,0,Normal,28.712,77.245
2026-07-08,QT-005,WQS-005,WQS-005,DMA-05,Conductivity,uS/cm,683.321,626.1,733.4,0,0,Normal,28.712,77.245
2026-07-08,QT-005,WQS-005,WQS-005,DMA-05,Temperature,C,29.771,28.3,31.9,0,0,Normal,28.712,77.245
2026-07-08,QT-005,WQS-005,WQS-005,DMA-05,Turbidity,NTU,0.938,0.54,1.35,0,0,Normal,28.712,77.245
2026-07-08,QT-005,WQS-005,WQS-005,DMA-05,pH,pH,7.32,7.21,7.49,0,0,Normal,28.712,77.245
2026-07-08,QT-006,WQS-006,WQS-006,DMA-06,Chlorine,mg/L,0.566,0.46,0.665,0,0,Normal,28.731,77.277
2026-07-08,QT-006,WQS-006,WQS-006,DMA-06,Conductivity,uS/cm,682.512,622.2,754.6,0,0,Normal,28.731,77.277
2026-07-08,QT-006,WQS-006,WQS-006,DMA-06,Temperature,C,29.888,28.2,31.9,0,0,Normal,28.731,77.277
2026-07-08,QT-006,WQS-006,WQS-006,DMA-06,Turbidity,NTU,0.894,0.41,1.13,0,0,Normal,28.731,77.277
2026-07-08,QT-006,WQS-006,WQS-006,DMA-06,pH,pH,7.32,7.19,7.45,0,0,Normal,28.731,77.277
2026-07-09,QT-001,WQS-001,WQS-001,DMA-01,Chlorine,mg/L,0.542,0.44,0.604,0,0,Normal,28.738,77.255
2026-07-09,QT-001,WQS-001,WQS-001,DMA-01,Conductivity,uS/cm,687.55,596.4,745.9,0,0,Normal,28.738,77.255
2026-07-09,QT-001,WQS-001,WQS-001,DMA-01,Temperature,C,29.842,28.0,31.6,0,0,Normal,28.738,77.255
2026-07-09,QT-001,WQS-001,WQS-001,DMA-01,Turbidity,NTU,0.916,0.66,1.09,0,0,Normal,28.738,77.255
2026-07-09,QT-001,WQS-001,WQS-001,DMA-01,pH,pH,7.267,7.14,7.45,0,0,Normal,28.738,77.255
2026-07-09,QT-002,WQS-002,WQS-002,DMA-02,Chlorine,mg/L,0.52,0.425,0.629,0,0,Normal,28.726,77.253
2026-07-09,QT-002,WQS-002,WQS-002,DMA-02,Conductivity,uS/cm,678.808,627.6,735.9,0,0,Normal,28.726,77.253
2026-07-09,QT-002,WQS-002,WQS-002,DMA-02,Temperature,C,29.85,28.0,31.8,0,0,Normal,28.726,77.253
2026-07-09,QT-002,WQS-002,WQS-002,DMA-02,Turbidity,NTU,0.852,0.65,1.14,0,0,Normal,28.726,77.253
2026-07-09,QT-002,WQS-002,WQS-002,DMA-02,pH,pH,7.286,7.14,7.43,0,0,Normal,28.726,77.253
2026-07-09,QT-003,WQS-003,WQS-003,DMA-03,Chlorine,mg/L,0.555,0.471,0.653,0,0,Normal,28.717,77.269
2026-07-09,QT-003,WQS-003,WQS-003,DMA-03,Conductivity,uS/cm,674.121,577.7,743.3,0,0,Normal,28.717,77.269
2026-07-09,QT-003,WQS-003,WQS-003,DMA-03,Temperature,C,29.871,28.2,31.7,0,0,Normal,28.717,77.269
2026-07-09,QT-003,WQS-003,WQS-003,DMA-03,Turbidity,NTU,0.845,0.6,1.22,0,0,Normal,28.717,77.269
2026-07-09,QT-003,WQS-003,WQS-003,DMA-03,pH,pH,7.279,7.11,7.54,0,0,Normal,28.717,77.269
2026-07-09,QT-004,WQS-004,WQS-004,DMA-04,Chlorine,mg/L,0.545,0.438,0.608,0,0,Normal,28.705,77.24
2026-07-09,QT-004,WQS-004,WQS-004,DMA-04,Conductivity,uS/cm,681.546,610.9,760.6,0,0,Normal,28.705,77.24
2026-07-09,QT-004,WQS-004,WQS-004,DMA-04,Temperature,C,29.879,28.0,31.8,0,0,Normal,28.705,77.24
2026-07-09,QT-004,WQS-004,WQS-004,DMA-04,Turbidity,NTU,0.903,0.51,1.23,0,0,Normal,28.705,77.24
2026-07-09,QT-004,WQS-004,WQS-004,DMA-04,pH,pH,7.268,7.15,7.4,0,0,Normal,28.705,77.24
2026-07-09,QT-005,WQS-005,WQS-005,DMA-05,Chlorine,mg/L,0.552,0.476,0.639,0,0,Normal,28.712,77.245
2026-07-09,QT-005,WQS-005,WQS-005,DMA-05,Conductivity,uS/cm,691.188,623.8,750.3,0,0,Normal,28.712,77.245
2026-07-09,QT-005,WQS-005,WQS-005,DMA-05,Temperature,C,29.975,28.4,31.7,0,0,Normal,28.712,77.245
2026-07-09,QT-005,WQS-005,WQS-005,DMA-05,Turbidity,NTU,0.89,0.63,1.41,0,0,Normal,28.712,77.245
2026-07-09,QT-005,WQS-005,WQS-005,DMA-05,pH,pH,7.318,7.13,7.52,0,0,Normal,28.712,77.245
2026-07-09,QT-006,WQS-006,WQS-006,DMA-06,Chlorine,mg/L,0.552,0.446,0.65,0,0,Normal,28.731,77.277
2026-07-09,QT-006,WQS-006,WQS-006,DMA-06,Conductivity,uS/cm,688.325,624.5,737.0,0,0,Normal,28.731,77.277
2026-07-09,QT-006,WQS-006,WQS-006,DMA-06,Temperature,C,29.862,28.3,31.6,0,0,Normal,28.731,77.277
2026-07-09,QT-006,WQS-006,WQS-006,DMA-06,Turbidity,NTU,0.877,0.63,1.08,0,0,Normal,28.731,77.277
2026-07-09,QT-006,WQS-006,WQS-006,DMA-06,pH,pH,7.313,7.14,7.46,0,0,Normal,28.731,77.277
2026-07-10,QT-001,WQS-001,WQS-001,DMA-01,Chlorine,mg/L,0.536,0.457,0.601,0,0,Normal,28.738,77.255
2026-07-10,QT-001,WQS-001,WQS-001,DMA-01,Conductivity,uS/cm,679.679,629.7,741.2,0,0,Normal,28.738,77.255
2026-07-10,QT-001,WQS-001,WQS-001,DMA-01,Temperature,C,29.954,28.0,31.4,0,0,Normal,28.738,77.255
2026-07-10,QT-001,WQS-001,WQS-001,DMA-01,Turbidity,NTU,0.883,0.63,1.19,0,0,Normal,28.738,77.255
2026-07-10,QT-001,WQS-001,WQS-001,DMA-01,pH,pH,7.291,7.13,7.43,0,0,Normal,28.738,77.255
2026-07-10,QT-002,WQS-002,WQS-002,DMA-02,Chlorine,mg/L,0.546,0.436,0.658,0,0,Normal,28.726,77.253
2026-07-10,QT-002,WQS-002,WQS-002,DMA-02,Conductivity,uS/cm,670.804,631.6,715.4,0,0,Normal,28.726,77.253
2026-07-10,QT-002,WQS-002,WQS-002,DMA-02,Temperature,C,29.921,28.3,31.7,0,0,Normal,28.726,77.253
2026-07-10,QT-002,WQS-002,WQS-002,DMA-02,Turbidity,NTU,0.914,0.54,1.15,0,0,Normal,28.726,77.253
2026-07-10,QT-002,WQS-002,WQS-002,DMA-02,pH,pH,7.298,7.18,7.45,0,0,Normal,28.726,77.253
2026-07-10,QT-003,WQS-003,WQS-003,DMA-03,Chlorine,mg/L,0.548,0.463,0.67,0,0,Normal,28.717,77.269
2026-07-10,QT-003,WQS-003,WQS-003,DMA-03,Conductivity,uS/cm,684.346,588.4,749.0,0,0,Normal,28.717,77.269
2026-07-10,QT-003,WQS-003,WQS-003,DMA-03,Temperature,C,29.9,28.0,31.5,0,0,Normal,28.717,77.269
2026-07-10,QT-003,WQS-003,WQS-003,DMA-03,Turbidity,NTU,0.856,0.55,1.14,0,0,Normal,28.717,77.269
2026-07-10,QT-003,WQS-003,WQS-003,DMA-03,pH,pH,7.272,7.12,7.45,0,0,Normal,28.717,77.269
2026-07-10,QT-004,WQS-004,WQS-004,DMA-04,Chlorine,mg/L,0.563,0.405,0.676,0,0,Normal,28.705,77.24
2026-07-10,QT-004,WQS-004,WQS-004,DMA-04,Conductivity,uS/cm,685.321,600.6,750.0,0,0,Normal,28.705,77.24
2026-07-10,QT-004,WQS-004,WQS-004,DMA-04,Temperature,C,29.967,28.3,31.9,0,0,Normal,28.705,77.24
2026-07-10,QT-004,WQS-004,WQS-004,DMA-04,Turbidity,NTU,0.885,0.66,1.18,0,0,Normal,28.705,77.24
2026-07-10,QT-004,WQS-004,WQS-004,DMA-04,pH,pH,7.322,7.19,7.45,0,0,Normal,28.705,77.24
2026-07-10,QT-005,WQS-005,WQS-005,DMA-05,Chlorine,mg/L,0.562,0.495,0.649,0,0,Normal,28.712,77.245
2026-07-10,QT-005,WQS-005,WQS-005,DMA-05,Conductivity,uS/cm,671.496,611.9,740.8,0,0,Normal,28.712,77.245
2026-07-10,QT-005,WQS-005,WQS-005,DMA-05,Temperature,C,29.967,28.4,31.6,0,0,Normal,28.712,77.245
2026-07-10,QT-005,WQS-005,WQS-005,DMA-05,Turbidity,NTU,0.889,0.6,1.16,0,0,Normal,28.712,77.245
2026-07-10,QT-005,WQS-005,WQS-005,DMA-05,pH,pH,7.273,7.09,7.42,0,0,Normal,28.712,77.245
2026-07-10,QT-006,WQS-006,WQS-006,DMA-06,Chlorine,mg/L,0.56,0.487,0.685,0,0,Normal,28.731,77.277
2026-07-10,QT-006,WQS-006,WQS-006,DMA-06,Conductivity,uS/cm,677.221,630.2,756.7,0,0,Normal,28.731,77.277
2026-07-10,QT-006,WQS-006,WQS-006,DMA-06,Temperature,C,29.854,28.4,31.6,0,0,Normal,28.731,77.277
2026-07-10,QT-006,WQS-006,WQS-006,DMA-06,Turbidity,NTU,0.921,0.69,1.19,0,0,Normal,28.731,77.277
2026-07-10,QT-006,WQS-006,WQS-006,DMA-06,pH,pH,7.323,7.1,7.51,0,0,Normal,28.731,77.277
2026-07-11,QT-001,WQS-001,WQS-001,DMA-01,Chlorine,mg/L,0.544,0.379,0.634,0,0,Normal,28.738,77.255
2026-07-11,QT-001,WQS-001,WQS-001,DMA-01,Conductivity,uS/cm,678.992,607.6,766.1,0,0,Normal,28.738,77.255
2026-07-11,QT-001,WQS-001,WQS-001,DMA-01,Temperature,C,30.042,28.2,32.1,0,0,Normal,28.738,77.255
2026-07-11,QT-001,WQS-001,WQS-001,DMA-01,Turbidity,NTU,0.842,0.63,1.11,0,0,Normal,28.738,77.255
2026-07-11,QT-001,WQS-001,WQS-001,DMA-01,pH,pH,7.312,7.17,7.44,0,0,Normal,28.738,77.255
2026-07-11,QT-002,WQS-002,WQS-002,DMA-02,Chlorine,mg/L,0.541,0.423,0.631,0,0,Normal,28.726,77.253
2026-07-11,QT-002,WQS-002,WQS-002,DMA-02,Conductivity,uS/cm,685.012,622.1,755.2,0,0,Normal,28.726,77.253
2026-07-11,QT-002,WQS-002,WQS-002,DMA-02,Temperature,C,29.9,27.9,31.6,0,0,Normal,28.726,77.253
2026-07-11,QT-002,WQS-002,WQS-002,DMA-02,Turbidity,NTU,0.905,0.65,1.17,0,0,Normal,28.726,77.253
2026-07-11,QT-002,WQS-002,WQS-002,DMA-02,pH,pH,7.313,7.19,7.6,0,0,Normal,28.726,77.253
2026-07-11,QT-003,WQS-003,WQS-003,DMA-03,Chlorine,mg/L,0.567,0.448,0.648,0,0,Normal,28.717,77.269
2026-07-11,QT-003,WQS-003,WQS-003,DMA-03,Conductivity,uS/cm,677.221,591.0,759.3,0,0,Normal,28.717,77.269
2026-07-11,QT-003,WQS-003,WQS-003,DMA-03,Temperature,C,29.925,28.1,31.7,0,0,Normal,28.717,77.269
2026-07-11,QT-003,WQS-003,WQS-003,DMA-03,Turbidity,NTU,0.905,0.67,1.17,0,0,Normal,28.717,77.269
2026-07-11,QT-003,WQS-003,WQS-003,DMA-03,pH,pH,7.273,7.17,7.38,0,0,Normal,28.717,77.269
2026-07-11,QT-004,WQS-004,WQS-004,DMA-04,Chlorine,mg/L,0.553,0.476,0.654,0,0,Normal,28.705,77.24
2026-07-11,QT-004,WQS-004,WQS-004,DMA-04,Conductivity,uS/cm,682.196,612.9,751.8,0,0,Normal,28.705,77.24
2026-07-11,QT-004,WQS-004,WQS-004,DMA-04,Temperature,C,29.908,28.2,31.8,0,0,Normal,28.705,77.24
2026-07-11,QT-004,WQS-004,WQS-004,DMA-04,Turbidity,NTU,0.932,0.71,1.11,0,0,Normal,28.705,77.24
2026-07-11,QT-004,WQS-004,WQS-004,DMA-04,pH,pH,7.315,7.17,7.46,0,0,Normal,28.705,77.24
2026-07-11,QT-005,WQS-005,WQS-005,DMA-05,Chlorine,mg/L,0.547,0.399,0.662,0,0,Normal,28.712,77.245
2026-07-11,QT-005,WQS-005,WQS-005,DMA-05,Conductivity,uS/cm,683.767,625.6,731.6,0,0,Normal,28.712,77.245
2026-07-11,QT-005,WQS-005,WQS-005,DMA-05,Temperature,C,29.946,28.2,31.6,0,0,Normal,28.712,77.245
2026-07-11,QT-005,WQS-005,WQS-005,DMA-05,Turbidity,NTU,0.861,0.57,1.18,0,0,Normal,28.712,77.245
2026-07-11,QT-005,WQS-005,WQS-005,DMA-05,pH,pH,7.314,7.15,7.46,0,0,Normal,28.712,77.245
2026-07-11,QT-006,WQS-006,WQS-006,DMA-06,Chlorine,mg/L,0.543,0.453,0.613,0,0,Normal,28.731,77.277
2026-07-11,QT-006,WQS-006,WQS-006,DMA-06,Conductivity,uS/cm,686.304,602.2,729.6,0,0,Normal,28.731,77.277
2026-07-11,QT-006,WQS-006,WQS-006,DMA-06,Temperature,C,29.904,27.8,31.6,0,0,Normal,28.731,77.277
2026-07-11,QT-006,WQS-006,WQS-006,DMA-06,Turbidity,NTU,0.856,0.52,1.08,0,0,Normal,28.731,77.277
2026-07-11,QT-006,WQS-006,WQS-006,DMA-06,pH,pH,7.292,7.13,7.47,0,0,Normal,28.731,77.277
2026-07-12,QT-001,WQS-001,WQS-001,DMA-01,Chlorine,mg/L,0.55,0.474,0.668,0,0,Normal,28.738,77.255
2026-07-12,QT-001,WQS-001,WQS-001,DMA-01,Conductivity,uS/cm,678.425,572.5,752.7,0,0,Normal,28.738,77.255
2026-07-12,QT-001,WQS-001,WQS-001,DMA-01,Temperature,C,30.029,28.3,31.7,0,0,Normal,28.738,77.255
2026-07-12,QT-001,WQS-001,WQS-001,DMA-01,Turbidity,NTU,0.978,0.75,1.27,0,0,Normal,28.738,77.255
2026-07-12,QT-001,WQS-001,WQS-001,DMA-01,pH,pH,7.315,7.19,7.48,0,0,Normal,28.738,77.255
2026-07-12,QT-002,WQS-002,WQS-002,DMA-02,Chlorine,mg/L,0.562,0.475,0.663,0,0,Normal,28.726,77.253
2026-07-12,QT-002,WQS-002,WQS-002,DMA-02,Conductivity,uS/cm,681.642,615.8,763.6,0,0,Normal,28.726,77.253
2026-07-12,QT-002,WQS-002,WQS-002,DMA-02,Temperature,C,30.096,28.2,31.7,0,0,Normal,28.726,77.253
2026-07-12,QT-002,WQS-002,WQS-002,DMA-02,Turbidity,NTU,0.939,0.62,1.21,0,0,Normal,28.726,77.253
2026-07-12,QT-002,WQS-002,WQS-002,DMA-02,pH,pH,7.327,7.22,7.48,0,0,Normal,28.726,77.253
2026-07-12,QT-003,WQS-003,WQS-003,DMA-03,Chlorine,mg/L,0.535,0.44,0.642,0,0,Normal,28.717,77.269
2026-07-12,QT-003,WQS-003,WQS-003,DMA-03,Conductivity,uS/cm,671.938,583.7,751.5,0,0,Normal,28.717,77.269
2026-07-12,QT-003,WQS-003,WQS-003,DMA-03,Temperature,C,29.983,28.3,31.9,0,0,Normal,28.717,77.269
2026-07-12,QT-003,WQS-003,WQS-003,DMA-03,Turbidity,NTU,0.879,0.41,1.12,0,0,Normal,28.717,77.269
2026-07-12,QT-003,WQS-003,WQS-003,DMA-03,pH,pH,7.309,7.17,7.49,0,0,Normal,28.717,77.269
2026-07-12,QT-004,WQS-004,WQS-004,DMA-04,Chlorine,mg/L,0.54,0.449,0.609,0,0,Normal,28.705,77.24
2026-07-12,QT-004,WQS-004,WQS-004,DMA-04,Conductivity,uS/cm,674.254,567.1,749.3,0,0,Normal,28.705,77.24
2026-07-12,QT-004,WQS-004,WQS-004,DMA-04,Temperature,C,29.908,27.8,31.7,0,0,Normal,28.705,77.24
2026-07-12,QT-004,WQS-004,WQS-004,DMA-04,Turbidity,NTU,0.888,0.44,1.19,0,0,Normal,28.705,77.24
2026-07-12,QT-004,WQS-004,WQS-004,DMA-04,pH,pH,7.298,7.12,7.48,0,0,Normal,28.705,77.24
2026-07-12,QT-005,WQS-005,WQS-005,DMA-05,Chlorine,mg/L,0.54,0.472,0.632,0,0,Normal,28.712,77.245
2026-07-12,QT-005,WQS-005,WQS-005,DMA-05,Conductivity,uS/cm,674.358,615.2,733.4,0,0,Normal,28.712,77.245
2026-07-12,QT-005,WQS-005,WQS-005,DMA-05,Temperature,C,29.929,28.4,31.3,0,0,Normal,28.712,77.245
2026-07-12,QT-005,WQS-005,WQS-005,DMA-05,Turbidity,NTU,0.901,0.68,1.13,0,0,Normal,28.712,77.245
2026-07-12,QT-005,WQS-005,WQS-005,DMA-05,pH,pH,7.321,7.23,7.42,0,0,Normal,28.712,77.245
2026-07-12,QT-006,WQS-006,WQS-006,DMA-06,Chlorine,mg/L,0.567,0.481,0.648,0,0,Normal,28.731,77.277
2026-07-12,QT-006,WQS-006,WQS-006,DMA-06,Conductivity,uS/cm,672.0,582.5,756.7,0,0,Normal,28.731,77.277
2026-07-12,QT-006,WQS-006,WQS-006,DMA-06,Temperature,C,29.954,28.2,32.1,0,0,Normal,28.731,77.277
2026-07-12,QT-006,WQS-006,WQS-006,DMA-06,Turbidity,NTU,0.881,0.59,1.2,0,0,Normal,28.731,77.277
2026-07-12,QT-006,WQS-006,WQS-006,DMA-06,pH,pH,7.305,7.15,7.39,0,0,Normal,28.731,77.277
2026-07-13,QT-001,WQS-001,WQS-001,DMA-01,Chlorine,mg/L,0.558,0.469,0.65,0,0,Normal,28.738,77.255
2026-07-13,QT-001,WQS-001,WQS-001,DMA-01,Conductivity,uS/cm,693.146,621.4,742.8,0,0,Normal,28.738,77.255
2026-07-13,QT-001,WQS-001,WQS-001,DMA-01,Temperature,C,29.971,27.9,31.6,0,0,Normal,28.738,77.255
2026-07-13,QT-001,WQS-001,WQS-001,DMA-01,Turbidity,NTU,0.891,0.52,1.18,0,0,Normal,28.738,77.255
2026-07-13,QT-001,WQS-001,WQS-001,DMA-01,pH,pH,7.337,7.13,7.48,0,0,Normal,28.738,77.255
2026-07-13,QT-002,WQS-002,WQS-002,DMA-02,Chlorine,mg/L,0.546,0.392,0.62,0,0,Normal,28.726,77.253
2026-07-13,QT-002,WQS-002,WQS-002,DMA-02,Conductivity,uS/cm,670.104,609.1,727.1,0,0,Normal,28.726,77.253
2026-07-13,QT-002,WQS-002,WQS-002,DMA-02,Temperature,C,29.954,28.4,31.6,0,0,Normal,28.726,77.253
2026-07-13,QT-002,WQS-002,WQS-002,DMA-02,Turbidity,NTU,0.915,0.66,1.23,0,0,Normal,28.726,77.253
2026-07-13,QT-002,WQS-002,WQS-002,DMA-02,pH,pH,7.309,7.07,7.43,0,0,Normal,28.726,77.253
2026-07-13,QT-003,WQS-003,WQS-003,DMA-03,Chlorine,mg/L,0.548,0.475,0.647,0,0,Normal,28.717,77.269
2026-07-13,QT-003,WQS-003,WQS-003,DMA-03,Conductivity,uS/cm,679.454,565.3,769.2,0,0,Normal,28.717,77.269
2026-07-13,QT-003,WQS-003,WQS-003,DMA-03,Temperature,C,29.988,28.0,31.6,0,0,Normal,28.717,77.269
2026-07-13,QT-003,WQS-003,WQS-003,DMA-03,Turbidity,NTU,0.907,0.71,1.16,0,0,Normal,28.717,77.269
2026-07-13,QT-003,WQS-003,WQS-003,DMA-03,pH,pH,7.29,7.1,7.45,0,0,Normal,28.717,77.269
2026-07-13,QT-004,WQS-004,WQS-004,DMA-04,Chlorine,mg/L,0.544,0.459,0.601,0,0,Normal,28.705,77.24
2026-07-13,QT-004,WQS-004,WQS-004,DMA-04,Conductivity,uS/cm,688.35,644.4,751.1,0,0,Normal,28.705,77.24
2026-07-13,QT-004,WQS-004,WQS-004,DMA-04,Temperature,C,29.933,28.7,31.3,0,0,Normal,28.705,77.24
2026-07-13,QT-004,WQS-004,WQS-004,DMA-04,Turbidity,NTU,0.918,0.72,1.18,0,0,Normal,28.705,77.24
2026-07-13,QT-004,WQS-004,WQS-004,DMA-04,pH,pH,7.29,7.17,7.42,0,0,Normal,28.705,77.24
2026-07-13,QT-005,WQS-005,WQS-005,DMA-05,Chlorine,mg/L,0.54,0.431,0.65,0,0,Normal,28.712,77.245
2026-07-13,QT-005,WQS-005,WQS-005,DMA-05,Conductivity,uS/cm,681.029,625.0,759.4,0,0,Normal,28.712,77.245
2026-07-13,QT-005,WQS-005,WQS-005,DMA-05,Temperature,C,29.925,28.5,31.4,0,0,Normal,28.712,77.245
2026-07-13,QT-005,WQS-005,WQS-005,DMA-05,Turbidity,NTU,0.926,0.6,1.24,0,0,Normal,28.712,77.245
2026-07-13,QT-005,WQS-005,WQS-005,DMA-05,pH,pH,7.311,7.16,7.51,0,0,Normal,28.712,77.245
2026-07-13,QT-006,WQS-006,WQS-006,DMA-06,Chlorine,mg/L,0.539,0.472,0.612,0,0,Normal,28.731,77.277
2026-07-13,QT-006,WQS-006,WQS-006,DMA-06,Conductivity,uS/cm,671.462,603.2,757.9,0,0,Normal,28.731,77.277
2026-07-13,QT-006,WQS-006,WQS-006,DMA-06,Temperature,C,30.021,28.2,31.8,0,0,Normal,28.731,77.277
2026-07-13,QT-006,WQS-006,WQS-006,DMA-06,Turbidity,NTU,0.958,0.57,1.24,0,0,Normal,28.731,77.277
2026-07-13,QT-006,WQS-006,WQS-006,DMA-06,pH,pH,7.3,7.13,7.46,0,0,Normal,28.731,77.277
2026-07-14,QT-001,WQS-001,WQS-001,DMA-01,Chlorine,mg/L,0.555,0.438,0.671,0,0,Normal,28.738,77.255
2026-07-14,QT-001,WQS-001,WQS-001,DMA-01,Conductivity,uS/cm,673.788,609.4,730.9,0,0,Normal,28.738,77.255
2026-07-14,QT-001,WQS-001,WQS-001,DMA-01,Temperature,C,30.058,28.1,32.1,0,0,Normal,28.738,77.255
2026-07-14,QT-001,WQS-001,WQS-001,DMA-01,Turbidity,NTU,0.83,0.64,1.12,0,0,Normal,28.738,77.255
2026-07-14,QT-001,WQS-001,WQS-001,DMA-01,pH,pH,7.269,7.12,7.38,0,0,Normal,28.738,77.255
2026-07-14,QT-002,WQS-002,WQS-002,DMA-02,Chlorine,mg/L,0.551,0.441,0.64,0,0,Normal,28.726,77.253
2026-07-14,QT-002,WQS-002,WQS-002,DMA-02,Conductivity,uS/cm,682.05,605.9,735.0,0,0,Normal,28.726,77.253
2026-07-14,QT-002,WQS-002,WQS-002,DMA-02,Temperature,C,29.979,28.0,31.9,0,0,Normal,28.726,77.253
2026-07-14,QT-002,WQS-002,WQS-002,DMA-02,Turbidity,NTU,0.83,0.53,1.17,0,0,Normal,28.726,77.253
2026-07-14,QT-002,WQS-002,WQS-002,DMA-02,pH,pH,7.309,7.22,7.47,0,0,Normal,28.726,77.253
2026-07-14,QT-003,WQS-003,WQS-003,DMA-03,Chlorine,mg/L,0.551,0.379,0.672,0,0,Normal,28.717,77.269
2026-07-14,QT-003,WQS-003,WQS-003,DMA-03,Conductivity,uS/cm,682.671,620.9,749.0,0,0,Normal,28.717,77.269
2026-07-14,QT-003,WQS-003,WQS-003,DMA-03,Temperature,C,29.983,28.5,31.6,0,0,Normal,28.717,77.269
2026-07-14,QT-003,WQS-003,WQS-003,DMA-03,Turbidity,NTU,0.964,0.76,1.21,0,0,Normal,28.717,77.269
2026-07-14,QT-003,WQS-003,WQS-003,DMA-03,pH,pH,7.295,7.13,7.47,0,0,Normal,28.717,77.269
2026-07-14,QT-004,WQS-004,WQS-004,DMA-04,Chlorine,mg/L,0.553,0.431,0.64,0,0,Normal,28.705,77.24
2026-07-14,QT-004,WQS-004,WQS-004,DMA-04,Conductivity,uS/cm,681.742,589.0,751.0,0,0,Normal,28.705,77.24
2026-07-14,QT-004,WQS-004,WQS-004,DMA-04,Temperature,C,30.054,28.1,31.8,0,0,Normal,28.705,77.24
2026-07-14,QT-004,WQS-004,WQS-004,DMA-04,Turbidity,NTU,0.911,0.61,1.1,0,0,Normal,28.705,77.24
2026-07-14,QT-004,WQS-004,WQS-004,DMA-04,pH,pH,7.313,7.16,7.45,0,0,Normal,28.705,77.24
2026-07-14,QT-005,WQS-005,WQS-005,DMA-05,Chlorine,mg/L,0.528,0.432,0.623,0,0,Normal,28.712,77.245
2026-07-14,QT-005,WQS-005,WQS-005,DMA-05,Conductivity,uS/cm,676.458,603.9,737.5,0,0,Normal,28.712,77.245
2026-07-14,QT-005,WQS-005,WQS-005,DMA-05,Temperature,C,30.046,28.0,32.1,0,0,Normal,28.712,77.245
2026-07-14,QT-005,WQS-005,WQS-005,DMA-05,Turbidity,NTU,0.893,0.66,1.21,0,0,Normal,28.712,77.245
2026-07-14,QT-005,WQS-005,WQS-005,DMA-05,pH,pH,7.31,7.16,7.46,0,0,Normal,28.712,77.245
2026-07-14,QT-006,WQS-006,WQS-006,DMA-06,Chlorine,mg/L,0.57,0.469,0.712,0,0,Normal,28.731,77.277
2026-07-14,QT-006,WQS-006,WQS-006,DMA-06,Conductivity,uS/cm,683.146,638.5,745.7,0,0,Normal,28.731,77.277
2026-07-14,QT-006,WQS-006,WQS-006,DMA-06,Temperature,C,29.95,28.0,32.1,0,0,Normal,28.731,77.277
2026-07-14,QT-006,WQS-006,WQS-006,DMA-06,Turbidity,NTU,0.898,0.63,1.26,0,0,Normal,28.731,77.277
2026-07-14,QT-006,WQS-006,WQS-006,DMA-06,pH,pH,7.294,7.14,7.49,0,0,Normal,28.731,77.277
2026-07-15,QT-001,WQS-001,WQS-001,DMA-01,Chlorine,mg/L,0.532,0.435,0.611,0,0,Normal,28.738,77.255
2026-07-15,QT-001,WQS-001,WQS-001,DMA-01,Conductivity,uS/cm,688.775,654.1,771.1,0,0,Normal,28.738,77.255
2026-07-15,QT-001,WQS-001,WQS-001,DMA-01,Temperature,C,30.071,28.0,31.9,0,0,Normal,28.738,77.255
2026-07-15,QT-001,WQS-001,WQS-001,DMA-01,Turbidity,NTU,0.922,0.68,1.25,0,0,Normal,28.738,77.255
2026-07-15,QT-001,WQS-001,WQS-001,DMA-01,pH,pH,7.295,7.06,7.47,0,0,Normal,28.738,77.255
2026-07-15,QT-002,WQS-002,WQS-002,DMA-02,Chlorine,mg/L,0.544,0.455,0.672,0,0,Normal,28.726,77.253
2026-07-15,QT-002,WQS-002,WQS-002,DMA-02,Conductivity,uS/cm,688.154,634.9,741.0,0,0,Normal,28.726,77.253
2026-07-15,QT-002,WQS-002,WQS-002,DMA-02,Temperature,C,30.071,28.4,31.5,0,0,Normal,28.726,77.253
2026-07-15,QT-002,WQS-002,WQS-002,DMA-02,Turbidity,NTU,0.878,0.46,1.1,0,0,Normal,28.726,77.253
2026-07-15,QT-002,WQS-002,WQS-002,DMA-02,pH,pH,7.303,7.15,7.49,0,0,Normal,28.726,77.253
2026-07-15,QT-003,WQS-003,WQS-003,DMA-03,Chlorine,mg/L,0.546,0.468,0.675,0,0,Normal,28.717,77.269
2026-07-15,QT-003,WQS-003,WQS-003,DMA-03,Conductivity,uS/cm,673.354,608.1,801.5,0,0,Normal,28.717,77.269
2026-07-15,QT-003,WQS-003,WQS-003,DMA-03,Temperature,C,30.058,28.4,32.0,0,0,Normal,28.717,77.269
2026-07-15,QT-003,WQS-003,WQS-003,DMA-03,Turbidity,NTU,0.847,0.53,1.2,0,0,Normal,28.717,77.269
2026-07-15,QT-003,WQS-003,WQS-003,DMA-03,pH,pH,7.308,7.16,7.46,0,0,Normal,28.717,77.269
2026-07-15,QT-004,WQS-004,WQS-004,DMA-04,Chlorine,mg/L,0.544,0.455,0.604,0,0,Normal,28.705,77.24
2026-07-15,QT-004,WQS-004,WQS-004,DMA-04,Conductivity,uS/cm,672.233,591.6,733.2,0,0,Normal,28.705,77.24
2026-07-15,QT-004,WQS-004,WQS-004,DMA-04,Temperature,C,30.192,28.6,31.8,0,0,Normal,28.705,77.24
2026-07-15,QT-004,WQS-004,WQS-004,DMA-04,Turbidity,NTU,0.91,0.51,1.15,0,0,Normal,28.705,77.24
2026-07-15,QT-004,WQS-004,WQS-004,DMA-04,pH,pH,7.308,7.17,7.48,0,0,Normal,28.705,77.24
2026-07-15,QT-005,WQS-005,WQS-005,DMA-05,Chlorine,mg/L,0.549,0.45,0.635,0,0,Normal,28.712,77.245
2026-07-15,QT-005,WQS-005,WQS-005,DMA-05,Conductivity,uS/cm,682.308,620.4,738.9,0,0,Normal,28.712,77.245
2026-07-15,QT-005,WQS-005,WQS-005,DMA-05,Temperature,C,30.112,28.5,31.7,0,0,Normal,28.712,77.245
2026-07-15,QT-005,WQS-005,WQS-005,DMA-05,Turbidity,NTU,0.908,0.59,1.14,0,0,Normal,28.712,77.245
2026-07-15,QT-005,WQS-005,WQS-005,DMA-05,pH,pH,7.301,7.09,7.47,0,0,Normal,28.712,77.245
2026-07-15,QT-006,WQS-006,WQS-006,DMA-06,Chlorine,mg/L,0.542,0.45,0.651,0,0,Normal,28.731,77.277
2026-07-15,QT-006,WQS-006,WQS-006,DMA-06,Conductivity,uS/cm,667.179,592.0,721.0,0,0,Normal,28.731,77.277
2026-07-15,QT-006,WQS-006,WQS-006,DMA-06,Temperature,C,30.029,28.2,31.7,0,0,Normal,28.731,77.277
2026-07-15,QT-006,WQS-006,WQS-006,DMA-06,Turbidity,NTU,0.907,0.58,1.31,0,0,Normal,28.731,77.277
2026-07-15,QT-006,WQS-006,WQS-006,DMA-06,pH,pH,7.295,7.2,7.4,0,0,Normal,28.731,77.277
2026-07-16,QT-001,WQS-001,WQS-001,DMA-01,Chlorine,mg/L,0.565,0.449,0.68,0,0,Normal,28.738,77.255
2026-07-16,QT-001,WQS-001,WQS-001,DMA-01,Conductivity,uS/cm,674.0,578.5,723.4,0,0,Normal,28.738,77.255
2026-07-16,QT-001,WQS-001,WQS-001,DMA-01,Temperature,C,30.158,28.4,31.8,0,0,Normal,28.738,77.255
2026-07-16,QT-001,WQS-001,WQS-001,DMA-01,Turbidity,NTU,0.888,0.64,1.15,0,0,Normal,28.738,77.255
2026-07-16,QT-001,WQS-001,WQS-001,DMA-01,pH,pH,7.286,7.14,7.45,0,0,Normal,28.738,77.255
2026-07-16,QT-002,WQS-002,WQS-002,DMA-02,Chlorine,mg/L,0.567,0.465,0.677,0,0,Normal,28.726,77.253
2026-07-16,QT-002,WQS-002,WQS-002,DMA-02,Conductivity,uS/cm,676.625,598.9,780.1,0,0,Normal,28.726,77.253
2026-07-16,QT-002,WQS-002,WQS-002,DMA-02,Temperature,C,30.229,28.5,31.9,0,0,Normal,28.726,77.253
2026-07-16,QT-002,WQS-002,WQS-002,DMA-02,Turbidity,NTU,0.919,0.68,1.29,0,0,Normal,28.726,77.253
2026-07-16,QT-002,WQS-002,WQS-002,DMA-02,pH,pH,7.323,7.16,7.42,0,0,Normal,28.726,77.253
2026-07-16,QT-003,WQS-003,WQS-003,DMA-03,Chlorine,mg/L,0.54,0.451,0.622,0,0,Normal,28.717,77.269
2026-07-16,QT-003,WQS-003,WQS-003,DMA-03,Conductivity,uS/cm,676.05,628.2,729.5,0,0,Normal,28.717,77.269
2026-07-16,QT-003,WQS-003,WQS-003,DMA-03,Temperature,C,30.129,28.6,31.9,0,0,Normal,28.717,77.269
2026-07-16,QT-003,WQS-003,WQS-003,DMA-03,Turbidity,NTU,0.891,0.7,1.1,0,0,Normal,28.717,77.269
2026-07-16,QT-003,WQS-003,WQS-003,DMA-03,pH,pH,7.285,7.19,7.45,0,0,Normal,28.717,77.269
2026-07-16,QT-004,WQS-004,WQS-004,DMA-04,Chlorine,mg/L,0.542,0.446,0.628,0,0,Normal,28.705,77.24
2026-07-16,QT-004,WQS-004,WQS-004,DMA-04,Conductivity,uS/cm,675.983,593.5,767.4,0,0,Normal,28.705,77.24
2026-07-16,QT-004,WQS-004,WQS-004,DMA-04,Temperature,C,30.133,28.3,31.6,0,0,Normal,28.705,77.24
2026-07-16,QT-004,WQS-004,WQS-004,DMA-04,Turbidity,NTU,0.9,0.59,1.2,0,0,Normal,28.705,77.24
2026-07-16,QT-004,WQS-004,WQS-004,DMA-04,pH,pH,7.298,7.2,7.43,0,0,Normal,28.705,77.24
2026-07-16,QT-005,WQS-005,WQS-005,DMA-05,Chlorine,mg/L,0.552,0.463,0.626,0,0,Normal,28.712,77.245
2026-07-16,QT-005,WQS-005,WQS-005,DMA-05,Conductivity,uS/cm,680.342,615.9,743.9,0,0,Normal,28.712,77.245
2026-07-16,QT-005,WQS-005,WQS-005,DMA-05,Temperature,C,30.15,28.4,31.9,0,0,Normal,28.712,77.245
2026-07-16,QT-005,WQS-005,WQS-005,DMA-05,Turbidity,NTU,0.911,0.56,1.19,0,0,Normal,28.712,77.245
2026-07-16,QT-005,WQS-005,WQS-005,DMA-05,pH,pH,7.288,7.08,7.46,0,0,Normal,28.712,77.245
2026-07-16,QT-006,WQS-006,WQS-006,DMA-06,Chlorine,mg/L,0.571,0.467,0.691,0,0,Normal,28.731,77.277
2026-07-16,QT-006,WQS-006,WQS-006,DMA-06,Conductivity,uS/cm,674.492,597.7,732.7,0,0,Normal,28.731,77.277
2026-07-16,QT-006,WQS-006,WQS-006,DMA-06,Temperature,C,30.112,28.7,31.5,0,0,Normal,28.731,77.277
2026-07-16,QT-006,WQS-006,WQS-006,DMA-06,Turbidity,NTU,0.904,0.56,1.2,0,0,Normal,28.731,77.277
2026-07-16,QT-006,WQS-006,WQS-006,DMA-06,pH,pH,7.307,7.2,7.47,0,0,Normal,28.731,77.277
2026-07-17,QT-001,WQS-001,WQS-001,DMA-01,Chlorine,mg/L,0.551,0.41,0.68,0,0,Normal,28.738,77.255
2026-07-17,QT-001,WQS-001,WQS-001,DMA-01,Conductivity,uS/cm,677.117,589.7,746.8,0,0,Normal,28.738,77.255
2026-07-17,QT-001,WQS-001,WQS-001,DMA-01,Temperature,C,30.246,28.5,31.8,0,0,Normal,28.738,77.255
2026-07-17,QT-001,WQS-001,WQS-001,DMA-01,Turbidity,NTU,0.901,0.66,1.17,0,0,Normal,28.738,77.255
2026-07-17,QT-001,WQS-001,WQS-001,DMA-01,pH,pH,7.288,7.14,7.48,0,0,Normal,28.738,77.255
2026-07-17,QT-002,WQS-002,WQS-002,DMA-02,Chlorine,mg/L,0.564,0.478,0.662,0,0,Normal,28.726,77.253
2026-07-17,QT-002,WQS-002,WQS-002,DMA-02,Conductivity,uS/cm,685.454,600.9,745.4,0,0,Normal,28.726,77.253
2026-07-17,QT-002,WQS-002,WQS-002,DMA-02,Temperature,C,30.129,28.4,31.8,0,0,Normal,28.726,77.253
2026-07-17,QT-002,WQS-002,WQS-002,DMA-02,Turbidity,NTU,0.882,0.48,1.19,0,0,Normal,28.726,77.253
2026-07-17,QT-002,WQS-002,WQS-002,DMA-02,pH,pH,7.336,7.21,7.53,0,0,Normal,28.726,77.253
2026-07-17,QT-003,WQS-003,WQS-003,DMA-03,Chlorine,mg/L,0.53,0.342,0.638,1,0,Warning,28.717,77.269
2026-07-17,QT-003,WQS-003,WQS-003,DMA-03,Conductivity,uS/cm,677.012,612.5,766.9,0,0,Normal,28.717,77.269
2026-07-17,QT-003,WQS-003,WQS-003,DMA-03,Temperature,C,30.075,28.5,31.7,0,0,Normal,28.717,77.269
2026-07-17,QT-003,WQS-003,WQS-003,DMA-03,Turbidity,NTU,0.932,0.54,1.33,0,0,Normal,28.717,77.269
2026-07-17,QT-003,WQS-003,WQS-003,DMA-03,pH,pH,7.29,7.15,7.41,0,0,Normal,28.717,77.269
2026-07-17,QT-004,WQS-004,WQS-004,DMA-04,Chlorine,mg/L,0.546,0.46,0.634,0,0,Normal,28.705,77.24
2026-07-17,QT-004,WQS-004,WQS-004,DMA-04,Conductivity,uS/cm,672.758,630.0,731.7,0,0,Normal,28.705,77.24
2026-07-17,QT-004,WQS-004,WQS-004,DMA-04,Temperature,C,30.138,28.5,31.8,0,0,Normal,28.705,77.24
2026-07-17,QT-004,WQS-004,WQS-004,DMA-04,Turbidity,NTU,0.987,0.74,1.2,0,0,Normal,28.705,77.24
2026-07-17,QT-004,WQS-004,WQS-004,DMA-04,pH,pH,7.289,7.19,7.43,0,0,Normal,28.705,77.24
2026-07-17,QT-005,WQS-005,WQS-005,DMA-05,Chlorine,mg/L,0.549,0.476,0.644,0,0,Normal,28.712,77.245
2026-07-17,QT-005,WQS-005,WQS-005,DMA-05,Conductivity,uS/cm,684.217,634.9,754.0,0,0,Normal,28.712,77.245
2026-07-17,QT-005,WQS-005,WQS-005,DMA-05,Temperature,C,30.121,28.2,32.1,0,0,Normal,28.712,77.245
2026-07-17,QT-005,WQS-005,WQS-005,DMA-05,Turbidity,NTU,0.88,0.49,1.09,0,0,Normal,28.712,77.245
2026-07-17,QT-005,WQS-005,WQS-005,DMA-05,pH,pH,7.302,7.09,7.42,0,0,Normal,28.712,77.245
2026-07-17,QT-006,WQS-006,WQS-006,DMA-06,Chlorine,mg/L,0.578,0.486,0.675,0,0,Normal,28.731,77.277
2026-07-17,QT-006,WQS-006,WQS-006,DMA-06,Conductivity,uS/cm,690.904,614.6,751.7,0,0,Normal,28.731,77.277
2026-07-17,QT-006,WQS-006,WQS-006,DMA-06,Temperature,C,30.083,28.2,32.0,0,0,Normal,28.731,77.277
2026-07-17,QT-006,WQS-006,WQS-006,DMA-06,Turbidity,NTU,0.92,0.6,1.25,0,0,Normal,28.731,77.277
2026-07-17,QT-006,WQS-006,WQS-006,DMA-06,pH,pH,7.314,7.17,7.48,0,0,Normal,28.731,77.277
2026-07-18,QT-001,WQS-001,WQS-001,DMA-01,Chlorine,mg/L,0.551,0.464,0.618,0,0,Normal,28.738,77.255
2026-07-18,QT-001,WQS-001,WQS-001,DMA-01,Conductivity,uS/cm,675.5,620.3,758.7,0,0,Normal,28.738,77.255
2026-07-18,QT-001,WQS-001,WQS-001,DMA-01,Temperature,C,30.15,28.1,31.7,0,0,Normal,28.738,77.255
2026-07-18,QT-001,WQS-001,WQS-001,DMA-01,Turbidity,NTU,0.875,0.69,1.19,0,0,Normal,28.738,77.255
2026-07-18,QT-001,WQS-001,WQS-001,DMA-01,pH,pH,7.305,7.14,7.51,0,0,Normal,28.738,77.255
2026-07-18,QT-002,WQS-002,WQS-002,DMA-02,Chlorine,mg/L,0.551,0.477,0.617,0,0,Normal,28.726,77.253
2026-07-18,QT-002,WQS-002,WQS-002,DMA-02,Conductivity,uS/cm,675.412,609.6,754.1,0,0,Normal,28.726,77.253
2026-07-18,QT-002,WQS-002,WQS-002,DMA-02,Temperature,C,30.321,28.3,32.2,0,0,Normal,28.726,77.253
2026-07-18,QT-002,WQS-002,WQS-002,DMA-02,Turbidity,NTU,0.906,0.72,1.17,0,0,Normal,28.726,77.253
2026-07-18,QT-002,WQS-002,WQS-002,DMA-02,pH,pH,7.317,7.12,7.45,0,0,Normal,28.726,77.253
2026-07-18,QT-003,WQS-003,WQS-003,DMA-03,Chlorine,mg/L,0.557,0.448,0.676,0,0,Normal,28.717,77.269
2026-07-18,QT-003,WQS-003,WQS-003,DMA-03,Conductivity,uS/cm,667.408,590.0,718.4,0,0,Normal,28.717,77.269
2026-07-18,QT-003,WQS-003,WQS-003,DMA-03,Temperature,C,30.192,28.0,31.9,0,0,Normal,28.717,77.269
2026-07-18,QT-003,WQS-003,WQS-003,DMA-03,Turbidity,NTU,0.926,0.6,1.22,0,0,Normal,28.717,77.269
2026-07-18,QT-003,WQS-003,WQS-003,DMA-03,pH,pH,7.302,7.14,7.45,0,0,Normal,28.717,77.269
2026-07-18,QT-004,WQS-004,WQS-004,DMA-04,Chlorine,mg/L,0.534,0.461,0.646,0,0,Normal,28.705,77.24
2026-07-18,QT-004,WQS-004,WQS-004,DMA-04,Conductivity,uS/cm,685.079,641.9,742.1,0,0,Normal,28.705,77.24
2026-07-18,QT-004,WQS-004,WQS-004,DMA-04,Temperature,C,30.217,28.6,31.9,0,0,Normal,28.705,77.24
2026-07-18,QT-004,WQS-004,WQS-004,DMA-04,Turbidity,NTU,0.9,0.69,1.31,0,0,Normal,28.705,77.24
2026-07-18,QT-004,WQS-004,WQS-004,DMA-04,pH,pH,7.292,7.14,7.46,0,0,Normal,28.705,77.24
2026-07-18,QT-005,WQS-005,WQS-005,DMA-05,Chlorine,mg/L,0.548,0.413,0.653,0,0,Normal,28.712,77.245
2026-07-18,QT-005,WQS-005,WQS-005,DMA-05,Conductivity,uS/cm,672.962,603.5,748.3,0,0,Normal,28.712,77.245
2026-07-18,QT-005,WQS-005,WQS-005,DMA-05,Temperature,C,30.188,28.3,32.7,0,0,Normal,28.712,77.245
2026-07-18,QT-005,WQS-005,WQS-005,DMA-05,Turbidity,NTU,0.879,0.58,1.23,0,0,Normal,28.712,77.245
2026-07-18,QT-005,WQS-005,WQS-005,DMA-05,pH,pH,7.311,7.16,7.46,0,0,Normal,28.712,77.245
2026-07-18,QT-006,WQS-006,WQS-006,DMA-06,Chlorine,mg/L,0.546,0.445,0.627,0,0,Normal,28.731,77.277
2026-07-18,QT-006,WQS-006,WQS-006,DMA-06,Conductivity,uS/cm,690.017,627.7,763.7,0,0,Normal,28.731,77.277
2026-07-18,QT-006,WQS-006,WQS-006,DMA-06,Temperature,C,30.188,28.5,32.0,0,0,Normal,28.731,77.277
2026-07-18,QT-006,WQS-006,WQS-006,DMA-06,Turbidity,NTU,0.951,0.69,1.29,0,0,Normal,28.731,77.277
2026-07-18,QT-006,WQS-006,WQS-006,DMA-06,pH,pH,7.302,7.13,7.47,0,0,Normal,28.731,77.277
2026-07-19,QT-001,WQS-001,WQS-001,DMA-01,Chlorine,mg/L,0.553,0.487,0.617,0,0,Normal,28.738,77.255
2026-07-19,QT-001,WQS-001,WQS-001,DMA-01,Conductivity,uS/cm,679.113,573.5,753.2,0,0,Normal,28.738,77.255
2026-07-19,QT-001,WQS-001,WQS-001,DMA-01,Temperature,C,30.283,28.4,32.1,0,0,Normal,28.738,77.255
2026-07-19,QT-001,WQS-001,WQS-001,DMA-01,Turbidity,NTU,0.952,0.77,1.21,0,0,Normal,28.738,77.255
2026-07-19,QT-001,WQS-001,WQS-001,DMA-01,pH,pH,7.329,7.17,7.51,0,0,Normal,28.738,77.255
2026-07-19,QT-002,WQS-002,WQS-002,DMA-02,Chlorine,mg/L,0.557,0.47,0.639,0,0,Normal,28.726,77.253
2026-07-19,QT-002,WQS-002,WQS-002,DMA-02,Conductivity,uS/cm,679.696,616.9,744.7,0,0,Normal,28.726,77.253
2026-07-19,QT-002,WQS-002,WQS-002,DMA-02,Temperature,C,30.279,28.8,32.3,0,0,Normal,28.726,77.253
2026-07-19,QT-002,WQS-002,WQS-002,DMA-02,Turbidity,NTU,0.935,0.62,1.28,0,0,Normal,28.726,77.253
2026-07-19,QT-002,WQS-002,WQS-002,DMA-02,pH,pH,7.3,7.11,7.47,0,0,Normal,28.726,77.253
2026-07-19,QT-003,WQS-003,WQS-003,DMA-03,Chlorine,mg/L,0.562,0.467,0.641,0,0,Normal,28.717,77.269
2026-07-19,QT-003,WQS-003,WQS-003,DMA-03,Conductivity,uS/cm,682.0,627.3,740.1,0,0,Normal,28.717,77.269
2026-07-19,QT-003,WQS-003,WQS-003,DMA-03,Temperature,C,30.142,28.1,32.1,0,0,Normal,28.717,77.269
2026-07-19,QT-003,WQS-003,WQS-003,DMA-03,Turbidity,NTU,0.875,0.61,1.41,0,0,Normal,28.717,77.269
2026-07-19,QT-003,WQS-003,WQS-003,DMA-03,pH,pH,7.312,7.19,7.48,0,0,Normal,28.717,77.269
2026-07-19,QT-004,WQS-004,WQS-004,DMA-04,Chlorine,mg/L,0.545,0.482,0.637,0,0,Normal,28.705,77.24
2026-07-19,QT-004,WQS-004,WQS-004,DMA-04,Conductivity,uS/cm,682.883,572.1,800.5,0,0,Normal,28.705,77.24
2026-07-19,QT-004,WQS-004,WQS-004,DMA-04,Temperature,C,30.154,28.3,32.0,0,0,Normal,28.705,77.24
2026-07-19,QT-004,WQS-004,WQS-004,DMA-04,Turbidity,NTU,0.913,0.42,1.19,0,0,Normal,28.705,77.24
2026-07-19,QT-004,WQS-004,WQS-004,DMA-04,pH,pH,7.277,7.12,7.52,0,0,Normal,28.705,77.24
2026-07-19,QT-005,WQS-005,WQS-005,DMA-05,Chlorine,mg/L,0.543,0.427,0.686,0,0,Normal,28.712,77.245
2026-07-19,QT-005,WQS-005,WQS-005,DMA-05,Conductivity,uS/cm,674.329,610.3,775.1,0,0,Normal,28.712,77.245
2026-07-19,QT-005,WQS-005,WQS-005,DMA-05,Temperature,C,30.2,28.4,32.0,0,0,Normal,28.712,77.245
2026-07-19,QT-005,WQS-005,WQS-005,DMA-05,Turbidity,NTU,0.867,0.5,1.2,0,0,Normal,28.712,77.245
2026-07-19,QT-005,WQS-005,WQS-005,DMA-05,pH,pH,7.31,7.15,7.51,0,0,Normal,28.712,77.245
2026-07-19,QT-006,WQS-006,WQS-006,DMA-06,Chlorine,mg/L,0.557,0.481,0.649,0,0,Normal,28.731,77.277
2026-07-19,QT-006,WQS-006,WQS-006,DMA-06,Conductivity,uS/cm,665.35,588.0,747.6,0,0,Normal,28.731,77.277
2026-07-19,QT-006,WQS-006,WQS-006,DMA-06,Temperature,C,30.208,28.5,32.1,0,0,Normal,28.731,77.277
2026-07-19,QT-006,WQS-006,WQS-006,DMA-06,Turbidity,NTU,0.885,0.43,1.21,0,0,Normal,28.731,77.277
2026-07-19,QT-006,WQS-006,WQS-006,DMA-06,pH,pH,7.301,7.11,7.42,0,0,Normal,28.731,77.277
2026-07-20,QT-001,WQS-001,WQS-001,DMA-01,Chlorine,mg/L,0.546,0.464,0.618,0,0,Normal,28.738,77.255
2026-07-20,QT-001,WQS-001,WQS-001,DMA-01,Conductivity,uS/cm,686.654,631.8,756.1,0,0,Normal,28.738,77.255
2026-07-20,QT-001,WQS-001,WQS-001,DMA-01,Temperature,C,30.25,28.5,31.8,0,0,Normal,28.738,77.255
2026-07-20,QT-001,WQS-001,WQS-001,DMA-01,Turbidity,NTU,0.907,0.63,1.22,0,0,Normal,28.738,77.255
2026-07-20,QT-001,WQS-001,WQS-001,DMA-01,pH,pH,7.306,7.14,7.47,0,0,Normal,28.738,77.255
2026-07-20,QT-002,WQS-002,WQS-002,DMA-02,Chlorine,mg/L,0.566,0.477,0.656,0,0,Normal,28.726,77.253
2026-07-20,QT-002,WQS-002,WQS-002,DMA-02,Conductivity,uS/cm,683.238,605.1,732.1,0,0,Normal,28.726,77.253
2026-07-20,QT-002,WQS-002,WQS-002,DMA-02,Temperature,C,30.379,28.3,32.0,0,0,Normal,28.726,77.253
2026-07-20,QT-002,WQS-002,WQS-002,DMA-02,Turbidity,NTU,0.912,0.61,1.27,0,0,Normal,28.726,77.253
2026-07-20,QT-002,WQS-002,WQS-002,DMA-02,pH,pH,7.263,7.15,7.45,0,0,Normal,28.726,77.253
2026-07-20,QT-003,WQS-003,WQS-003,DMA-03,Chlorine,mg/L,0.534,0.454,0.643,0,0,Normal,28.717,77.269
2026-07-20,QT-003,WQS-003,WQS-003,DMA-03,Conductivity,uS/cm,684.821,610.8,753.5,0,0,Normal,28.717,77.269
2026-07-20,QT-003,WQS-003,WQS-003,DMA-03,Temperature,C,30.25,28.5,32.0,0,0,Normal,28.717,77.269
2026-07-20,QT-003,WQS-003,WQS-003,DMA-03,Turbidity,NTU,0.87,0.61,1.12,0,0,Normal,28.717,77.269
2026-07-20,QT-003,WQS-003,WQS-003,DMA-03,pH,pH,7.3,7.12,7.52,0,0,Normal,28.717,77.269
2026-07-20,QT-004,WQS-004,WQS-004,DMA-04,Chlorine,mg/L,0.56,0.481,0.659,0,0,Normal,28.705,77.24
2026-07-20,QT-004,WQS-004,WQS-004,DMA-04,Conductivity,uS/cm,689.158,628.7,739.3,0,0,Normal,28.705,77.24
2026-07-20,QT-004,WQS-004,WQS-004,DMA-04,Temperature,C,30.312,28.5,32.4,0,0,Normal,28.705,77.24
2026-07-20,QT-004,WQS-004,WQS-004,DMA-04,Turbidity,NTU,0.903,0.63,1.16,0,0,Normal,28.705,77.24
2026-07-20,QT-004,WQS-004,WQS-004,DMA-04,pH,pH,7.309,7.15,7.49,0,0,Normal,28.705,77.24
2026-07-20,QT-005,WQS-005,WQS-005,DMA-05,Chlorine,mg/L,0.559,0.426,0.667,0,0,Normal,28.712,77.245
2026-07-20,QT-005,WQS-005,WQS-005,DMA-05,Conductivity,uS/cm,688.512,573.7,783.1,0,0,Normal,28.712,77.245
2026-07-20,QT-005,WQS-005,WQS-005,DMA-05,Temperature,C,30.292,28.5,31.8,0,0,Normal,28.712,77.245
2026-07-20,QT-005,WQS-005,WQS-005,DMA-05,Turbidity,NTU,0.913,0.56,1.27,0,0,Normal,28.712,77.245
2026-07-20,QT-005,WQS-005,WQS-005,DMA-05,pH,pH,7.274,7.13,7.41,0,0,Normal,28.712,77.245
2026-07-20,QT-006,WQS-006,WQS-006,DMA-06,Chlorine,mg/L,0.555,0.443,0.675,0,0,Normal,28.731,77.277
2026-07-20,QT-006,WQS-006,WQS-006,DMA-06,Conductivity,uS/cm,691.45,635.5,739.7,0,0,Normal,28.731,77.277
2026-07-20,QT-006,WQS-006,WQS-006,DMA-06,Temperature,C,30.258,28.3,32.0,0,0,Normal,28.731,77.277
2026-07-20,QT-006,WQS-006,WQS-006,DMA-06,Turbidity,NTU,0.905,0.74,1.16,0,0,Normal,28.731,77.277
2026-07-20,QT-006,WQS-006,WQS-006,DMA-06,pH,pH,7.308,7.1,7.53,0,0,Normal,28.731,77.277
2026-07-21,QT-001,WQS-001,WQS-001,DMA-01,Chlorine,mg/L,0.541,0.45,0.623,0,0,Normal,28.738,77.255
2026-07-21,QT-001,WQS-001,WQS-001,DMA-01,Conductivity,uS/cm,680.929,610.0,709.9,0,0,Normal,28.738,77.255
2026-07-21,QT-001,WQS-001,WQS-001,DMA-01,Temperature,C,30.379,28.8,32.2,0,0,Normal,28.738,77.255
2026-07-21,QT-001,WQS-001,WQS-001,DMA-01,Turbidity,NTU,0.899,0.67,1.28,0,0,Normal,28.738,77.255
2026-07-21,QT-001,WQS-001,WQS-001,DMA-01,pH,pH,7.32,7.14,7.45,0,0,Normal,28.738,77.255
2026-07-21,QT-002,WQS-002,WQS-002,DMA-02,Chlorine,mg/L,0.563,0.456,0.646,0,0,Normal,28.726,77.253
2026-07-21,QT-002,WQS-002,WQS-002,DMA-02,Conductivity,uS/cm,678.825,610.5,752.2,0,0,Normal,28.726,77.253
2026-07-21,QT-002,WQS-002,WQS-002,DMA-02,Temperature,C,30.325,28.9,31.8,0,0,Normal,28.726,77.253
2026-07-21,QT-002,WQS-002,WQS-002,DMA-02,Turbidity,NTU,0.912,0.58,1.19,0,0,Normal,28.726,77.253
2026-07-21,QT-002,WQS-002,WQS-002,DMA-02,pH,pH,7.31,7.11,7.42,0,0,Normal,28.726,77.253
2026-07-21,QT-003,WQS-003,WQS-003,DMA-03,Chlorine,mg/L,0.552,0.469,0.625,0,0,Normal,28.717,77.269
2026-07-21,QT-003,WQS-003,WQS-003,DMA-03,Conductivity,uS/cm,675.767,586.7,786.2,0,0,Normal,28.717,77.269
2026-07-21,QT-003,WQS-003,WQS-003,DMA-03,Temperature,C,30.292,28.4,32.0,0,0,Normal,28.717,77.269
2026-07-21,QT-003,WQS-003,WQS-003,DMA-03,Turbidity,NTU,0.891,0.56,1.12,0,0,Normal,28.717,77.269
2026-07-21,QT-003,WQS-003,WQS-003,DMA-03,pH,pH,7.322,7.16,7.46,0,0,Normal,28.717,77.269
2026-07-21,QT-004,WQS-004,WQS-004,DMA-04,Chlorine,mg/L,0.556,0.461,0.65,0,0,Normal,28.705,77.24
2026-07-21,QT-004,WQS-004,WQS-004,DMA-04,Conductivity,uS/cm,680.113,608.3,753.1,0,0,Normal,28.705,77.24
2026-07-21,QT-004,WQS-004,WQS-004,DMA-04,Temperature,C,30.367,28.8,32.0,0,0,Normal,28.705,77.24
2026-07-21,QT-004,WQS-004,WQS-004,DMA-04,Turbidity,NTU,0.963,0.48,1.31,0,0,Normal,28.705,77.24
2026-07-21,QT-004,WQS-004,WQS-004,DMA-04,pH,pH,7.323,7.1,7.45,0,0,Normal,28.705,77.24
2026-07-21,QT-005,WQS-005,WQS-005,DMA-05,Chlorine,mg/L,0.555,0.481,0.637,0,0,Normal,28.712,77.245
2026-07-21,QT-005,WQS-005,WQS-005,DMA-05,Conductivity,uS/cm,666.396,600.3,743.4,0,0,Normal,28.712,77.245
2026-07-21,QT-005,WQS-005,WQS-005,DMA-05,Temperature,C,30.379,28.5,32.4,0,0,Normal,28.712,77.245
2026-07-21,QT-005,WQS-005,WQS-005,DMA-05,Turbidity,NTU,0.909,0.68,1.13,0,0,Normal,28.712,77.245
2026-07-21,QT-005,WQS-005,WQS-005,DMA-05,pH,pH,7.306,7.13,7.4,0,0,Normal,28.712,77.245
2026-07-21,QT-006,WQS-006,WQS-006,DMA-06,Chlorine,mg/L,0.56,0.477,0.698,0,0,Normal,28.731,77.277
2026-07-21,QT-006,WQS-006,WQS-006,DMA-06,Conductivity,uS/cm,684.212,593.4,767.5,0,0,Normal,28.731,77.277
2026-07-21,QT-006,WQS-006,WQS-006,DMA-06,Temperature,C,30.292,28.5,31.9,0,0,Normal,28.731,77.277
2026-07-21,QT-006,WQS-006,WQS-006,DMA-06,Turbidity,NTU,0.894,0.61,1.14,0,0,Normal,28.731,77.277
2026-07-21,QT-006,WQS-006,WQS-006,DMA-06,pH,pH,7.316,7.16,7.44,0,0,Normal,28.731,77.277
2026-07-22,QT-001,WQS-001,WQS-001,DMA-01,Chlorine,mg/L,0.54,0.479,0.621,0,0,Normal,28.738,77.255
2026-07-22,QT-001,WQS-001,WQS-001,DMA-01,Conductivity,uS/cm,676.867,629.6,747.6,0,0,Normal,28.738,77.255
2026-07-22,QT-001,WQS-001,WQS-001,DMA-01,Temperature,C,30.404,28.7,32.0,0,0,Normal,28.738,77.255
2026-07-22,QT-001,WQS-001,WQS-001,DMA-01,Turbidity,NTU,0.898,0.57,1.12,0,0,Normal,28.738,77.255
2026-07-22,QT-001,WQS-001,WQS-001,DMA-01,pH,pH,7.292,7.1,7.43,0,0,Normal,28.738,77.255
2026-07-22,QT-002,WQS-002,WQS-002,DMA-02,Chlorine,mg/L,0.567,0.475,0.678,0,0,Normal,28.726,77.253
2026-07-22,QT-002,WQS-002,WQS-002,DMA-02,Conductivity,uS/cm,666.579,582.6,747.8,0,0,Normal,28.726,77.253
2026-07-22,QT-002,WQS-002,WQS-002,DMA-02,Temperature,C,30.346,28.8,32.2,0,0,Normal,28.726,77.253
2026-07-22,QT-002,WQS-002,WQS-002,DMA-02,Turbidity,NTU,0.905,0.65,1.17,0,0,Normal,28.726,77.253
2026-07-22,QT-002,WQS-002,WQS-002,DMA-02,pH,pH,7.318,7.18,7.43,0,0,Normal,28.726,77.253
2026-07-22,QT-003,WQS-003,WQS-003,DMA-03,Chlorine,mg/L,0.552,0.473,0.634,0,0,Normal,28.717,77.269
2026-07-22,QT-003,WQS-003,WQS-003,DMA-03,Conductivity,uS/cm,676.733,599.4,778.7,0,0,Normal,28.717,77.269
2026-07-22,QT-003,WQS-003,WQS-003,DMA-03,Temperature,C,30.375,28.6,32.1,0,0,Normal,28.717,77.269
2026-07-22,QT-003,WQS-003,WQS-003,DMA-03,Turbidity,NTU,0.919,0.62,1.26,0,0,Normal,28.717,77.269
2026-07-22,QT-003,WQS-003,WQS-003,DMA-03,pH,pH,7.315,7.15,7.48,0,0,Normal,28.717,77.269
2026-07-22,QT-004,WQS-004,WQS-004,DMA-04,Chlorine,mg/L,0.558,0.47,0.657,0,0,Normal,28.705,77.24
2026-07-22,QT-004,WQS-004,WQS-004,DMA-04,Conductivity,uS/cm,691.646,628.6,755.0,0,0,Normal,28.705,77.24
2026-07-22,QT-004,WQS-004,WQS-004,DMA-04,Temperature,C,30.192,28.5,32.0,0,0,Normal,28.705,77.24
2026-07-22,QT-004,WQS-004,WQS-004,DMA-04,Turbidity,NTU,0.935,0.7,1.24,0,0,Normal,28.705,77.24
2026-07-22,QT-004,WQS-004,WQS-004,DMA-04,pH,pH,7.308,7.15,7.46,0,0,Normal,28.705,77.24
2026-07-22,QT-005,WQS-005,WQS-005,DMA-05,Chlorine,mg/L,0.544,0.453,0.645,0,0,Normal,28.712,77.245
2026-07-22,QT-005,WQS-005,WQS-005,DMA-05,Conductivity,uS/cm,682.792,639.2,747.1,0,0,Normal,28.712,77.245
2026-07-22,QT-005,WQS-005,WQS-005,DMA-05,Temperature,C,30.296,28.4,31.9,0,0,Normal,28.712,77.245
2026-07-22,QT-005,WQS-005,WQS-005,DMA-05,Turbidity,NTU,0.906,0.55,1.1,0,0,Normal,28.712,77.245
2026-07-22,QT-005,WQS-005,WQS-005,DMA-05,pH,pH,7.317,7.15,7.47,0,0,Normal,28.712,77.245
2026-07-22,QT-006,WQS-006,WQS-006,DMA-06,Chlorine,mg/L,0.549,0.433,0.677,0,0,Normal,28.731,77.277
2026-07-22,QT-006,WQS-006,WQS-006,DMA-06,Conductivity,uS/cm,682.729,624.5,751.5,0,0,Normal,28.731,77.277
2026-07-22,QT-006,WQS-006,WQS-006,DMA-06,Temperature,C,30.262,28.1,32.4,0,0,Normal,28.731,77.277
2026-07-22,QT-006,WQS-006,WQS-006,DMA-06,Turbidity,NTU,0.856,0.34,1.13,0,0,Normal,28.731,77.277
2026-07-22,QT-006,WQS-006,WQS-006,DMA-06,pH,pH,7.299,7.08,7.44,0,0,Normal,28.731,77.277
2026-07-23,QT-001,WQS-001,WQS-001,DMA-01,Chlorine,mg/L,0.543,0.448,0.675,0,0,Normal,28.738,77.255
2026-07-23,QT-001,WQS-001,WQS-001,DMA-01,Conductivity,uS/cm,677.296,613.3,739.8,0,0,Normal,28.738,77.255
2026-07-23,QT-001,WQS-001,WQS-001,DMA-01,Temperature,C,30.379,28.6,32.3,0,0,Normal,28.738,77.255
2026-07-23,QT-001,WQS-001,WQS-001,DMA-01,Turbidity,NTU,0.958,0.66,1.22,0,0,Normal,28.738,77.255
2026-07-23,QT-001,WQS-001,WQS-001,DMA-01,pH,pH,7.311,7.17,7.44,0,0,Normal,28.738,77.255
2026-07-23,QT-002,WQS-002,WQS-002,DMA-02,Chlorine,mg/L,0.559,0.471,0.626,0,0,Normal,28.726,77.253
2026-07-23,QT-002,WQS-002,WQS-002,DMA-02,Conductivity,uS/cm,669.671,612.5,740.7,0,0,Normal,28.726,77.253
2026-07-23,QT-002,WQS-002,WQS-002,DMA-02,Temperature,C,30.354,28.3,31.8,0,0,Normal,28.726,77.253
2026-07-23,QT-002,WQS-002,WQS-002,DMA-02,Turbidity,NTU,0.929,0.67,1.16,0,0,Normal,28.726,77.253
2026-07-23,QT-002,WQS-002,WQS-002,DMA-02,pH,pH,7.292,7.13,7.43,0,0,Normal,28.726,77.253
2026-07-23,QT-003,WQS-003,WQS-003,DMA-03,Chlorine,mg/L,0.537,0.442,0.646,0,0,Normal,28.717,77.269
2026-07-23,QT-003,WQS-003,WQS-003,DMA-03,Conductivity,uS/cm,689.429,630.8,745.3,0,0,Normal,28.717,77.269
2026-07-23,QT-003,WQS-003,WQS-003,DMA-03,Temperature,C,30.317,28.2,32.3,0,0,Normal,28.717,77.269
2026-07-23,QT-003,WQS-003,WQS-003,DMA-03,Turbidity,NTU,0.909,0.66,1.16,0,0,Normal,28.717,77.269
2026-07-23,QT-003,WQS-003,WQS-003,DMA-03,pH,pH,7.323,7.18,7.45,0,0,Normal,28.717,77.269
2026-07-23,QT-004,WQS-004,WQS-004,DMA-04,Chlorine,mg/L,0.534,0.456,0.611,0,0,Normal,28.705,77.24
2026-07-23,QT-004,WQS-004,WQS-004,DMA-04,Conductivity,uS/cm,670.158,591.5,741.7,0,0,Normal,28.705,77.24
2026-07-23,QT-004,WQS-004,WQS-004,DMA-04,Temperature,C,30.408,28.7,32.4,0,0,Normal,28.705,77.24
2026-07-23,QT-004,WQS-004,WQS-004,DMA-04,Turbidity,NTU,0.857,0.55,1.11,0,0,Normal,28.705,77.24
2026-07-23,QT-004,WQS-004,WQS-004,DMA-04,pH,pH,7.303,7.18,7.45,0,0,Normal,28.705,77.24
2026-07-23,QT-005,WQS-005,WQS-005,DMA-05,Chlorine,mg/L,0.55,0.439,0.653,0,0,Normal,28.712,77.245
2026-07-23,QT-005,WQS-005,WQS-005,DMA-05,Conductivity,uS/cm,679.567,613.2,741.1,0,0,Normal,28.712,77.245
2026-07-23,QT-005,WQS-005,WQS-005,DMA-05,Temperature,C,30.479,28.7,32.2,0,0,Normal,28.712,77.245
2026-07-23,QT-005,WQS-005,WQS-005,DMA-05,Turbidity,NTU,0.896,0.65,1.09,0,0,Normal,28.712,77.245
2026-07-23,QT-005,WQS-005,WQS-005,DMA-05,pH,pH,7.307,7.11,7.45,0,0,Normal,28.712,77.245
2026-07-23,QT-006,WQS-006,WQS-006,DMA-06,Chlorine,mg/L,0.546,0.465,0.647,0,0,Normal,28.731,77.277
2026-07-23,QT-006,WQS-006,WQS-006,DMA-06,Conductivity,uS/cm,687.688,633.6,756.8,0,0,Normal,28.731,77.277
2026-07-23,QT-006,WQS-006,WQS-006,DMA-06,Temperature,C,30.412,29.0,32.2,0,0,Normal,28.731,77.277
2026-07-23,QT-006,WQS-006,WQS-006,DMA-06,Turbidity,NTU,0.919,0.6,1.19,0,0,Normal,28.731,77.277
2026-07-23,QT-006,WQS-006,WQS-006,DMA-06,pH,pH,7.306,7.17,7.45,0,0,Normal,28.731,77.277
2026-07-24,QT-001,WQS-001,WQS-001,DMA-01,Chlorine,mg/L,0.547,0.456,0.639,0,0,Normal,28.738,77.255
2026-07-24,QT-001,WQS-001,WQS-001,DMA-01,Conductivity,uS/cm,671.996,571.2,732.3,0,0,Normal,28.738,77.255
2026-07-24,QT-001,WQS-001,WQS-001,DMA-01,Temperature,C,30.446,28.7,32.3,0,0,Normal,28.738,77.255
2026-07-24,QT-001,WQS-001,WQS-001,DMA-01,Turbidity,NTU,0.913,0.66,1.21,0,0,Normal,28.738,77.255
2026-07-24,QT-001,WQS-001,WQS-001,DMA-01,pH,pH,7.304,7.19,7.43,0,0,Normal,28.738,77.255
2026-07-24,QT-002,WQS-002,WQS-002,DMA-02,Chlorine,mg/L,0.549,0.428,0.634,0,0,Normal,28.726,77.253
2026-07-24,QT-002,WQS-002,WQS-002,DMA-02,Conductivity,uS/cm,669.617,619.3,726.7,0,0,Normal,28.726,77.253
2026-07-24,QT-002,WQS-002,WQS-002,DMA-02,Temperature,C,30.458,28.4,32.4,0,0,Normal,28.726,77.253
2026-07-24,QT-002,WQS-002,WQS-002,DMA-02,Turbidity,NTU,0.905,0.62,1.42,0,0,Normal,28.726,77.253
2026-07-24,QT-002,WQS-002,WQS-002,DMA-02,pH,pH,7.284,7.09,7.39,0,0,Normal,28.726,77.253
2026-07-24,QT-003,WQS-003,WQS-003,DMA-03,Chlorine,mg/L,0.556,0.451,0.654,0,0,Normal,28.717,77.269
2026-07-24,QT-003,WQS-003,WQS-003,DMA-03,Conductivity,uS/cm,678.567,613.7,745.1,0,0,Normal,28.717,77.269
2026-07-24,QT-003,WQS-003,WQS-003,DMA-03,Temperature,C,30.367,28.4,31.9,0,0,Normal,28.717,77.269
2026-07-24,QT-003,WQS-003,WQS-003,DMA-03,Turbidity,NTU,0.874,0.72,1.09,0,0,Normal,28.717,77.269
2026-07-24,QT-003,WQS-003,WQS-003,DMA-03,pH,pH,7.297,7.17,7.41,0,0,Normal,28.717,77.269
2026-07-24,QT-004,WQS-004,WQS-004,DMA-04,Chlorine,mg/L,0.545,0.428,0.615,0,0,Normal,28.705,77.24
2026-07-24,QT-004,WQS-004,WQS-004,DMA-04,Conductivity,uS/cm,690.379,636.5,736.6,0,0,Normal,28.705,77.24
2026-07-24,QT-004,WQS-004,WQS-004,DMA-04,Temperature,C,30.454,28.6,32.2,0,0,Normal,28.705,77.24
2026-07-24,QT-004,WQS-004,WQS-004,DMA-04,Turbidity,NTU,0.893,0.66,1.1,0,0,Normal,28.705,77.24
2026-07-24,QT-004,WQS-004,WQS-004,DMA-04,pH,pH,7.322,7.19,7.45,0,0,Normal,28.705,77.24
2026-07-24,QT-005,WQS-005,WQS-005,DMA-05,Chlorine,mg/L,0.536,0.45,0.617,0,0,Normal,28.712,77.245
2026-07-24,QT-005,WQS-005,WQS-005,DMA-05,Conductivity,uS/cm,684.042,606.4,738.8,0,0,Normal,28.712,77.245
2026-07-24,QT-005,WQS-005,WQS-005,DMA-05,Temperature,C,30.529,28.8,32.3,0,0,Normal,28.712,77.245
2026-07-24,QT-005,WQS-005,WQS-005,DMA-05,Turbidity,NTU,0.893,0.66,1.11,0,0,Normal,28.712,77.245
2026-07-24,QT-005,WQS-005,WQS-005,DMA-05,pH,pH,7.31,7.13,7.41,0,0,Normal,28.712,77.245
2026-07-24,QT-006,WQS-006,WQS-006,DMA-06,Chlorine,mg/L,0.549,0.485,0.634,0,0,Normal,28.731,77.277
2026-07-24,QT-006,WQS-006,WQS-006,DMA-06,Conductivity,uS/cm,679.458,622.6,725.7,0,0,Normal,28.731,77.277
2026-07-24,QT-006,WQS-006,WQS-006,DMA-06,Temperature,C,30.404,28.9,32.4,0,0,Normal,28.731,77.277
2026-07-24,QT-006,WQS-006,WQS-006,DMA-06,Turbidity,NTU,0.881,0.6,1.11,0,0,Normal,28.731,77.277
2026-07-24,QT-006,WQS-006,WQS-006,DMA-06,pH,pH,7.298,7.2,7.43,0,0,Normal,28.731,77.277
2026-07-25,QT-001,WQS-001,WQS-001,DMA-01,Chlorine,mg/L,0.561,0.464,0.654,0,0,Normal,28.738,77.255
2026-07-25,QT-001,WQS-001,WQS-001,DMA-01,Conductivity,uS/cm,683.692,601.2,773.4,0,0,Normal,28.738,77.255
2026-07-25,QT-001,WQS-001,WQS-001,DMA-01,Temperature,C,30.5,28.5,32.4,0,0,Normal,28.738,77.255
2026-07-25,QT-001,WQS-001,WQS-001,DMA-01,Turbidity,NTU,0.862,0.61,1.26,0,0,Normal,28.738,77.255
2026-07-25,QT-001,WQS-001,WQS-001,DMA-01,pH,pH,7.285,7.18,7.41,0,0,Normal,28.738,77.255
2026-07-25,QT-002,WQS-002,WQS-002,DMA-02,Chlorine,mg/L,0.537,0.449,0.645,0,0,Normal,28.726,77.253
2026-07-25,QT-002,WQS-002,WQS-002,DMA-02,Conductivity,uS/cm,684.225,627.0,743.8,0,0,Normal,28.726,77.253
2026-07-25,QT-002,WQS-002,WQS-002,DMA-02,Temperature,C,30.479,28.7,32.2,0,0,Normal,28.726,77.253
2026-07-25,QT-002,WQS-002,WQS-002,DMA-02,Turbidity,NTU,0.902,0.67,1.08,0,0,Normal,28.726,77.253
2026-07-25,QT-002,WQS-002,WQS-002,DMA-02,pH,pH,7.297,7.15,7.47,0,0,Normal,28.726,77.253
2026-07-25,QT-003,WQS-003,WQS-003,DMA-03,Chlorine,mg/L,0.564,0.489,0.682,0,0,Normal,28.717,77.269
2026-07-25,QT-003,WQS-003,WQS-003,DMA-03,Conductivity,uS/cm,673.671,635.9,724.5,0,0,Normal,28.717,77.269
2026-07-25,QT-003,WQS-003,WQS-003,DMA-03,Temperature,C,30.35,28.4,32.2,0,0,Normal,28.717,77.269
2026-07-25,QT-003,WQS-003,WQS-003,DMA-03,Turbidity,NTU,0.858,0.57,1.11,0,0,Normal,28.717,77.269
2026-07-25,QT-003,WQS-003,WQS-003,DMA-03,pH,pH,7.319,7.2,7.43,0,0,Normal,28.717,77.269
2026-07-25,QT-004,WQS-004,WQS-004,DMA-04,Chlorine,mg/L,0.566,0.47,0.661,0,0,Normal,28.705,77.24
2026-07-25,QT-004,WQS-004,WQS-004,DMA-04,Conductivity,uS/cm,675.746,606.1,734.2,0,0,Normal,28.705,77.24
2026-07-25,QT-004,WQS-004,WQS-004,DMA-04,Temperature,C,30.362,28.4,32.4,0,0,Normal,28.705,77.24
2026-07-25,QT-004,WQS-004,WQS-004,DMA-04,Turbidity,NTU,0.93,0.65,1.34,0,0,Normal,28.705,77.24
2026-07-25,QT-004,WQS-004,WQS-004,DMA-04,pH,pH,7.299,7.09,7.4,0,0,Normal,28.705,77.24
2026-07-25,QT-005,WQS-005,WQS-005,DMA-05,Chlorine,mg/L,0.554,0.468,0.659,0,0,Normal,28.712,77.245
2026-07-25,QT-005,WQS-005,WQS-005,DMA-05,Conductivity,uS/cm,686.233,593.9,743.4,0,0,Normal,28.712,77.245
2026-07-25,QT-005,WQS-005,WQS-005,DMA-05,Temperature,C,30.508,28.6,32.5,0,0,Normal,28.712,77.245
2026-07-25,QT-005,WQS-005,WQS-005,DMA-05,Turbidity,NTU,0.931,0.72,1.13,0,0,Normal,28.712,77.245
2026-07-25,QT-005,WQS-005,WQS-005,DMA-05,pH,pH,7.337,7.23,7.54,0,0,Normal,28.712,77.245
2026-07-25,QT-006,WQS-006,WQS-006,DMA-06,Chlorine,mg/L,0.536,0.461,0.624,0,0,Normal,28.731,77.277
2026-07-25,QT-006,WQS-006,WQS-006,DMA-06,Conductivity,uS/cm,678.767,622.7,739.6,0,0,Normal,28.731,77.277
2026-07-25,QT-006,WQS-006,WQS-006,DMA-06,Temperature,C,30.329,28.8,32.0,0,0,Normal,28.731,77.277
2026-07-25,QT-006,WQS-006,WQS-006,DMA-06,Turbidity,NTU,0.921,0.64,1.17,0,0,Normal,28.731,77.277
2026-07-25,QT-006,WQS-006,WQS-006,DMA-06,pH,pH,7.313,7.16,7.47,0,0,Normal,28.731,77.277
2026-07-26,QT-001,WQS-001,WQS-001,DMA-01,Chlorine,mg/L,0.55,0.475,0.649,0,0,Normal,28.738,77.255
2026-07-26,QT-001,WQS-001,WQS-001,DMA-01,Conductivity,uS/cm,681.8,610.4,736.7,0,0,Normal,28.738,77.255
2026-07-26,QT-001,WQS-001,WQS-001,DMA-01,Temperature,C,30.537,28.4,32.3,0,0,Normal,28.738,77.255
2026-07-26,QT-001,WQS-001,WQS-001,DMA-01,Turbidity,NTU,0.868,0.64,1.11,0,0,Normal,28.738,77.255
2026-07-26,QT-001,WQS-001,WQS-001,DMA-01,pH,pH,7.321,7.19,7.51,0,0,Normal,28.738,77.255
2026-07-26,QT-002,WQS-002,WQS-002,DMA-02,Chlorine,mg/L,0.529,0.404,0.634,0,0,Normal,28.726,77.253
2026-07-26,QT-002,WQS-002,WQS-002,DMA-02,Conductivity,uS/cm,680.712,614.7,738.6,0,0,Normal,28.726,77.253
2026-07-26,QT-002,WQS-002,WQS-002,DMA-02,Temperature,C,30.467,28.8,32.0,0,0,Normal,28.726,77.253
2026-07-26,QT-002,WQS-002,WQS-002,DMA-02,Turbidity,NTU,0.851,0.68,1.12,0,0,Normal,28.726,77.253
2026-07-26,QT-002,WQS-002,WQS-002,DMA-02,pH,pH,7.312,7.12,7.49,0,0,Normal,28.726,77.253
2026-07-26,QT-003,WQS-003,WQS-003,DMA-03,Chlorine,mg/L,0.55,0.435,0.663,0,0,Normal,28.717,77.269
2026-07-26,QT-003,WQS-003,WQS-003,DMA-03,Conductivity,uS/cm,684.979,620.0,750.8,0,0,Normal,28.717,77.269
2026-07-26,QT-003,WQS-003,WQS-003,DMA-03,Temperature,C,30.479,28.8,31.8,0,0,Normal,28.717,77.269
2026-07-26,QT-003,WQS-003,WQS-003,DMA-03,Turbidity,NTU,0.893,0.61,1.35,0,0,Normal,28.717,77.269
2026-07-26,QT-003,WQS-003,WQS-003,DMA-03,pH,pH,7.289,7.12,7.43,0,0,Normal,28.717,77.269
2026-07-26,QT-004,WQS-004,WQS-004,DMA-04,Chlorine,mg/L,0.554,0.426,0.727,0,0,Normal,28.705,77.24
2026-07-26,QT-004,WQS-004,WQS-004,DMA-04,Conductivity,uS/cm,679.554,607.6,750.0,0,0,Normal,28.705,77.24
2026-07-26,QT-004,WQS-004,WQS-004,DMA-04,Temperature,C,30.588,29.0,32.5,0,0,Normal,28.705,77.24
2026-07-26,QT-004,WQS-004,WQS-004,DMA-04,Turbidity,NTU,0.864,0.65,1.08,0,0,Normal,28.705,77.24
2026-07-26,QT-004,WQS-004,WQS-004,DMA-04,pH,pH,7.292,7.08,7.41,0,0,Normal,28.705,77.24
2026-07-26,QT-005,WQS-005,WQS-005,DMA-05,Chlorine,mg/L,0.555,0.493,0.623,0,0,Normal,28.712,77.245
2026-07-26,QT-005,WQS-005,WQS-005,DMA-05,Conductivity,uS/cm,675.771,597.9,766.2,0,0,Normal,28.712,77.245
2026-07-26,QT-005,WQS-005,WQS-005,DMA-05,Temperature,C,30.521,28.8,32.3,0,0,Normal,28.712,77.245
2026-07-26,QT-005,WQS-005,WQS-005,DMA-05,Turbidity,NTU,0.896,0.56,1.19,0,0,Normal,28.712,77.245
2026-07-26,QT-005,WQS-005,WQS-005,DMA-05,pH,pH,7.297,7.19,7.4,0,0,Normal,28.712,77.245
2026-07-26,QT-006,WQS-006,WQS-006,DMA-06,Chlorine,mg/L,0.552,0.476,0.643,0,0,Normal,28.731,77.277
2026-07-26,QT-006,WQS-006,WQS-006,DMA-06,Conductivity,uS/cm,672.271,606.6,755.4,0,0,Normal,28.731,77.277
2026-07-26,QT-006,WQS-006,WQS-006,DMA-06,Temperature,C,30.525,28.9,32.6,0,0,Normal,28.731,77.277
2026-07-26,QT-006,WQS-006,WQS-006,DMA-06,Turbidity,NTU,0.86,0.57,1.2,0,0,Normal,28.731,77.277
2026-07-26,QT-006,WQS-006,WQS-006,DMA-06,pH,pH,7.288,7.08,7.43,0,0,Normal,28.731,77.277
2026-07-27,QT-001,WQS-001,WQS-001,DMA-01,Chlorine,mg/L,0.558,0.444,0.65,0,0,Normal,28.738,77.255
2026-07-27,QT-001,WQS-001,WQS-001,DMA-01,Conductivity,uS/cm,690.542,637.6,753.3,0,0,Normal,28.738,77.255
2026-07-27,QT-001,WQS-001,WQS-001,DMA-01,Temperature,C,30.571,28.6,32.3,0,0,Normal,28.738,77.255
2026-07-27,QT-001,WQS-001,WQS-001,DMA-01,Turbidity,NTU,0.899,0.56,1.25,0,0,Normal,28.738,77.255
2026-07-27,QT-001,WQS-001,WQS-001,DMA-01,pH,pH,7.313,7.18,7.56,0,0,Normal,28.738,77.255
2026-07-27,QT-002,WQS-002,WQS-002,DMA-02,Chlorine,mg/L,0.559,0.482,0.695,0,0,Normal,28.726,77.253
2026-07-27,QT-002,WQS-002,WQS-002,DMA-02,Conductivity,uS/cm,690.554,618.4,781.0,0,0,Normal,28.726,77.253
2026-07-27,QT-002,WQS-002,WQS-002,DMA-02,Temperature,C,30.542,28.4,32.2,0,0,Normal,28.726,77.253
2026-07-27,QT-002,WQS-002,WQS-002,DMA-02,Turbidity,NTU,0.9,0.68,1.12,0,0,Normal,28.726,77.253
2026-07-27,QT-002,WQS-002,WQS-002,DMA-02,pH,pH,7.297,7.07,7.45,0,0,Normal,28.726,77.253
2026-07-27,QT-003,WQS-003,WQS-003,DMA-03,Chlorine,mg/L,0.563,0.458,0.627,0,0,Normal,28.717,77.269
2026-07-27,QT-003,WQS-003,WQS-003,DMA-03,Conductivity,uS/cm,684.758,617.5,778.9,0,0,Normal,28.717,77.269
2026-07-27,QT-003,WQS-003,WQS-003,DMA-03,Temperature,C,30.533,28.7,32.9,0,0,Normal,28.717,77.269
2026-07-27,QT-003,WQS-003,WQS-003,DMA-03,Turbidity,NTU,0.888,0.62,1.07,0,0,Normal,28.717,77.269
2026-07-27,QT-003,WQS-003,WQS-003,DMA-03,pH,pH,7.282,7.12,7.41,0,0,Normal,28.717,77.269
2026-07-27,QT-004,WQS-004,WQS-004,DMA-04,Chlorine,mg/L,0.544,0.433,0.632,0,0,Normal,28.705,77.24
2026-07-27,QT-004,WQS-004,WQS-004,DMA-04,Conductivity,uS/cm,674.671,596.9,758.7,0,0,Normal,28.705,77.24
2026-07-27,QT-004,WQS-004,WQS-004,DMA-04,Temperature,C,30.525,28.9,32.4,0,0,Normal,28.705,77.24
2026-07-27,QT-004,WQS-004,WQS-004,DMA-04,Turbidity,NTU,0.891,0.57,1.09,0,0,Normal,28.705,77.24
2026-07-27,QT-004,WQS-004,WQS-004,DMA-04,pH,pH,7.314,7.18,7.49,0,0,Normal,28.705,77.24
2026-07-27,QT-005,WQS-005,WQS-005,DMA-05,Chlorine,mg/L,0.545,0.451,0.667,0,0,Normal,28.712,77.245
2026-07-27,QT-005,WQS-005,WQS-005,DMA-05,Conductivity,uS/cm,672.454,609.2,750.8,0,0,Normal,28.712,77.245
2026-07-27,QT-005,WQS-005,WQS-005,DMA-05,Temperature,C,30.658,28.7,32.2,0,0,Normal,28.712,77.245
2026-07-27,QT-005,WQS-005,WQS-005,DMA-05,Turbidity,NTU,0.9,0.68,1.17,0,0,Normal,28.712,77.245
2026-07-27,QT-005,WQS-005,WQS-005,DMA-05,pH,pH,7.28,7.07,7.42,0,0,Normal,28.712,77.245
2026-07-27,QT-006,WQS-006,WQS-006,DMA-06,Chlorine,mg/L,0.536,0.485,0.594,0,0,Normal,28.731,77.277
2026-07-27,QT-006,WQS-006,WQS-006,DMA-06,Conductivity,uS/cm,683.738,615.4,782.7,0,0,Normal,28.731,77.277
2026-07-27,QT-006,WQS-006,WQS-006,DMA-06,Temperature,C,30.479,29.0,32.0,0,0,Normal,28.731,77.277
2026-07-27,QT-006,WQS-006,WQS-006,DMA-06,Turbidity,NTU,0.915,0.62,1.15,0,0,Normal,28.731,77.277
2026-07-27,QT-006,WQS-006,WQS-006,DMA-06,pH,pH,7.296,7.15,7.42,0,0,Normal,28.731,77.277
2026-07-28,QT-001,WQS-001,WQS-001,DMA-01,Chlorine,mg/L,0.547,0.471,0.628,0,0,Normal,28.738,77.255
2026-07-28,QT-001,WQS-001,WQS-001,DMA-01,Conductivity,uS/cm,694.075,642.0,766.8,0,0,Normal,28.738,77.255
2026-07-28,QT-001,WQS-001,WQS-001,DMA-01,Temperature,C,30.525,28.8,32.0,0,0,Normal,28.738,77.255
2026-07-28,QT-001,WQS-001,WQS-001,DMA-01,Turbidity,NTU,0.959,0.72,1.14,0,0,Normal,28.738,77.255
2026-07-28,QT-001,WQS-001,WQS-001,DMA-01,pH,pH,7.311,7.15,7.48,0,0,Normal,28.738,77.255
2026-07-28,QT-002,WQS-002,WQS-002,DMA-02,Chlorine,mg/L,0.546,0.459,0.621,0,0,Normal,28.726,77.253
2026-07-28,QT-002,WQS-002,WQS-002,DMA-02,Conductivity,uS/cm,676.775,595.5,760.0,0,0,Normal,28.726,77.253
2026-07-28,QT-002,WQS-002,WQS-002,DMA-02,Temperature,C,30.646,28.8,32.9,0,0,Normal,28.726,77.253
2026-07-28,QT-002,WQS-002,WQS-002,DMA-02,Turbidity,NTU,0.898,0.66,1.18,0,0,Normal,28.726,77.253
2026-07-28,QT-002,WQS-002,WQS-002,DMA-02,pH,pH,7.303,7.16,7.44,0,0,Normal,28.726,77.253
2026-07-28,QT-003,WQS-003,WQS-003,DMA-03,Chlorine,mg/L,0.538,0.458,0.617,0,0,Normal,28.717,77.269
2026-07-28,QT-003,WQS-003,WQS-003,DMA-03,Conductivity,uS/cm,681.325,590.2,770.4,0,0,Normal,28.717,77.269
2026-07-28,QT-003,WQS-003,WQS-003,DMA-03,Temperature,C,30.496,28.8,32.5,0,0,Normal,28.717,77.269
2026-07-28,QT-003,WQS-003,WQS-003,DMA-03,Turbidity,NTU,0.881,0.36,1.3,0,0,Normal,28.717,77.269
2026-07-28,QT-003,WQS-003,WQS-003,DMA-03,pH,pH,7.301,7.18,7.46,0,0,Normal,28.717,77.269
2026-07-28,QT-004,WQS-004,WQS-004,DMA-04,Chlorine,mg/L,0.542,0.402,0.697,0,0,Normal,28.705,77.24
2026-07-28,QT-004,WQS-004,WQS-004,DMA-04,Conductivity,uS/cm,666.567,602.7,739.4,0,0,Normal,28.705,77.24
2026-07-28,QT-004,WQS-004,WQS-004,DMA-04,Temperature,C,30.567,28.8,32.4,0,0,Normal,28.705,77.24
2026-07-28,QT-004,WQS-004,WQS-004,DMA-04,Turbidity,NTU,0.836,0.56,1.04,0,0,Normal,28.705,77.24
2026-07-28,QT-004,WQS-004,WQS-004,DMA-04,pH,pH,7.31,7.19,7.46,0,0,Normal,28.705,77.24
2026-07-28,QT-005,WQS-005,WQS-005,DMA-05,Chlorine,mg/L,0.552,0.442,0.661,0,0,Normal,28.712,77.245
2026-07-28,QT-005,WQS-005,WQS-005,DMA-05,Conductivity,uS/cm,667.067,546.4,758.1,0,0,Normal,28.712,77.245
2026-07-28,QT-005,WQS-005,WQS-005,DMA-05,Temperature,C,30.512,28.8,32.1,0,0,Normal,28.712,77.245
2026-07-28,QT-005,WQS-005,WQS-005,DMA-05,Turbidity,NTU,0.921,0.59,1.14,0,0,Normal,28.712,77.245
2026-07-28,QT-005,WQS-005,WQS-005,DMA-05,pH,pH,7.287,7.19,7.42,0,0,Normal,28.712,77.245
2026-07-28,QT-006,WQS-006,WQS-006,DMA-06,Chlorine,mg/L,0.553,0.48,0.668,0,0,Normal,28.731,77.277
2026-07-28,QT-006,WQS-006,WQS-006,DMA-06,Conductivity,uS/cm,674.762,598.7,746.1,0,0,Normal,28.731,77.277
2026-07-28,QT-006,WQS-006,WQS-006,DMA-06,Temperature,C,30.517,28.6,32.3,0,0,Normal,28.731,77.277
2026-07-28,QT-006,WQS-006,WQS-006,DMA-06,Turbidity,NTU,0.931,0.69,1.25,0,0,Normal,28.731,77.277
2026-07-28,QT-006,WQS-006,WQS-006,DMA-06,pH,pH,7.282,7.1,7.44,0,0,Normal,28.731,77.277
2026-07-29,QT-001,WQS-001,WQS-001,DMA-01,Chlorine,mg/L,0.54,0.463,0.615,0,0,Normal,28.738,77.255
2026-07-29,QT-001,WQS-001,WQS-001,DMA-01,Conductivity,uS/cm,669.8,584.8,741.8,0,0,Normal,28.738,77.255
2026-07-29,QT-001,WQS-001,WQS-001,DMA-01,Temperature,C,30.571,28.7,32.5,0,0,Normal,28.738,77.255
2026-07-29,QT-001,WQS-001,WQS-001,DMA-01,Turbidity,NTU,0.883,0.5,1.17,0,0,Normal,28.738,77.255
2026-07-29,QT-001,WQS-001,WQS-001,DMA-01,pH,pH,7.278,7.13,7.38,0,0,Normal,28.738,77.255
2026-07-29,QT-002,WQS-002,WQS-002,DMA-02,Chlorine,mg/L,0.548,0.444,0.626,0,0,Normal,28.726,77.253
2026-07-29,QT-002,WQS-002,WQS-002,DMA-02,Conductivity,uS/cm,689.529,605.8,772.7,0,0,Normal,28.726,77.253
2026-07-29,QT-002,WQS-002,WQS-002,DMA-02,Temperature,C,30.571,28.8,32.3,0,0,Normal,28.726,77.253
2026-07-29,QT-002,WQS-002,WQS-002,DMA-02,Turbidity,NTU,0.896,0.61,1.26,0,0,Normal,28.726,77.253
2026-07-29,QT-002,WQS-002,WQS-002,DMA-02,pH,pH,7.31,7.17,7.4,0,0,Normal,28.726,77.253
2026-07-29,QT-003,WQS-003,WQS-003,DMA-03,Chlorine,mg/L,0.543,0.425,0.65,0,0,Normal,28.717,77.269
2026-07-29,QT-003,WQS-003,WQS-003,DMA-03,Conductivity,uS/cm,672.646,610.4,750.7,0,0,Normal,28.717,77.269
2026-07-29,QT-003,WQS-003,WQS-003,DMA-03,Temperature,C,30.588,28.9,32.5,0,0,Normal,28.717,77.269
2026-07-29,QT-003,WQS-003,WQS-003,DMA-03,Turbidity,NTU,0.879,0.46,1.18,0,0,Normal,28.717,77.269
2026-07-29,QT-003,WQS-003,WQS-003,DMA-03,pH,pH,7.267,7.13,7.4,0,0,Normal,28.717,77.269
2026-07-29,QT-004,WQS-004,WQS-004,DMA-04,Chlorine,mg/L,0.554,0.481,0.617,0,0,Normal,28.705,77.24
2026-07-29,QT-004,WQS-004,WQS-004,DMA-04,Conductivity,uS/cm,686.617,626.2,769.3,0,0,Normal,28.705,77.24
2026-07-29,QT-004,WQS-004,WQS-004,DMA-04,Temperature,C,30.642,28.6,32.1,0,0,Normal,28.705,77.24
2026-07-29,QT-004,WQS-004,WQS-004,DMA-04,Turbidity,NTU,0.912,0.66,1.2,0,0,Normal,28.705,77.24
2026-07-29,QT-004,WQS-004,WQS-004,DMA-04,pH,pH,7.275,7.14,7.43,0,0,Normal,28.705,77.24
2026-07-29,QT-005,WQS-005,WQS-005,DMA-05,Chlorine,mg/L,0.561,0.432,0.738,0,0,Normal,28.712,77.245
2026-07-29,QT-005,WQS-005,WQS-005,DMA-05,Conductivity,uS/cm,680.525,624.9,758.3,0,0,Normal,28.712,77.245
2026-07-29,QT-005,WQS-005,WQS-005,DMA-05,Temperature,C,30.517,28.5,32.2,0,0,Normal,28.712,77.245
2026-07-29,QT-005,WQS-005,WQS-005,DMA-05,Turbidity,NTU,0.925,0.57,1.17,0,0,Normal,28.712,77.245
2026-07-29,QT-005,WQS-005,WQS-005,DMA-05,pH,pH,7.29,7.1,7.38,0,0,Normal,28.712,77.245
2026-07-29,QT-006,WQS-006,WQS-006,DMA-06,Chlorine,mg/L,0.547,0.474,0.631,0,0,Normal,28.731,77.277
2026-07-29,QT-006,WQS-006,WQS-006,DMA-06,Conductivity,uS/cm,682.05,633.0,739.1,0,0,Normal,28.731,77.277
2026-07-29,QT-006,WQS-006,WQS-006,DMA-06,Temperature,C,30.596,28.9,32.2,0,0,Normal,28.731,77.277
2026-07-29,QT-006,WQS-006,WQS-006,DMA-06,Turbidity,NTU,0.932,0.7,1.16,0,0,Normal,28.731,77.277
2026-07-29,QT-006,WQS-006,WQS-006,DMA-06,pH,pH,7.285,7.17,7.38,0,0,Normal,28.731,77.277
2026-07-30,QT-001,WQS-001,WQS-001,DMA-01,Chlorine,mg/L,0.539,0.481,0.652,0,0,Normal,28.738,77.255
2026-07-30,QT-001,WQS-001,WQS-001,DMA-01,Conductivity,uS/cm,680.533,614.7,774.1,0,0,Normal,28.738,77.255
2026-07-30,QT-001,WQS-001,WQS-001,DMA-01,Temperature,C,30.546,28.7,32.2,0,0,Normal,28.738,77.255
2026-07-30,QT-001,WQS-001,WQS-001,DMA-01,Turbidity,NTU,0.869,0.31,1.14,0,0,Normal,28.738,77.255
2026-07-30,QT-001,WQS-001,WQS-001,DMA-01,pH,pH,7.308,7.14,7.45,0,0,Normal,28.738,77.255
2026-07-30,QT-002,WQS-002,WQS-002,DMA-02,Chlorine,mg/L,0.545,0.454,0.649,0,0,Normal,28.726,77.253
2026-07-30,QT-002,WQS-002,WQS-002,DMA-02,Conductivity,uS/cm,689.879,626.3,764.0,0,0,Normal,28.726,77.253
2026-07-30,QT-002,WQS-002,WQS-002,DMA-02,Temperature,C,30.638,29.0,32.2,0,0,Normal,28.726,77.253
2026-07-30,QT-002,WQS-002,WQS-002,DMA-02,Turbidity,NTU,0.975,0.63,1.23,0,0,Normal,28.726,77.253
2026-07-30,QT-002,WQS-002,WQS-002,DMA-02,pH,pH,7.299,7.21,7.42,0,0,Normal,28.726,77.253
2026-07-30,QT-003,WQS-003,WQS-003,DMA-03,Chlorine,mg/L,0.53,0.451,0.612,0,0,Normal,28.717,77.269
2026-07-30,QT-003,WQS-003,WQS-003,DMA-03,Conductivity,uS/cm,703.371,645.3,778.1,0,0,Normal,28.717,77.269
2026-07-30,QT-003,WQS-003,WQS-003,DMA-03,Temperature,C,30.617,28.9,32.3,0,0,Normal,28.717,77.269
2026-07-30,QT-003,WQS-003,WQS-003,DMA-03,Turbidity,NTU,0.858,0.53,1.15,0,0,Normal,28.717,77.269
2026-07-30,QT-003,WQS-003,WQS-003,DMA-03,pH,pH,7.282,7.17,7.44,0,0,Normal,28.717,77.269
2026-07-30,QT-004,WQS-004,WQS-004,DMA-04,Chlorine,mg/L,0.547,0.453,0.651,0,0,Normal,28.705,77.24
2026-07-30,QT-004,WQS-004,WQS-004,DMA-04,Conductivity,uS/cm,687.358,659.3,733.0,0,0,Normal,28.705,77.24
2026-07-30,QT-004,WQS-004,WQS-004,DMA-04,Temperature,C,30.608,28.7,32.4,0,0,Normal,28.705,77.24
2026-07-30,QT-004,WQS-004,WQS-004,DMA-04,Turbidity,NTU,0.89,0.55,1.2,0,0,Normal,28.705,77.24
2026-07-30,QT-004,WQS-004,WQS-004,DMA-04,pH,pH,7.299,7.03,7.46,0,0,Normal,28.705,77.24
2026-07-30,QT-005,WQS-005,WQS-005,DMA-05,Chlorine,mg/L,0.542,0.424,0.639,0,0,Normal,28.712,77.245
2026-07-30,QT-005,WQS-005,WQS-005,DMA-05,Conductivity,uS/cm,674.275,602.9,766.6,0,0,Normal,28.712,77.245
2026-07-30,QT-005,WQS-005,WQS-005,DMA-05,Temperature,C,30.713,29.0,32.4,0,0,Normal,28.712,77.245
2026-07-30,QT-005,WQS-005,WQS-005,DMA-05,Turbidity,NTU,0.836,0.61,1.07,0,0,Normal,28.712,77.245
2026-07-30,QT-005,WQS-005,WQS-005,DMA-05,pH,pH,7.309,7.19,7.5,0,0,Normal,28.712,77.245
2026-07-30,QT-006,WQS-006,WQS-006,DMA-06,Chlorine,mg/L,0.542,0.475,0.615,0,0,Normal,28.731,77.277
2026-07-30,QT-006,WQS-006,WQS-006,DMA-06,Conductivity,uS/cm,687.942,640.4,737.2,0,0,Normal,28.731,77.277
2026-07-30,QT-006,WQS-006,WQS-006,DMA-06,Temperature,C,30.617,29.0,32.2,0,0,Normal,28.731,77.277
2026-07-30,QT-006,WQS-006,WQS-006,DMA-06,Turbidity,NTU,0.943,0.66,1.23,0,0,Normal,28.731,77.277
2026-07-30,QT-006,WQS-006,WQS-006,DMA-06,pH,pH,7.29,7.12,7.45,0,0,Normal,28.731,77.277
2026-07-31,QT-001,WQS-001,WQS-001,DMA-01,Chlorine,mg/L,0.554,0.447,0.655,0,0,Normal,28.738,77.255
2026-07-31,QT-001,WQS-001,WQS-001,DMA-01,Conductivity,uS/cm,667.712,598.0,726.0,0,0,Normal,28.738,77.255
2026-07-31,QT-001,WQS-001,WQS-001,DMA-01,Temperature,C,30.629,29.2,32.3,0,0,Normal,28.738,77.255
2026-07-31,QT-001,WQS-001,WQS-001,DMA-01,Turbidity,NTU,0.932,0.6,1.27,0,0,Normal,28.738,77.255
2026-07-31,QT-001,WQS-001,WQS-001,DMA-01,pH,pH,7.313,7.16,7.55,0,0,Normal,28.738,77.255
2026-07-31,QT-002,WQS-002,WQS-002,DMA-02,Chlorine,mg/L,0.56,0.482,0.62,0,0,Normal,28.726,77.253
2026-07-31,QT-002,WQS-002,WQS-002,DMA-02,Conductivity,uS/cm,665.875,523.8,730.9,0,0,Normal,28.726,77.253
2026-07-31,QT-002,WQS-002,WQS-002,DMA-02,Temperature,C,30.658,29.0,32.7,0,0,Normal,28.726,77.253
2026-07-31,QT-002,WQS-002,WQS-002,DMA-02,Turbidity,NTU,0.925,0.68,1.23,0,0,Normal,28.726,77.253
2026-07-31,QT-002,WQS-002,WQS-002,DMA-02,pH,pH,7.287,7.15,7.45,0,0,Normal,28.726,77.253
2026-07-31,QT-003,WQS-003,WQS-003,DMA-03,Chlorine,mg/L,0.557,0.444,0.661,0,0,Normal,28.717,77.269
2026-07-31,QT-003,WQS-003,WQS-003,DMA-03,Conductivity,uS/cm,678.654,588.3,742.1,0,0,Normal,28.717,77.269
2026-07-31,QT-003,WQS-003,WQS-003,DMA-03,Temperature,C,30.642,29.0,32.4,0,0,Normal,28.717,77.269
2026-07-31,QT-003,WQS-003,WQS-003,DMA-03,Turbidity,NTU,0.9,0.64,1.21,0,0,Normal,28.717,77.269
2026-07-31,QT-003,WQS-003,WQS-003,DMA-03,pH,pH,7.3,7.12,7.46,0,0,Normal,28.717,77.269
2026-07-31,QT-004,WQS-004,WQS-004,DMA-04,Chlorine,mg/L,0.557,0.456,0.643,0,0,Normal,28.705,77.24
2026-07-31,QT-004,WQS-004,WQS-004,DMA-04,Conductivity,uS/cm,677.225,608.8,768.9,0,0,Normal,28.705,77.24
2026-07-31,QT-004,WQS-004,WQS-004,DMA-04,Temperature,C,30.746,28.9,32.5,0,0,Normal,28.705,77.24
2026-07-31,QT-004,WQS-004,WQS-004,DMA-04,Turbidity,NTU,0.911,0.63,1.14,0,0,Normal,28.705,77.24
2026-07-31,QT-004,WQS-004,WQS-004,DMA-04,pH,pH,7.296,7.11,7.54,0,0,Normal,28.705,77.24
2026-07-31,QT-005,WQS-005,WQS-005,DMA-05,Chlorine,mg/L,0.55,0.459,0.709,0,0,Normal,28.712,77.245
2026-07-31,QT-005,WQS-005,WQS-005,DMA-05,Conductivity,uS/cm,669.979,574.4,727.4,0,0,Normal,28.712,77.245
2026-07-31,QT-005,WQS-005,WQS-005,DMA-05,Temperature,C,30.625,28.9,32.2,0,0,Normal,28.712,77.245
2026-07-31,QT-005,WQS-005,WQS-005,DMA-05,Turbidity,NTU,0.908,0.68,1.19,0,0,Normal,28.712,77.245
2026-07-31,QT-005,WQS-005,WQS-005,DMA-05,pH,pH,7.275,7.13,7.51,0,0,Normal,28.712,77.245
2026-07-31,QT-006,WQS-006,WQS-006,DMA-06,Chlorine,mg/L,0.548,0.457,0.637,0,0,Normal,28.731,77.277
2026-07-31,QT-006,WQS-006,WQS-006,DMA-06,Conductivity,uS/cm,681.912,627.1,752.3,0,0,Normal,28.731,77.277
2026-07-31,QT-006,WQS-006,WQS-006,DMA-06,Temperature,C,30.621,28.4,32.6,0,0,Normal,28.731,77.277
2026-07-31,QT-006,WQS-006,WQS-006,DMA-06,Turbidity,NTU,0.858,0.48,1.13,0,0,Normal,28.731,77.277
2026-07-31,QT-006,WQS-006,WQS-006,DMA-06,pH,pH,7.314,7.19,7.48,0,0,Normal,28.731,77.277
2026-08-01,QT-001,WQS-001,WQS-001,DMA-01,Chlorine,mg/L,0.567,0.459,0.667,0,0,Normal,28.738,77.255
2026-08-01,QT-001,WQS-001,WQS-001,DMA-01,Conductivity,uS/cm,680.967,614.8,737.6,0,0,Normal,28.738,77.255
2026-08-01,QT-001,WQS-001,WQS-001,DMA-01,Temperature,C,30.662,29.2,32.5,0,0,Normal,28.738,77.255
2026-08-01,QT-001,WQS-001,WQS-001,DMA-01,Turbidity,NTU,0.897,0.55,1.24,0,0,Normal,28.738,77.255
2026-08-01,QT-001,WQS-001,WQS-001,DMA-01,pH,pH,7.306,7.15,7.51,0,0,Normal,28.738,77.255
2026-08-01,QT-002,WQS-002,WQS-002,DMA-02,Chlorine,mg/L,0.544,0.458,0.625,0,0,Normal,28.726,77.253
2026-08-01,QT-002,WQS-002,WQS-002,DMA-02,Conductivity,uS/cm,677.096,629.7,748.9,0,0,Normal,28.726,77.253
2026-08-01,QT-002,WQS-002,WQS-002,DMA-02,Temperature,C,30.792,29.0,32.7,0,0,Normal,28.726,77.253
2026-08-01,QT-002,WQS-002,WQS-002,DMA-02,Turbidity,NTU,1.009,0.83,1.22,0,0,Normal,28.726,77.253
2026-08-01,QT-002,WQS-002,WQS-002,DMA-02,pH,pH,7.286,7.09,7.4,0,0,Normal,28.726,77.253
2026-08-01,QT-003,WQS-003,WQS-003,DMA-03,Chlorine,mg/L,0.566,0.454,0.682,0,0,Normal,28.717,77.269
2026-08-01,QT-003,WQS-003,WQS-003,DMA-03,Conductivity,uS/cm,676.108,601.9,740.4,0,0,Normal,28.717,77.269
2026-08-01,QT-003,WQS-003,WQS-003,DMA-03,Temperature,C,30.671,29.1,32.5,0,0,Normal,28.717,77.269
2026-08-01,QT-003,WQS-003,WQS-003,DMA-03,Turbidity,NTU,0.922,0.61,1.3,0,0,Normal,28.717,77.269
2026-08-01,QT-003,WQS-003,WQS-003,DMA-03,pH,pH,7.283,7.17,7.45,0,0,Normal,28.717,77.269
2026-08-01,QT-004,WQS-004,WQS-004,DMA-04,Chlorine,mg/L,0.55,0.457,0.617,0,0,Normal,28.705,77.24
2026-08-01,QT-004,WQS-004,WQS-004,DMA-04,Conductivity,uS/cm,675.712,611.6,747.9,0,0,Normal,28.705,77.24
2026-08-01,QT-004,WQS-004,WQS-004,DMA-04,Temperature,C,30.725,28.9,32.6,0,0,Normal,28.705,77.24
2026-08-01,QT-004,WQS-004,WQS-004,DMA-04,Turbidity,NTU,0.902,0.64,1.2,0,0,Normal,28.705,77.24
2026-08-01,QT-004,WQS-004,WQS-004,DMA-04,pH,pH,7.293,7.13,7.46,0,0,Normal,28.705,77.24
2026-08-01,QT-005,WQS-005,WQS-005,DMA-05,Chlorine,mg/L,0.535,0.459,0.597,0,0,Normal,28.712,77.245
2026-08-01,QT-005,WQS-005,WQS-005,DMA-05,Conductivity,uS/cm,674.117,616.6,760.4,0,0,Normal,28.712,77.245
2026-08-01,QT-005,WQS-005,WQS-005,DMA-05,Temperature,C,30.717,29.0,32.7,0,0,Normal,28.712,77.245
2026-08-01,QT-005,WQS-005,WQS-005,DMA-05,Turbidity,NTU,0.925,0.58,1.24,0,0,Normal,28.712,77.245
2026-08-01,QT-005,WQS-005,WQS-005,DMA-05,pH,pH,7.32,7.22,7.45,0,0,Normal,28.712,77.245
2026-08-01,QT-006,WQS-006,WQS-006,DMA-06,Chlorine,mg/L,0.556,0.471,0.641,0,0,Normal,28.731,77.277
2026-08-01,QT-006,WQS-006,WQS-006,DMA-06,Conductivity,uS/cm,676.917,558.4,730.6,0,0,Normal,28.731,77.277
2026-08-01,QT-006,WQS-006,WQS-006,DMA-06,Temperature,C,30.754,28.9,32.7,0,0,Normal,28.731,77.277
2026-08-01,QT-006,WQS-006,WQS-006,DMA-06,Turbidity,NTU,0.888,0.52,1.12,0,0,Normal,28.731,77.277
2026-08-01,QT-006,WQS-006,WQS-006,DMA-06,pH,pH,7.284,7.07,7.53,0,0,Normal,28.731,77.277
2026-08-02,QT-001,WQS-001,WQS-001,DMA-01,Chlorine,mg/L,0.542,0.415,0.615,0,0,Normal,28.738,77.255
2026-08-02,QT-001,WQS-001,WQS-001,DMA-01,Conductivity,uS/cm,673.883,614.4,723.0,0,0,Normal,28.738,77.255
2026-08-02,QT-001,WQS-001,WQS-001,DMA-01,Temperature,C,30.65,28.7,32.3,0,0,Normal,28.738,77.255
2026-08-02,QT-001,WQS-001,WQS-001,DMA-01,Turbidity,NTU,0.952,0.64,1.14,0,0,Normal,28.738,77.255
2026-08-02,QT-001,WQS-001,WQS-001,DMA-01,pH,pH,7.274,7.11,7.42,0,0,Normal,28.738,77.255
2026-08-02,QT-002,WQS-002,WQS-002,DMA-02,Chlorine,mg/L,0.57,0.469,0.687,0,0,Normal,28.726,77.253
2026-08-02,QT-002,WQS-002,WQS-002,DMA-02,Conductivity,uS/cm,684.067,600.9,750.3,0,0,Normal,28.726,77.253
2026-08-02,QT-002,WQS-002,WQS-002,DMA-02,Temperature,C,30.787,29.0,32.6,0,0,Normal,28.726,77.253
2026-08-02,QT-002,WQS-002,WQS-002,DMA-02,Turbidity,NTU,0.932,0.61,1.38,0,0,Normal,28.726,77.253
2026-08-02,QT-002,WQS-002,WQS-002,DMA-02,pH,pH,7.295,7.05,7.4,0,0,Normal,28.726,77.253
2026-08-02,QT-003,WQS-003,WQS-003,DMA-03,Chlorine,mg/L,0.542,0.455,0.637,0,0,Normal,28.717,77.269
2026-08-02,QT-003,WQS-003,WQS-003,DMA-03,Conductivity,uS/cm,696.571,638.5,774.9,0,0,Normal,28.717,77.269
2026-08-02,QT-003,WQS-003,WQS-003,DMA-03,Temperature,C,30.525,28.7,32.4,0,0,Normal,28.717,77.269
2026-08-02,QT-003,WQS-003,WQS-003,DMA-03,Turbidity,NTU,0.908,0.72,1.23,0,0,Normal,28.717,77.269
2026-08-02,QT-003,WQS-003,WQS-003,DMA-03,pH,pH,7.305,7.14,7.45,0,0,Normal,28.717,77.269
2026-08-02,QT-004,WQS-004,WQS-004,DMA-04,Chlorine,mg/L,0.553,0.474,0.629,0,0,Normal,28.705,77.24
2026-08-02,QT-004,WQS-004,WQS-004,DMA-04,Conductivity,uS/cm,676.392,605.4,725.2,0,0,Normal,28.705,77.24
2026-08-02,QT-004,WQS-004,WQS-004,DMA-04,Temperature,C,30.858,29.3,32.6,0,0,Normal,28.705,77.24
2026-08-02,QT-004,WQS-004,WQS-004,DMA-04,Turbidity,NTU,0.823,0.58,0.99,0,0,Normal,28.705,77.24
2026-08-02,QT-004,WQS-004,WQS-004,DMA-04,pH,pH,7.288,7.17,7.44,0,0,Normal,28.705,77.24
2026-08-02,QT-005,WQS-005,WQS-005,DMA-05,Chlorine,mg/L,0.557,0.464,0.67,0,0,Normal,28.712,77.245
2026-08-02,QT-005,WQS-005,WQS-005,DMA-05,Conductivity,uS/cm,670.533,595.3,740.9,0,0,Normal,28.712,77.245
2026-08-02,QT-005,WQS-005,WQS-005,DMA-05,Temperature,C,30.738,28.8,32.4,0,0,Normal,28.712,77.245
2026-08-02,QT-005,WQS-005,WQS-005,DMA-05,Turbidity,NTU,0.884,0.62,1.27,0,0,Normal,28.712,77.245
2026-08-02,QT-005,WQS-005,WQS-005,DMA-05,pH,pH,7.298,7.17,7.52,0,0,Normal,28.712,77.245
2026-08-02,QT-006,WQS-006,WQS-006,DMA-06,Chlorine,mg/L,0.56,0.472,0.647,0,0,Normal,28.731,77.277
2026-08-02,QT-006,WQS-006,WQS-006,DMA-06,Conductivity,uS/cm,676.579,614.2,740.7,0,0,Normal,28.731,77.277
2026-08-02,QT-006,WQS-006,WQS-006,DMA-06,Temperature,C,30.733,28.8,32.2,0,0,Normal,28.731,77.277
2026-08-02,QT-006,WQS-006,WQS-006,DMA-06,Turbidity,NTU,0.846,0.56,1.2,0,0,Normal,28.731,77.277
2026-08-02,QT-006,WQS-006,WQS-006,DMA-06,pH,pH,7.313,7.16,7.45,0,0,Normal,28.731,77.277
2026-08-03,QT-001,WQS-001,WQS-001,DMA-01,Chlorine,mg/L,0.541,0.48,0.643,0,0,Normal,28.738,77.255
2026-08-03,QT-001,WQS-001,WQS-001,DMA-01,Conductivity,uS/cm,668.188,587.4,757.1,0,0,Normal,28.738,77.255
2026-08-03,QT-001,WQS-001,WQS-001,DMA-01,Temperature,C,30.846,29.0,32.9,0,0,Normal,28.738,77.255
2026-08-03,QT-001,WQS-001,WQS-001,DMA-01,Turbidity,NTU,0.854,0.45,1.44,0,0,Normal,28.738,77.255
2026-08-03,QT-001,WQS-001,WQS-001,DMA-01,pH,pH,7.317,7.2,7.46,0,0,Normal,28.738,77.255
2026-08-03,QT-002,WQS-002,WQS-002,DMA-02,Chlorine,mg/L,0.546,0.446,0.637,0,0,Normal,28.726,77.253
2026-08-03,QT-002,WQS-002,WQS-002,DMA-02,Conductivity,uS/cm,683.712,593.8,769.1,0,0,Normal,28.726,77.253
2026-08-03,QT-002,WQS-002,WQS-002,DMA-02,Temperature,C,30.833,28.8,32.7,0,0,Normal,28.726,77.253
2026-08-03,QT-002,WQS-002,WQS-002,DMA-02,Turbidity,NTU,0.886,0.62,1.15,0,0,Normal,28.726,77.253
2026-08-03,QT-002,WQS-002,WQS-002,DMA-02,pH,pH,7.288,7.16,7.41,0,0,Normal,28.726,77.253
2026-08-03,QT-003,WQS-003,WQS-003,DMA-03,Chlorine,mg/L,0.548,0.469,0.647,0,0,Normal,28.717,77.269
2026-08-03,QT-003,WQS-003,WQS-003,DMA-03,Conductivity,uS/cm,666.904,605.5,716.8,0,0,Normal,28.717,77.269
2026-08-03,QT-003,WQS-003,WQS-003,DMA-03,Temperature,C,30.9,29.3,32.5,0,0,Normal,28.717,77.269
2026-08-03,QT-003,WQS-003,WQS-003,DMA-03,Turbidity,NTU,0.905,0.58,1.14,0,0,Normal,28.717,77.269
2026-08-03,QT-003,WQS-003,WQS-003,DMA-03,pH,pH,7.315,7.16,7.45,0,0,Normal,28.717,77.269
2026-08-03,QT-004,WQS-004,WQS-004,DMA-04,Chlorine,mg/L,0.551,0.442,0.659,0,0,Normal,28.705,77.24
2026-08-03,QT-004,WQS-004,WQS-004,DMA-04,Conductivity,uS/cm,681.521,611.4,755.6,0,0,Normal,28.705,77.24
2026-08-03,QT-004,WQS-004,WQS-004,DMA-04,Temperature,C,30.733,28.9,32.8,0,0,Normal,28.705,77.24
2026-08-03,QT-004,WQS-004,WQS-004,DMA-04,Turbidity,NTU,0.939,0.69,1.13,0,0,Normal,28.705,77.24
2026-08-03,QT-004,WQS-004,WQS-004,DMA-04,pH,pH,7.332,7.16,7.48,0,0,Normal,28.705,77.24
2026-08-03,QT-005,WQS-005,WQS-005,DMA-05,Chlorine,mg/L,0.328,0.087,0.62,3,11,Critical,28.712,77.245
2026-08-03,QT-005,WQS-005,WQS-005,DMA-05,Conductivity,uS/cm,769.783,608.7,915.5,0,0,Normal,28.712,77.245
2026-08-03,QT-005,WQS-005,WQS-005,DMA-05,Temperature,C,30.733,29.0,32.5,0,0,Normal,28.712,77.245
2026-08-03,QT-005,WQS-005,WQS-005,DMA-05,Turbidity,NTU,2.923,0.79,4.6,1,13,Critical,28.712,77.245
2026-08-03,QT-005,WQS-005,WQS-005,DMA-05,pH,pH,7.293,7.08,7.5,0,0,Normal,28.712,77.245
2026-08-03,QT-006,WQS-006,WQS-006,DMA-06,Chlorine,mg/L,0.554,0.456,0.641,0,0,Normal,28.731,77.277
2026-08-03,QT-006,WQS-006,WQS-006,DMA-06,Conductivity,uS/cm,662.742,617.8,719.1,0,0,Normal,28.731,77.277
2026-08-03,QT-006,WQS-006,WQS-006,DMA-06,Temperature,C,30.671,28.7,32.4,0,0,Normal,28.731,77.277
2026-08-03,QT-006,WQS-006,WQS-006,DMA-06,Turbidity,NTU,0.875,0.68,1.3,0,0,Normal,28.731,77.277
2026-08-03,QT-006,WQS-006,WQS-006,DMA-06,pH,pH,7.312,7.13,7.55,0,0,Normal,28.731,77.277
2026-08-04,QT-001,WQS-001,WQS-001,DMA-01,Chlorine,mg/L,0.539,0.476,0.653,0,0,Normal,28.738,77.255
2026-08-04,QT-001,WQS-001,WQS-001,DMA-01,Conductivity,uS/cm,682.396,606.1,742.4,0,0,Normal,28.738,77.255
2026-08-04,QT-001,WQS-001,WQS-001,DMA-01,Temperature,C,30.846,29.1,32.5,0,0,Normal,28.738,77.255
2026-08-04,QT-001,WQS-001,WQS-001,DMA-01,Turbidity,NTU,0.925,0.66,1.28,0,0,Normal,28.738,77.255
2026-08-04,QT-001,WQS-001,WQS-001,DMA-01,pH,pH,7.301,7.13,7.5,0,0,Normal,28.738,77.255
2026-08-04,QT-002,WQS-002,WQS-002,DMA-02,Chlorine,mg/L,0.552,0.465,0.657,0,0,Normal,28.726,77.253
2026-08-04,QT-002,WQS-002,WQS-002,DMA-02,Conductivity,uS/cm,680.95,601.2,737.3,0,0,Normal,28.726,77.253
2026-08-04,QT-002,WQS-002,WQS-002,DMA-02,Temperature,C,30.896,29.0,32.6,0,0,Normal,28.726,77.253
2026-08-04,QT-002,WQS-002,WQS-002,DMA-02,Turbidity,NTU,0.926,0.8,1.12,0,0,Normal,28.726,77.253
2026-08-04,QT-002,WQS-002,WQS-002,DMA-02,pH,pH,7.274,7.12,7.45,0,0,Normal,28.726,77.253
2026-08-04,QT-003,WQS-003,WQS-003,DMA-03,Chlorine,mg/L,0.534,0.463,0.581,0,0,Normal,28.717,77.269
2026-08-04,QT-003,WQS-003,WQS-003,DMA-03,Conductivity,uS/cm,684.975,594.1,753.4,0,0,Normal,28.717,77.269
2026-08-04,QT-003,WQS-003,WQS-003,DMA-03,Temperature,C,30.75,28.9,32.4,0,0,Normal,28.717,77.269
2026-08-04,QT-003,WQS-003,WQS-003,DMA-03,Turbidity,NTU,0.92,0.6,1.17,0,0,Normal,28.717,77.269
2026-08-04,QT-003,WQS-003,WQS-003,DMA-03,pH,pH,7.3,7.11,7.48,0,0,Normal,28.717,77.269
2026-08-04,QT-004,WQS-004,WQS-004,DMA-04,Chlorine,mg/L,0.549,0.46,0.636,0,0,Normal,28.705,77.24
2026-08-04,QT-004,WQS-004,WQS-004,DMA-04,Conductivity,uS/cm,679.267,623.5,747.4,0,0,Normal,28.705,77.24
2026-08-04,QT-004,WQS-004,WQS-004,DMA-04,Temperature,C,30.742,28.7,32.6,0,0,Normal,28.705,77.24
2026-08-04,QT-004,WQS-004,WQS-004,DMA-04,Turbidity,NTU,0.917,0.6,1.23,0,0,Normal,28.705,77.24
2026-08-04,QT-004,WQS-004,WQS-004,DMA-04,pH,pH,7.306,7.14,7.54,0,0,Normal,28.705,77.24
2026-08-04,QT-005,WQS-005,WQS-005,DMA-05,Chlorine,mg/L,0.174,0.056,0.256,8,16,Critical,28.712,77.245
2026-08-04,QT-005,WQS-005,WQS-005,DMA-05,Conductivity,uS/cm,828.908,778.9,891.6,0,0,Normal,28.712,77.245
2026-08-04,QT-005,WQS-005,WQS-005,DMA-05,Temperature,C,30.775,29.2,32.4,0,0,Normal,28.712,77.245
2026-08-04,QT-005,WQS-005,WQS-005,DMA-05,Turbidity,NTU,4.332,4.01,4.57,0,24,Critical,28.712,77.245
2026-08-04,QT-005,WQS-005,WQS-005,DMA-05,pH,pH,7.3,7.14,7.45,0,0,Normal,28.712,77.245
2026-08-04,QT-006,WQS-006,WQS-006,DMA-06,Chlorine,mg/L,0.562,0.496,0.642,0,0,Normal,28.731,77.277
2026-08-04,QT-006,WQS-006,WQS-006,DMA-06,Conductivity,uS/cm,670.092,600.3,755.9,0,0,Normal,28.731,77.277
2026-08-04,QT-006,WQS-006,WQS-006,DMA-06,Temperature,C,30.8,29.3,32.5,0,0,Normal,28.731,77.277
2026-08-04,QT-006,WQS-006,WQS-006,DMA-06,Turbidity,NTU,0.883,0.43,1.23,0,0,Normal,28.731,77.277
2026-08-04,QT-006,WQS-006,WQS-006,DMA-06,pH,pH,7.278,7.12,7.44,0,0,Normal,28.731,77.277
2026-08-05,QT-001,WQS-001,WQS-001,DMA-01,Chlorine,mg/L,0.551,0.49,0.658,0,0,Normal,28.738,77.255
2026-08-05,QT-001,WQS-001,WQS-001,DMA-01,Conductivity,uS/cm,677.012,592.9,736.7,0,0,Normal,28.738,77.255
2026-08-05,QT-001,WQS-001,WQS-001,DMA-01,Temperature,C,30.892,29.0,32.9,0,0,Normal,28.738,77.255
2026-08-05,QT-001,WQS-001,WQS-001,DMA-01,Turbidity,NTU,0.9,0.58,1.15,0,0,Normal,28.738,77.255
2026-08-05,QT-001,WQS-001,WQS-001,DMA-01,pH,pH,7.321,7.22,7.49,0,0,Normal,28.738,77.255
2026-08-05,QT-002,WQS-002,WQS-002,DMA-02,Chlorine,mg/L,0.552,0.461,0.652,0,0,Normal,28.726,77.253
2026-08-05,QT-002,WQS-002,WQS-002,DMA-02,Conductivity,uS/cm,675.775,570.4,759.5,0,0,Normal,28.726,77.253
2026-08-05,QT-002,WQS-002,WQS-002,DMA-02,Temperature,C,30.783,29.0,32.8,0,0,Normal,28.726,77.253
2026-08-05,QT-002,WQS-002,WQS-002,DMA-02,Turbidity,NTU,0.895,0.57,1.07,0,0,Normal,28.726,77.253
2026-08-05,QT-002,WQS-002,WQS-002,DMA-02,pH,pH,7.305,7.18,7.39,0,0,Normal,28.726,77.253
2026-08-05,QT-003,WQS-003,WQS-003,DMA-03,Chlorine,mg/L,0.55,0.431,0.644,0,0,Normal,28.717,77.269
2026-08-05,QT-003,WQS-003,WQS-003,DMA-03,Conductivity,uS/cm,672.15,611.2,740.6,0,0,Normal,28.717,77.269
2026-08-05,QT-003,WQS-003,WQS-003,DMA-03,Temperature,C,30.925,29.4,32.8,0,0,Normal,28.717,77.269
2026-08-05,QT-003,WQS-003,WQS-003,DMA-03,Turbidity,NTU,0.916,0.62,1.22,0,0,Normal,28.717,77.269
2026-08-05,QT-003,WQS-003,WQS-003,DMA-03,pH,pH,7.328,7.21,7.51,0,0,Normal,28.717,77.269
2026-08-05,QT-004,WQS-004,WQS-004,DMA-04,Chlorine,mg/L,0.524,0.402,0.614,0,0,Normal,28.705,77.24
2026-08-05,QT-004,WQS-004,WQS-004,DMA-04,Conductivity,uS/cm,676.454,624.3,757.4,0,0,Normal,28.705,77.24
2026-08-05,QT-004,WQS-004,WQS-004,DMA-04,Temperature,C,30.85,28.9,32.4,0,0,Normal,28.705,77.24
2026-08-05,QT-004,WQS-004,WQS-004,DMA-04,Turbidity,NTU,0.97,0.63,1.2,0,0,Normal,28.705,77.24
2026-08-05,QT-004,WQS-004,WQS-004,DMA-04,pH,pH,7.297,7.16,7.48,0,0,Normal,28.705,77.24
2026-08-05,QT-005,WQS-005,WQS-005,DMA-05,Chlorine,mg/L,0.186,0.082,0.276,8,16,Critical,28.712,77.245
2026-08-05,QT-005,WQS-005,WQS-005,DMA-05,Conductivity,uS/cm,825.108,749.8,919.3,0,0,Normal,28.712,77.245
2026-08-05,QT-005,WQS-005,WQS-005,DMA-05,Temperature,C,30.779,29.0,32.6,0,0,Normal,28.712,77.245
2026-08-05,QT-005,WQS-005,WQS-005,DMA-05,Turbidity,NTU,4.274,3.97,4.62,1,23,Critical,28.712,77.245
2026-08-05,QT-005,WQS-005,WQS-005,DMA-05,pH,pH,7.327,7.15,7.58,0,0,Normal,28.712,77.245
2026-08-05,QT-006,WQS-006,WQS-006,DMA-06,Chlorine,mg/L,0.565,0.484,0.636,0,0,Normal,28.731,77.277
2026-08-05,QT-006,WQS-006,WQS-006,DMA-06,Conductivity,uS/cm,689.479,619.3,756.5,0,0,Normal,28.731,77.277
2026-08-05,QT-006,WQS-006,WQS-006,DMA-06,Temperature,C,30.829,29.1,32.7,0,0,Normal,28.731,77.277
2026-08-05,QT-006,WQS-006,WQS-006,DMA-06,Turbidity,NTU,0.915,0.65,1.17,0,0,Normal,28.731,77.277
2026-08-05,QT-006,WQS-006,WQS-006,DMA-06,pH,pH,7.326,7.19,7.48,0,0,Normal,28.731,77.277
2026-08-06,QT-001,WQS-001,WQS-001,DMA-01,Chlorine,mg/L,0.549,0.476,0.614,0,0,Normal,28.738,77.255
2026-08-06,QT-001,WQS-001,WQS-001,DMA-01,Conductivity,uS/cm,687.133,611.1,768.6,0,0,Normal,28.738,77.255
2026-08-06,QT-001,WQS-001,WQS-001,DMA-01,Temperature,C,30.787,29.6,32.7,0,0,Normal,28.738,77.255
2026-08-06,QT-001,WQS-001,WQS-001,DMA-01,Turbidity,NTU,0.882,0.59,1.36,0,0,Normal,28.738,77.255
2026-08-06,QT-001,WQS-001,WQS-001,DMA-01,pH,pH,7.291,7.13,7.43,0,0,Normal,28.738,77.255
2026-08-06,QT-002,WQS-002,WQS-002,DMA-02,Chlorine,mg/L,0.539,0.417,0.628,0,0,Normal,28.726,77.253
2026-08-06,QT-002,WQS-002,WQS-002,DMA-02,Conductivity,uS/cm,668.117,601.6,728.9,0,0,Normal,28.726,77.253
2026-08-06,QT-002,WQS-002,WQS-002,DMA-02,Temperature,C,30.879,29.3,32.9,0,0,Normal,28.726,77.253
2026-08-06,QT-002,WQS-002,WQS-002,DMA-02,Turbidity,NTU,0.893,0.53,1.18,0,0,Normal,28.726,77.253
2026-08-06,QT-002,WQS-002,WQS-002,DMA-02,pH,pH,7.312,7.2,7.55,0,0,Normal,28.726,77.253
2026-08-06,QT-003,WQS-003,WQS-003,DMA-03,Chlorine,mg/L,0.55,0.468,0.64,0,0,Normal,28.717,77.269
2026-08-06,QT-003,WQS-003,WQS-003,DMA-03,Conductivity,uS/cm,678.933,632.5,756.2,0,0,Normal,28.717,77.269
2026-08-06,QT-003,WQS-003,WQS-003,DMA-03,Temperature,C,30.692,29.0,32.4,0,0,Normal,28.717,77.269
2026-08-06,QT-003,WQS-003,WQS-003,DMA-03,Turbidity,NTU,0.979,0.74,1.32,0,0,Normal,28.717,77.269
2026-08-06,QT-003,WQS-003,WQS-003,DMA-03,pH,pH,7.3,7.14,7.49,0,0,Normal,28.717,77.269
2026-08-06,QT-004,WQS-004,WQS-004,DMA-04,Chlorine,mg/L,0.548,0.444,0.634,0,0,Normal,28.705,77.24
2026-08-06,QT-004,WQS-004,WQS-004,DMA-04,Conductivity,uS/cm,671.625,616.0,732.0,0,0,Normal,28.705,77.24
2026-08-06,QT-004,WQS-004,WQS-004,DMA-04,Temperature,C,30.871,29.3,32.6,0,0,Normal,28.705,77.24
2026-08-06,QT-004,WQS-004,WQS-004,DMA-04,Turbidity,NTU,0.985,0.67,1.18,0,0,Normal,28.705,77.24
2026-08-06,QT-004,WQS-004,WQS-004,DMA-04,pH,pH,7.315,7.2,7.43,0,0,Normal,28.705,77.24
2026-08-06,QT-005,WQS-005,WQS-005,DMA-05,Chlorine,mg/L,0.17,0.073,0.285,4,20,Critical,28.712,77.245
2026-08-06,QT-005,WQS-005,WQS-005,DMA-05,Conductivity,uS/cm,824.029,741.6,869.4,0,0,Normal,28.712,77.245
2026-08-06,QT-005,WQS-005,WQS-005,DMA-05,Temperature,C,30.942,29.1,32.7,0,0,Normal,28.712,77.245
2026-08-06,QT-005,WQS-005,WQS-005,DMA-05,Turbidity,NTU,4.261,3.92,4.49,3,21,Critical,28.712,77.245
2026-08-06,QT-005,WQS-005,WQS-005,DMA-05,pH,pH,7.293,7.12,7.41,0,0,Normal,28.712,77.245
2026-08-06,QT-006,WQS-006,WQS-006,DMA-06,Chlorine,mg/L,0.564,0.513,0.647,0,0,Normal,28.731,77.277
2026-08-06,QT-006,WQS-006,WQS-006,DMA-06,Conductivity,uS/cm,683.096,606.5,724.8,0,0,Normal,28.731,77.277
2026-08-06,QT-006,WQS-006,WQS-006,DMA-06,Temperature,C,30.838,29.1,32.7,0,0,Normal,28.731,77.277
2026-08-06,QT-006,WQS-006,WQS-006,DMA-06,Turbidity,NTU,0.909,0.68,1.06,0,0,Normal,28.731,77.277
2026-08-06,QT-006,WQS-006,WQS-006,DMA-06,pH,pH,7.332,7.12,7.48,0,0,Normal,28.731,77.277
2026-08-07,QT-001,WQS-001,WQS-001,DMA-01,Chlorine,mg/L,0.556,0.449,0.638,0,0,Normal,28.738,77.255
2026-08-07,QT-001,WQS-001,WQS-001,DMA-01,Conductivity,uS/cm,696.621,642.5,756.5,0,0,Normal,28.738,77.255
2026-08-07,QT-001,WQS-001,WQS-001,DMA-01,Temperature,C,30.812,28.9,33.0,0,0,Normal,28.738,77.255
2026-08-07,QT-001,WQS-001,WQS-001,DMA-01,Turbidity,NTU,0.916,0.53,1.11,0,0,Normal,28.738,77.255
2026-08-07,QT-001,WQS-001,WQS-001,DMA-01,pH,pH,7.306,7.16,7.5,0,0,Normal,28.738,77.255
2026-08-07,QT-002,WQS-002,WQS-002,DMA-02,Chlorine,mg/L,0.551,0.457,0.626,0,0,Normal,28.726,77.253
2026-08-07,QT-002,WQS-002,WQS-002,DMA-02,Conductivity,uS/cm,667.746,593.3,726.8,0,0,Normal,28.726,77.253
2026-08-07,QT-002,WQS-002,WQS-002,DMA-02,Temperature,C,30.963,29.3,32.7,0,0,Normal,28.726,77.253
2026-08-07,QT-002,WQS-002,WQS-002,DMA-02,Turbidity,NTU,0.857,0.58,1.13,0,0,Normal,28.726,77.253
2026-08-07,QT-002,WQS-002,WQS-002,DMA-02,pH,pH,7.278,7.09,7.44,0,0,Normal,28.726,77.253
2026-08-07,QT-003,WQS-003,WQS-003,DMA-03,Chlorine,mg/L,0.552,0.393,0.616,0,0,Normal,28.717,77.269
2026-08-07,QT-003,WQS-003,WQS-003,DMA-03,Conductivity,uS/cm,681.113,615.2,757.1,0,0,Normal,28.717,77.269
2026-08-07,QT-003,WQS-003,WQS-003,DMA-03,Temperature,C,30.729,29.0,32.4,0,0,Normal,28.717,77.269
2026-08-07,QT-003,WQS-003,WQS-003,DMA-03,Turbidity,NTU,0.927,0.63,1.41,0,0,Normal,28.717,77.269
2026-08-07,QT-003,WQS-003,WQS-003,DMA-03,pH,pH,7.286,7.06,7.44,0,0,Normal,28.717,77.269
2026-08-07,QT-004,WQS-004,WQS-004,DMA-04,Chlorine,mg/L,0.551,0.46,0.626,0,0,Normal,28.705,77.24
2026-08-07,QT-004,WQS-004,WQS-004,DMA-04,Conductivity,uS/cm,681.346,611.1,739.9,0,0,Normal,28.705,77.24
2026-08-07,QT-004,WQS-004,WQS-004,DMA-04,Temperature,C,30.85,29.2,32.6,0,0,Normal,28.705,77.24
2026-08-07,QT-004,WQS-004,WQS-004,DMA-04,Turbidity,NTU,0.888,0.57,1.27,0,0,Normal,28.705,77.24
2026-08-07,QT-004,WQS-004,WQS-004,DMA-04,pH,pH,7.291,7.13,7.45,0,0,Normal,28.705,77.24
2026-08-07,QT-005,WQS-005,WQS-005,DMA-05,Chlorine,mg/L,0.176,0.087,0.281,8,16,Critical,28.712,77.245
2026-08-07,QT-005,WQS-005,WQS-005,DMA-05,Conductivity,uS/cm,809.296,747.8,868.1,0,0,Normal,28.712,77.245
2026-08-07,QT-005,WQS-005,WQS-005,DMA-05,Temperature,C,30.975,29.4,32.5,0,0,Normal,28.712,77.245
2026-08-07,QT-005,WQS-005,WQS-005,DMA-05,Turbidity,NTU,4.326,4.03,4.58,0,24,Critical,28.712,77.245
2026-08-07,QT-005,WQS-005,WQS-005,DMA-05,pH,pH,7.308,7.08,7.54,0,0,Normal,28.712,77.245
2026-08-07,QT-006,WQS-006,WQS-006,DMA-06,Chlorine,mg/L,0.565,0.438,0.693,0,0,Normal,28.731,77.277
2026-08-07,QT-006,WQS-006,WQS-006,DMA-06,Conductivity,uS/cm,681.508,592.9,763.2,0,0,Normal,28.731,77.277
2026-08-07,QT-006,WQS-006,WQS-006,DMA-06,Temperature,C,30.921,29.3,32.6,0,0,Normal,28.731,77.277
2026-08-07,QT-006,WQS-006,WQS-006,DMA-06,Turbidity,NTU,0.872,0.5,1.06,0,0,Normal,28.731,77.277
2026-08-07,QT-006,WQS-006,WQS-006,DMA-06,pH,pH,7.315,7.2,7.48,0,0,Normal,28.731,77.277
2026-08-08,QT-001,WQS-001,WQS-001,DMA-01,Chlorine,mg/L,0.542,0.421,0.65,0,0,Normal,28.738,77.255
2026-08-08,QT-001,WQS-001,WQS-001,DMA-01,Conductivity,uS/cm,686.546,640.9,760.4,0,0,Normal,28.738,77.255
2026-08-08,QT-001,WQS-001,WQS-001,DMA-01,Temperature,C,30.975,29.1,32.9,0,0,Normal,28.738,77.255
2026-08-08,QT-001,WQS-001,WQS-001,DMA-01,Turbidity,NTU,0.896,0.62,1.17,0,0,Normal,28.738,77.255
2026-08-08,QT-001,WQS-001,WQS-001,DMA-01,pH,pH,7.315,7.19,7.53,0,0,Normal,28.738,77.255
2026-08-08,QT-002,WQS-002,WQS-002,DMA-02,Chlorine,mg/L,0.555,0.468,0.645,0,0,Normal,28.726,77.253
2026-08-08,QT-002,WQS-002,WQS-002,DMA-02,Conductivity,uS/cm,684.137,628.0,759.2,0,0,Normal,28.726,77.253
2026-08-08,QT-002,WQS-002,WQS-002,DMA-02,Temperature,C,30.925,29.3,32.8,0,0,Normal,28.726,77.253
2026-08-08,QT-002,WQS-002,WQS-002,DMA-02,Turbidity,NTU,0.875,0.6,1.07,0,0,Normal,28.726,77.253
2026-08-08,QT-002,WQS-002,WQS-002,DMA-02,pH,pH,7.295,7.1,7.43,0,0,Normal,28.726,77.253
2026-08-08,QT-003,WQS-003,WQS-003,DMA-03,Chlorine,mg/L,0.554,0.458,0.633,0,0,Normal,28.717,77.269
2026-08-08,QT-003,WQS-003,WQS-003,DMA-03,Conductivity,uS/cm,675.775,621.6,769.4,0,0,Normal,28.717,77.269
2026-08-08,QT-003,WQS-003,WQS-003,DMA-03,Temperature,C,30.921,29.4,32.7,0,0,Normal,28.717,77.269
2026-08-08,QT-003,WQS-003,WQS-003,DMA-03,Turbidity,NTU,0.919,0.5,1.15,0,0,Normal,28.717,77.269
2026-08-08,QT-003,WQS-003,WQS-003,DMA-03,pH,pH,7.273,7.14,7.48,0,0,Normal,28.717,77.269
2026-08-08,QT-004,WQS-004,WQS-004,DMA-04,Chlorine,mg/L,0.544,0.448,0.648,0,0,Normal,28.705,77.24
2026-08-08,QT-004,WQS-004,WQS-004,DMA-04,Conductivity,uS/cm,681.833,593.9,763.6,0,0,Normal,28.705,77.24
2026-08-08,QT-004,WQS-004,WQS-004,DMA-04,Temperature,C,30.871,29.0,33.2,0,0,Normal,28.705,77.24
2026-08-08,QT-004,WQS-004,WQS-004,DMA-04,Turbidity,NTU,0.888,0.74,1.08,0,0,Normal,28.705,77.24
2026-08-08,QT-004,WQS-004,WQS-004,DMA-04,pH,pH,7.318,7.08,7.46,0,0,Normal,28.705,77.24
2026-08-08,QT-005,WQS-005,WQS-005,DMA-05,Chlorine,mg/L,0.232,0.066,0.542,2,17,Critical,28.712,77.245
2026-08-08,QT-005,WQS-005,WQS-005,DMA-05,Conductivity,uS/cm,817.104,658.0,896.5,0,0,Normal,28.712,77.245
2026-08-08,QT-005,WQS-005,WQS-005,DMA-05,Temperature,C,30.875,29.4,32.6,0,0,Normal,28.712,77.245
2026-08-08,QT-005,WQS-005,WQS-005,DMA-05,Turbidity,NTU,3.594,0.74,4.48,0,19,Critical,28.712,77.245
2026-08-08,QT-005,WQS-005,WQS-005,DMA-05,pH,pH,7.286,7.15,7.43,0,0,Normal,28.712,77.245
2026-08-08,QT-006,WQS-006,WQS-006,DMA-06,Chlorine,mg/L,0.542,0.4,0.635,0,0,Normal,28.731,77.277
2026-08-08,QT-006,WQS-006,WQS-006,DMA-06,Conductivity,uS/cm,695.75,600.2,786.4,0,0,Normal,28.731,77.277
2026-08-08,QT-006,WQS-006,WQS-006,DMA-06,Temperature,C,30.992,29.4,32.5,0,0,Normal,28.731,77.277
2026-08-08,QT-006,WQS-006,WQS-006,DMA-06,Turbidity,NTU,0.883,0.66,1.12,0,0,Normal,28.731,77.277
2026-08-08,QT-006,WQS-006,WQS-006,DMA-06,pH,pH,7.33,7.15,7.5,0,0,Normal,28.731,77.277
2026-08-09,QT-001,WQS-001,WQS-001,DMA-01,Chlorine,mg/L,0.543,0.485,0.627,0,0,Normal,28.738,77.255
2026-08-09,QT-001,WQS-001,WQS-001,DMA-01,Conductivity,uS/cm,688.975,594.7,756.5,0,0,Normal,28.738,77.255
2026-08-09,QT-001,WQS-001,WQS-001,DMA-01,Temperature,C,30.963,29.1,32.5,0,0,Normal,28.738,77.255
2026-08-09,QT-001,WQS-001,WQS-001,DMA-01,Turbidity,NTU,0.874,0.67,1.24,0,0,Normal,28.738,77.255
2026-08-09,QT-001,WQS-001,WQS-001,DMA-01,pH,pH,7.319,7.16,7.44,0,0,Normal,28.738,77.255
2026-08-09,QT-002,WQS-002,WQS-002,DMA-02,Chlorine,mg/L,0.571,0.502,0.653,0,0,Normal,28.726,77.253
2026-08-09,QT-002,WQS-002,WQS-002,DMA-02,Conductivity,uS/cm,678.95,631.9,749.2,0,0,Normal,28.726,77.253
2026-08-09,QT-002,WQS-002,WQS-002,DMA-02,Temperature,C,30.979,29.3,32.9,0,0,Normal,28.726,77.253
2026-08-09,QT-002,WQS-002,WQS-002,DMA-02,Turbidity,NTU,0.915,0.51,1.15,0,0,Normal,28.726,77.253
2026-08-09,QT-002,WQS-002,WQS-002,DMA-02,pH,pH,7.295,7.17,7.43,0,0,Normal,28.726,77.253
2026-08-09,QT-003,WQS-003,WQS-003,DMA-03,Chlorine,mg/L,0.557,0.463,0.694,0,0,Normal,28.717,77.269
2026-08-09,QT-003,WQS-003,WQS-003,DMA-03,Conductivity,uS/cm,668.817,602.3,732.6,0,0,Normal,28.717,77.269
2026-08-09,QT-003,WQS-003,WQS-003,DMA-03,Temperature,C,31.0,29.3,32.7,0,0,Normal,28.717,77.269
2026-08-09,QT-003,WQS-003,WQS-003,DMA-03,Turbidity,NTU,0.935,0.72,1.17,0,0,Normal,28.717,77.269
2026-08-09,QT-003,WQS-003,WQS-003,DMA-03,pH,pH,7.314,7.09,7.48,0,0,Normal,28.717,77.269
2026-08-09,QT-004,WQS-004,WQS-004,DMA-04,Chlorine,mg/L,0.551,0.398,0.704,0,0,Normal,28.705,77.24
2026-08-09,QT-004,WQS-004,WQS-004,DMA-04,Conductivity,uS/cm,672.504,599.6,742.2,0,0,Normal,28.705,77.24
2026-08-09,QT-004,WQS-004,WQS-004,DMA-04,Temperature,C,30.904,29.2,32.7,0,0,Normal,28.705,77.24
2026-08-09,QT-004,WQS-004,WQS-004,DMA-04,Turbidity,NTU,0.934,0.57,1.26,0,0,Normal,28.705,77.24
2026-08-09,QT-004,WQS-004,WQS-004,DMA-04,pH,pH,7.3,7.16,7.44,0,0,Normal,28.705,77.24
2026-08-09,QT-005,WQS-005,WQS-005,DMA-05,Chlorine,mg/L,0.547,0.467,0.643,0,0,Normal,28.712,77.245
2026-08-09,QT-005,WQS-005,WQS-005,DMA-05,Conductivity,uS/cm,672.392,599.9,760.9,0,0,Normal,28.712,77.245
2026-08-09,QT-005,WQS-005,WQS-005,DMA-05,Temperature,C,30.979,29.0,33.2,0,0,Normal,28.712,77.245
2026-08-09,QT-005,WQS-005,WQS-005,DMA-05,Turbidity,NTU,0.872,0.55,1.19,0,0,Normal,28.712,77.245
2026-08-09,QT-005,WQS-005,WQS-005,DMA-05,pH,pH,7.28,7.11,7.45,0,0,Normal,28.712,77.245
2026-08-09,QT-006,WQS-006,WQS-006,DMA-06,Chlorine,mg/L,0.547,0.439,0.655,0,0,Normal,28.731,77.277
2026-08-09,QT-006,WQS-006,WQS-006,DMA-06,Conductivity,uS/cm,692.783,648.5,761.1,0,0,Normal,28.731,77.277
2026-08-09,QT-006,WQS-006,WQS-006,DMA-06,Temperature,C,30.896,29.1,32.6,0,0,Normal,28.731,77.277
2026-08-09,QT-006,WQS-006,WQS-006,DMA-06,Turbidity,NTU,0.869,0.67,1.09,0,0,Normal,28.731,77.277
2026-08-09,QT-006,WQS-006,WQS-006,DMA-06,pH,pH,7.285,7.11,7.37,0,0,Normal,28.731,77.277
2026-08-10,QT-001,WQS-001,WQS-001,DMA-01,Chlorine,mg/L,0.575,0.514,0.666,0,0,Normal,28.738,77.255
2026-08-10,QT-001,WQS-001,WQS-001,DMA-01,Conductivity,uS/cm,671.258,601.3,789.6,0,0,Normal,28.738,77.255
2026-08-10,QT-001,WQS-001,WQS-001,DMA-01,Temperature,C,30.812,29.4,32.5,0,0,Normal,28.738,77.255
2026-08-10,QT-001,WQS-001,WQS-001,DMA-01,Turbidity,NTU,0.915,0.5,1.3,0,0,Normal,28.738,77.255
2026-08-10,QT-001,WQS-001,WQS-001,DMA-01,pH,pH,7.32,7.11,7.46,0,0,Normal,28.738,77.255
2026-08-10,QT-002,WQS-002,WQS-002,DMA-02,Chlorine,mg/L,0.556,0.452,0.664,0,0,Normal,28.726,77.253
2026-08-10,QT-002,WQS-002,WQS-002,DMA-02,Conductivity,uS/cm,675.062,613.0,743.2,0,0,Normal,28.726,77.253
2026-08-10,QT-002,WQS-002,WQS-002,DMA-02,Temperature,C,30.925,29.3,32.9,0,0,Normal,28.726,77.253
2026-08-10,QT-002,WQS-002,WQS-002,DMA-02,Turbidity,NTU,0.916,0.48,1.21,0,0,Normal,28.726,77.253
2026-08-10,QT-002,WQS-002,WQS-002,DMA-02,pH,pH,7.308,7.19,7.45,0,0,Normal,28.726,77.253
2026-08-10,QT-003,WQS-003,WQS-003,DMA-03,Chlorine,mg/L,0.566,0.473,0.735,0,0,Normal,28.717,77.269
2026-08-10,QT-003,WQS-003,WQS-003,DMA-03,Conductivity,uS/cm,685.483,642.0,739.3,0,0,Normal,28.717,77.269
2026-08-10,QT-003,WQS-003,WQS-003,DMA-03,Temperature,C,31.029,29.4,32.6,0,0,Normal,28.717,77.269
2026-08-10,QT-003,WQS-003,WQS-003,DMA-03,Turbidity,NTU,0.893,0.67,1.18,0,0,Normal,28.717,77.269
2026-08-10,QT-003,WQS-003,WQS-003,DMA-03,pH,pH,7.311,7.16,7.52,0,0,Normal,28.717,77.269
2026-08-10,QT-004,WQS-004,WQS-004,DMA-04,Chlorine,mg/L,0.552,0.471,0.667,0,0,Normal,28.705,77.24
2026-08-10,QT-004,WQS-004,WQS-004,DMA-04,Conductivity,uS/cm,694.158,612.9,814.0,0,0,Normal,28.705,77.24
2026-08-10,QT-004,WQS-004,WQS-004,DMA-04,Temperature,C,30.979,28.9,32.7,0,0,Normal,28.705,77.24
2026-08-10,QT-004,WQS-004,WQS-004,DMA-04,Turbidity,NTU,0.912,0.65,1.21,0,0,Normal,28.705,77.24
2026-08-10,QT-004,WQS-004,WQS-004,DMA-04,pH,pH,7.295,7.15,7.46,0,0,Normal,28.705,77.24
2026-08-10,QT-005,WQS-005,WQS-005,DMA-05,Chlorine,mg/L,0.542,0.408,0.648,0,0,Normal,28.712,77.245
2026-08-10,QT-005,WQS-005,WQS-005,DMA-05,Conductivity,uS/cm,674.354,606.2,733.5,0,0,Normal,28.712,77.245
2026-08-10,QT-005,WQS-005,WQS-005,DMA-05,Temperature,C,31.062,29.2,33.0,0,0,Normal,28.712,77.245
2026-08-10,QT-005,WQS-005,WQS-005,DMA-05,Turbidity,NTU,0.911,0.51,1.28,0,0,Normal,28.712,77.245
2026-08-10,QT-005,WQS-005,WQS-005,DMA-05,pH,pH,7.281,7.13,7.48,0,0,Normal,28.712,77.245
2026-08-10,QT-006,WQS-006,WQS-006,DMA-06,Chlorine,mg/L,0.563,0.42,0.631,0,0,Normal,28.731,77.277
2026-08-10,QT-006,WQS-006,WQS-006,DMA-06,Conductivity,uS/cm,675.637,598.4,742.0,0,0,Normal,28.731,77.277
2026-08-10,QT-006,WQS-006,WQS-006,DMA-06,Temperature,C,30.908,29.1,32.5,0,0,Normal,28.731,77.277
2026-08-10,QT-006,WQS-006,WQS-006,DMA-06,Turbidity,NTU,0.91,0.68,1.3,0,0,Normal,28.731,77.277
2026-08-10,QT-006,WQS-006,WQS-006,DMA-06,pH,pH,7.302,7.1,7.46,0,0,Normal,28.731,77.277
2026-08-11,QT-001,WQS-001,WQS-001,DMA-01,Chlorine,mg/L,0.536,0.439,0.603,0,0,Normal,28.738,77.255
2026-08-11,QT-001,WQS-001,WQS-001,DMA-01,Conductivity,uS/cm,683.317,593.5,745.2,0,0,Normal,28.738,77.255
2026-08-11,QT-001,WQS-001,WQS-001,DMA-01,Temperature,C,30.979,29.3,32.6,0,0,Normal,28.738,77.255
2026-08-11,QT-001,WQS-001,WQS-001,DMA-01,Turbidity,NTU,0.898,0.47,1.3,0,0,Normal,28.738,77.255
2026-08-11,QT-001,WQS-001,WQS-001,DMA-01,pH,pH,7.325,7.18,7.53,0,0,Normal,28.738,77.255
2026-08-11,QT-002,WQS-002,WQS-002,DMA-02,Chlorine,mg/L,0.541,0.459,0.622,0,0,Normal,28.726,77.253
2026-08-11,QT-002,WQS-002,WQS-002,DMA-02,Conductivity,uS/cm,673.071,620.7,739.2,0,0,Normal,28.726,77.253
2026-08-11,QT-002,WQS-002,WQS-002,DMA-02,Temperature,C,30.992,29.3,32.8,0,0,Normal,28.726,77.253
2026-08-11,QT-002,WQS-002,WQS-002,DMA-02,Turbidity,NTU,0.9,0.61,1.17,0,0,Normal,28.726,77.253
2026-08-11,QT-002,WQS-002,WQS-002,DMA-02,pH,pH,7.291,7.14,7.46,0,0,Normal,28.726,77.253
2026-08-11,QT-003,WQS-003,WQS-003,DMA-03,Chlorine,mg/L,0.542,0.439,0.631,0,0,Normal,28.717,77.269
2026-08-11,QT-003,WQS-003,WQS-003,DMA-03,Conductivity,uS/cm,686.604,616.5,781.4,0,0,Normal,28.717,77.269
2026-08-11,QT-003,WQS-003,WQS-003,DMA-03,Temperature,C,30.904,29.2,32.9,0,0,Normal,28.717,77.269
2026-08-11,QT-003,WQS-003,WQS-003,DMA-03,Turbidity,NTU,0.912,0.61,1.11,0,0,Normal,28.717,77.269
2026-08-11,QT-003,WQS-003,WQS-003,DMA-03,pH,pH,7.308,7.14,7.44,0,0,Normal,28.717,77.269
2026-08-11,QT-004,WQS-004,WQS-004,DMA-04,Chlorine,mg/L,0.552,0.463,0.666,0,0,Normal,28.705,77.24
2026-08-11,QT-004,WQS-004,WQS-004,DMA-04,Conductivity,uS/cm,683.958,624.9,751.5,0,0,Normal,28.705,77.24
2026-08-11,QT-004,WQS-004,WQS-004,DMA-04,Temperature,C,30.938,29.0,32.7,0,0,Normal,28.705,77.24
2026-08-11,QT-004,WQS-004,WQS-004,DMA-04,Turbidity,NTU,0.921,0.63,1.25,0,0,Normal,28.705,77.24
2026-08-11,QT-004,WQS-004,WQS-004,DMA-04,pH,pH,7.254,7.16,7.44,0,0,Normal,28.705,77.24
2026-08-11,QT-005,WQS-005,WQS-005,DMA-05,Chlorine,mg/L,0.542,0.415,0.642,0,0,Normal,28.712,77.245
2026-08-11,QT-005,WQS-005,WQS-005,DMA-05,Conductivity,uS/cm,681.529,590.3,773.4,0,0,Normal,28.712,77.245
2026-08-11,QT-005,WQS-005,WQS-005,DMA-05,Temperature,C,30.917,29.3,33.0,0,0,Normal,28.712,77.245
2026-08-11,QT-005,WQS-005,WQS-005,DMA-05,Turbidity,NTU,0.936,0.7,1.2,0,0,Normal,28.712,77.245
2026-08-11,QT-005,WQS-005,WQS-005,DMA-05,pH,pH,7.312,7.15,7.4,0,0,Normal,28.712,77.245
2026-08-11,QT-006,WQS-006,WQS-006,DMA-06,Chlorine,mg/L,0.537,0.447,0.618,0,0,Normal,28.731,77.277
2026-08-11,QT-006,WQS-006,WQS-006,DMA-06,Conductivity,uS/cm,679.363,600.0,758.0,0,0,Normal,28.731,77.277
2026-08-11,QT-006,WQS-006,WQS-006,DMA-06,Temperature,C,30.988,28.8,32.6,0,0,Normal,28.731,77.277
2026-08-11,QT-006,WQS-006,WQS-006,DMA-06,Turbidity,NTU,0.856,0.61,1.11,0,0,Normal,28.731,77.277
2026-08-11,QT-006,WQS-006,WQS-006,DMA-06,pH,pH,7.328,7.22,7.44,0,0,Normal,28.731,77.277
2026-08-12,QT-001,WQS-001,WQS-001,DMA-01,Chlorine,mg/L,0.544,0.444,0.665,0,0,Normal,28.738,77.255
2026-08-12,QT-001,WQS-001,WQS-001,DMA-01,Conductivity,uS/cm,672.671,615.2,747.9,0,0,Normal,28.738,77.255
2026-08-12,QT-001,WQS-001,WQS-001,DMA-01,Temperature,C,31.017,29.1,32.9,0,0,Normal,28.738,77.255
2026-08-12,QT-001,WQS-001,WQS-001,DMA-01,Turbidity,NTU,0.861,0.62,1.13,0,0,Normal,28.738,77.255
2026-08-12,QT-001,WQS-001,WQS-001,DMA-01,pH,pH,7.275,7.15,7.52,0,0,Normal,28.738,77.255
2026-08-12,QT-002,WQS-002,WQS-002,DMA-02,Chlorine,mg/L,0.542,0.419,0.635,0,0,Normal,28.726,77.253
2026-08-12,QT-002,WQS-002,WQS-002,DMA-02,Conductivity,uS/cm,683.621,625.8,735.6,0,0,Normal,28.726,77.253
2026-08-12,QT-002,WQS-002,WQS-002,DMA-02,Temperature,C,31.167,29.5,33.0,0,0,Normal,28.726,77.253
2026-08-12,QT-002,WQS-002,WQS-002,DMA-02,Turbidity,NTU,0.897,0.64,1.24,0,0,Normal,28.726,77.253
2026-08-12,QT-002,WQS-002,WQS-002,DMA-02,pH,pH,7.312,7.12,7.58,0,0,Normal,28.726,77.253
2026-08-12,QT-003,WQS-003,WQS-003,DMA-03,Chlorine,mg/L,0.553,0.471,0.615,0,0,Normal,28.717,77.269
2026-08-12,QT-003,WQS-003,WQS-003,DMA-03,Conductivity,uS/cm,672.404,619.0,753.3,0,0,Normal,28.717,77.269
2026-08-12,QT-003,WQS-003,WQS-003,DMA-03,Temperature,C,31.037,29.3,32.9,0,0,Normal,28.717,77.269
2026-08-12,QT-003,WQS-003,WQS-003,DMA-03,Turbidity,NTU,0.902,0.68,1.3,0,0,Normal,28.717,77.269
2026-08-12,QT-003,WQS-003,WQS-003,DMA-03,pH,pH,7.3,7.12,7.46,0,0,Normal,28.717,77.269
2026-08-12,QT-004,WQS-004,WQS-004,DMA-04,Chlorine,mg/L,0.543,0.433,0.639,0,0,Normal,28.705,77.24
2026-08-12,QT-004,WQS-004,WQS-004,DMA-04,Conductivity,uS/cm,687.562,626.0,740.5,0,0,Normal,28.705,77.24
2026-08-12,QT-004,WQS-004,WQS-004,DMA-04,Temperature,C,31.025,29.5,32.8,0,0,Normal,28.705,77.24
2026-08-12,QT-004,WQS-004,WQS-004,DMA-04,Turbidity,NTU,0.857,0.58,1.14,0,0,Normal,28.705,77.24
2026-08-12,QT-004,WQS-004,WQS-004,DMA-04,pH,pH,7.306,7.19,7.52,0,0,Normal,28.705,77.24
2026-08-12,QT-005,WQS-005,WQS-005,DMA-05,Chlorine,mg/L,0.554,0.426,0.632,0,0,Normal,28.712,77.245
2026-08-12,QT-005,WQS-005,WQS-005,DMA-05,Conductivity,uS/cm,683.204,609.4,749.3,0,0,Normal,28.712,77.245
2026-08-12,QT-005,WQS-005,WQS-005,DMA-05,Temperature,C,30.971,29.3,33.0,0,0,Normal,28.712,77.245
2026-08-12,QT-005,WQS-005,WQS-005,DMA-05,Turbidity,NTU,0.951,0.71,1.16,0,0,Normal,28.712,77.245
2026-08-12,QT-005,WQS-005,WQS-005,DMA-05,pH,pH,7.268,7.11,7.4,0,0,Normal,28.712,77.245
2026-08-12,QT-006,WQS-006,WQS-006,DMA-06,Chlorine,mg/L,0.538,0.459,0.621,0,0,Normal,28.731,77.277
2026-08-12,QT-006,WQS-006,WQS-006,DMA-06,Conductivity,uS/cm,670.583,620.0,744.1,0,0,Normal,28.731,77.277
2026-08-12,QT-006,WQS-006,WQS-006,DMA-06,Temperature,C,31.037,29.0,32.7,0,0,Normal,28.731,77.277
2026-08-12,QT-006,WQS-006,WQS-006,DMA-06,Turbidity,NTU,0.891,0.63,1.18,0,0,Normal,28.731,77.277
2026-08-12,QT-006,WQS-006,WQS-006,DMA-06,pH,pH,7.303,7.13,7.47,0,0,Normal,28.731,77.277
2026-08-13,QT-001,WQS-001,WQS-001,DMA-01,Chlorine,mg/L,0.536,0.419,0.634,0,0,Normal,28.738,77.255
2026-08-13,QT-001,WQS-001,WQS-001,DMA-01,Conductivity,uS/cm,692.683,619.9,772.8,0,0,Normal,28.738,77.255
2026-08-13,QT-001,WQS-001,WQS-001,DMA-01,Temperature,C,31.017,29.0,32.8,0,0,Normal,28.738,77.255
2026-08-13,QT-001,WQS-001,WQS-001,DMA-01,Turbidity,NTU,0.913,0.65,1.19,0,0,Normal,28.738,77.255
2026-08-13,QT-001,WQS-001,WQS-001,DMA-01,pH,pH,7.308,7.18,7.5,0,0,Normal,28.738,77.255
2026-08-13,QT-002,WQS-002,WQS-002,DMA-02,Chlorine,mg/L,0.554,0.488,0.621,0,0,Normal,28.726,77.253
2026-08-13,QT-002,WQS-002,WQS-002,DMA-02,Conductivity,uS/cm,670.762,594.6,729.1,0,0,Normal,28.726,77.253
2026-08-13,QT-002,WQS-002,WQS-002,DMA-02,Temperature,C,31.037,29.3,32.7,0,0,Normal,28.726,77.253
2026-08-13,QT-002,WQS-002,WQS-002,DMA-02,Turbidity,NTU,0.868,0.69,1.16,0,0,Normal,28.726,77.253
2026-08-13,QT-002,WQS-002,WQS-002,DMA-02,pH,pH,7.335,7.2,7.6,0,0,Normal,28.726,77.253
2026-08-13,QT-003,WQS-003,WQS-003,DMA-03,Chlorine,mg/L,0.56,0.454,0.651,0,0,Normal,28.717,77.269
2026-08-13,QT-003,WQS-003,WQS-003,DMA-03,Conductivity,uS/cm,677.85,609.7,731.7,0,0,Normal,28.717,77.269
2026-08-13,QT-003,WQS-003,WQS-003,DMA-03,Temperature,C,31.088,29.0,32.9,0,0,Normal,28.717,77.269
2026-08-13,QT-003,WQS-003,WQS-003,DMA-03,Turbidity,NTU,0.874,0.7,1.24,0,0,Normal,28.717,77.269
2026-08-13,QT-003,WQS-003,WQS-003,DMA-03,pH,pH,7.334,7.21,7.5,0,0,Normal,28.717,77.269
2026-08-13,QT-004,WQS-004,WQS-004,DMA-04,Chlorine,mg/L,0.535,0.407,0.639,0,0,Normal,28.705,77.24
2026-08-13,QT-004,WQS-004,WQS-004,DMA-04,Conductivity,uS/cm,685.308,630.3,755.2,0,0,Normal,28.705,77.24
2026-08-13,QT-004,WQS-004,WQS-004,DMA-04,Temperature,C,30.992,29.0,32.9,0,0,Normal,28.705,77.24
2026-08-13,QT-004,WQS-004,WQS-004,DMA-04,Turbidity,NTU,0.885,0.71,1.21,0,0,Normal,28.705,77.24
2026-08-13,QT-004,WQS-004,WQS-004,DMA-04,pH,pH,7.297,7.16,7.45,0,0,Normal,28.705,77.24
2026-08-13,QT-005,WQS-005,WQS-005,DMA-05,Chlorine,mg/L,0.562,0.462,0.66,0,0,Normal,28.712,77.245
2026-08-13,QT-005,WQS-005,WQS-005,DMA-05,Conductivity,uS/cm,682.367,597.3,774.0,0,0,Normal,28.712,77.245
2026-08-13,QT-005,WQS-005,WQS-005,DMA-05,Temperature,C,31.0,29.3,32.7,0,0,Normal,28.712,77.245
2026-08-13,QT-005,WQS-005,WQS-005,DMA-05,Turbidity,NTU,0.929,0.62,1.3,0,0,Normal,28.712,77.245
2026-08-13,QT-005,WQS-005,WQS-005,DMA-05,pH,pH,7.322,7.08,7.45,0,0,Normal,28.712,77.245
2026-08-13,QT-006,WQS-006,WQS-006,DMA-06,Chlorine,mg/L,0.547,0.4,0.634,0,0,Normal,28.731,77.277
2026-08-13,QT-006,WQS-006,WQS-006,DMA-06,Conductivity,uS/cm,691.954,621.5,768.4,0,0,Normal,28.731,77.277
2026-08-13,QT-006,WQS-006,WQS-006,DMA-06,Temperature,C,31.162,29.5,33.2,0,0,Normal,28.731,77.277
2026-08-13,QT-006,WQS-006,WQS-006,DMA-06,Turbidity,NTU,0.951,0.61,1.23,0,0,Normal,28.731,77.277
2026-08-13,QT-006,WQS-006,WQS-006,DMA-06,pH,pH,7.277,7.16,7.37,0,0,Normal,28.731,77.277
2026-08-14,QT-001,WQS-001,WQS-001,DMA-01,Chlorine,mg/L,0.543,0.46,0.639,0,0,Normal,28.738,77.255
2026-08-14,QT-001,WQS-001,WQS-001,DMA-01,Conductivity,uS/cm,677.788,615.9,745.9,0,0,Normal,28.738,77.255
2026-08-14,QT-001,WQS-001,WQS-001,DMA-01,Temperature,C,30.979,29.1,32.8,0,0,Normal,28.738,77.255
2026-08-14,QT-001,WQS-001,WQS-001,DMA-01,Turbidity,NTU,0.866,0.51,1.18,0,0,Normal,28.738,77.255
2026-08-14,QT-001,WQS-001,WQS-001,DMA-01,pH,pH,7.282,7.05,7.44,0,0,Normal,28.738,77.255
2026-08-14,QT-002,WQS-002,WQS-002,DMA-02,Chlorine,mg/L,0.547,0.402,0.632,0,0,Normal,28.726,77.253
2026-08-14,QT-002,WQS-002,WQS-002,DMA-02,Conductivity,uS/cm,687.046,616.0,732.7,0,0,Normal,28.726,77.253
2026-08-14,QT-002,WQS-002,WQS-002,DMA-02,Temperature,C,31.104,29.5,32.8,0,0,Normal,28.726,77.253
2026-08-14,QT-002,WQS-002,WQS-002,DMA-02,Turbidity,NTU,0.843,0.64,1.02,0,0,Normal,28.726,77.253
2026-08-14,QT-002,WQS-002,WQS-002,DMA-02,pH,pH,7.304,7.08,7.42,0,0,Normal,28.726,77.253
2026-08-14,QT-003,WQS-003,WQS-003,DMA-03,Chlorine,mg/L,0.551,0.474,0.614,0,0,Normal,28.717,77.269
2026-08-14,QT-003,WQS-003,WQS-003,DMA-03,Conductivity,uS/cm,689.458,639.4,744.3,0,0,Normal,28.717,77.269
2026-08-14,QT-003,WQS-003,WQS-003,DMA-03,Temperature,C,31.033,29.3,32.5,0,0,Normal,28.717,77.269
2026-08-14,QT-003,WQS-003,WQS-003,DMA-03,Turbidity,NTU,0.914,0.65,1.22,0,0,Normal,28.717,77.269
2026-08-14,QT-003,WQS-003,WQS-003,DMA-03,pH,pH,7.314,7.13,7.45,0,0,Normal,28.717,77.269
2026-08-14,QT-004,WQS-004,WQS-004,DMA-04,Chlorine,mg/L,0.551,0.418,0.735,0,0,Normal,28.705,77.24
2026-08-14,QT-004,WQS-004,WQS-004,DMA-04,Conductivity,uS/cm,691.8,616.1,765.7,0,0,Normal,28.705,77.24
2026-08-14,QT-004,WQS-004,WQS-004,DMA-04,Temperature,C,31.042,29.4,32.5,0,0,Normal,28.705,77.24
2026-08-14,QT-004,WQS-004,WQS-004,DMA-04,Turbidity,NTU,0.877,0.67,1.25,0,0,Normal,28.705,77.24
2026-08-14,QT-004,WQS-004,WQS-004,DMA-04,pH,pH,7.271,7.08,7.42,0,0,Normal,28.705,77.24
2026-08-14,QT-005,WQS-005,WQS-005,DMA-05,Chlorine,mg/L,0.57,0.48,0.666,0,0,Normal,28.712,77.245
2026-08-14,QT-005,WQS-005,WQS-005,DMA-05,Conductivity,uS/cm,675.992,604.8,738.9,0,0,Normal,28.712,77.245
2026-08-14,QT-005,WQS-005,WQS-005,DMA-05,Temperature,C,31.075,29.3,32.7,0,0,Normal,28.712,77.245
2026-08-14,QT-005,WQS-005,WQS-005,DMA-05,Turbidity,NTU,0.981,0.63,1.18,0,0,Normal,28.712,77.245
2026-08-14,QT-005,WQS-005,WQS-005,DMA-05,pH,pH,7.303,7.21,7.45,0,0,Normal,28.712,77.245
2026-08-14,QT-006,WQS-006,WQS-006,DMA-06,Chlorine,mg/L,0.55,0.437,0.643,0,0,Normal,28.731,77.277
2026-08-14,QT-006,WQS-006,WQS-006,DMA-06,Conductivity,uS/cm,666.088,600.2,744.6,0,0,Normal,28.731,77.277
2026-08-14,QT-006,WQS-006,WQS-006,DMA-06,Temperature,C,31.062,29.6,32.7,0,0,Normal,28.731,77.277
2026-08-14,QT-006,WQS-006,WQS-006,DMA-06,Turbidity,NTU,0.852,0.68,1.04,0,0,Normal,28.731,77.277
2026-08-14,QT-006,WQS-006,WQS-006,DMA-06,pH,pH,7.3,7.15,7.42,0,0,Normal,28.731,77.277
2026-08-15,QT-001,WQS-001,WQS-001,DMA-01,Chlorine,mg/L,0.556,0.455,0.659,0,0,Normal,28.738,77.255
2026-08-15,QT-001,WQS-001,WQS-001,DMA-01,Conductivity,uS/cm,690.462,627.7,752.9,0,0,Normal,28.738,77.255
2026-08-15,QT-001,WQS-001,WQS-001,DMA-01,Temperature,C,31.054,29.2,33.0,0,0,Normal,28.738,77.255
2026-08-15,QT-001,WQS-001,WQS-001,DMA-01,Turbidity,NTU,0.907,0.51,1.17,0,0,Normal,28.738,77.255
2026-08-15,QT-001,WQS-001,WQS-001,DMA-01,pH,pH,7.281,7.06,7.45,0,0,Normal,28.738,77.255
2026-08-15,QT-002,WQS-002,WQS-002,DMA-02,Chlorine,mg/L,0.567,0.465,0.652,0,0,Normal,28.726,77.253
2026-08-15,QT-002,WQS-002,WQS-002,DMA-02,Conductivity,uS/cm,678.717,617.6,744.4,0,0,Normal,28.726,77.253
2026-08-15,QT-002,WQS-002,WQS-002,DMA-02,Temperature,C,31.008,29.4,32.6,0,0,Normal,28.726,77.253
2026-08-15,QT-002,WQS-002,WQS-002,DMA-02,Turbidity,NTU,0.903,0.67,1.31,0,0,Normal,28.726,77.253
2026-08-15,QT-002,WQS-002,WQS-002,DMA-02,pH,pH,7.294,7.15,7.46,0,0,Normal,28.726,77.253
2026-08-15,QT-003,WQS-003,WQS-003,DMA-03,Chlorine,mg/L,0.536,0.43,0.635,0,0,Normal,28.717,77.269
2026-08-15,QT-003,WQS-003,WQS-003,DMA-03,Conductivity,uS/cm,666.333,605.5,710.9,0,0,Normal,28.717,77.269
2026-08-15,QT-003,WQS-003,WQS-003,DMA-03,Temperature,C,31.017,29.1,32.9,0,0,Normal,28.717,77.269
2026-08-15,QT-003,WQS-003,WQS-003,DMA-03,Turbidity,NTU,0.943,0.74,1.22,0,0,Normal,28.717,77.269
2026-08-15,QT-003,WQS-003,WQS-003,DMA-03,pH,pH,7.299,7.19,7.44,0,0,Normal,28.717,77.269
2026-08-15,QT-004,WQS-004,WQS-004,DMA-04,Chlorine,mg/L,0.558,0.448,0.678,0,0,Normal,28.705,77.24
2026-08-15,QT-004,WQS-004,WQS-004,DMA-04,Conductivity,uS/cm,679.183,611.8,737.6,0,0,Normal,28.705,77.24
2026-08-15,QT-004,WQS-004,WQS-004,DMA-04,Temperature,C,31.088,28.9,32.6,0,0,Normal,28.705,77.24
2026-08-15,QT-004,WQS-004,WQS-004,DMA-04,Turbidity,NTU,0.923,0.68,1.26,0,0,Normal,28.705,77.24
2026-08-15,QT-004,WQS-004,WQS-004,DMA-04,pH,pH,7.299,7.14,7.42,0,0,Normal,28.705,77.24
2026-08-15,QT-005,WQS-005,WQS-005,DMA-05,Chlorine,mg/L,0.558,0.48,0.689,0,0,Normal,28.712,77.245
2026-08-15,QT-005,WQS-005,WQS-005,DMA-05,Conductivity,uS/cm,676.962,618.6,721.3,0,0,Normal,28.712,77.245
2026-08-15,QT-005,WQS-005,WQS-005,DMA-05,Temperature,C,31.146,29.5,32.9,0,0,Normal,28.712,77.245
2026-08-15,QT-005,WQS-005,WQS-005,DMA-05,Turbidity,NTU,0.91,0.6,1.35,0,0,Normal,28.712,77.245
2026-08-15,QT-005,WQS-005,WQS-005,DMA-05,pH,pH,7.282,7.18,7.42,0,0,Normal,28.712,77.245
2026-08-15,QT-006,WQS-006,WQS-006,DMA-06,Chlorine,mg/L,0.569,0.513,0.646,0,0,Normal,28.731,77.277
2026-08-15,QT-006,WQS-006,WQS-006,DMA-06,Conductivity,uS/cm,674.221,603.0,757.6,0,0,Normal,28.731,77.277
2026-08-15,QT-006,WQS-006,WQS-006,DMA-06,Temperature,C,30.992,29.1,32.8,0,0,Normal,28.731,77.277
2026-08-15,QT-006,WQS-006,WQS-006,DMA-06,Turbidity,NTU,0.884,0.61,1.25,0,0,Normal,28.731,77.277
2026-08-15,QT-006,WQS-006,WQS-006,DMA-06,pH,pH,7.324,7.17,7.46,0,0,Normal,28.731,77.277
2026-08-16,QT-001,WQS-001,WQS-001,DMA-01,Chlorine,mg/L,0.575,0.489,0.663,0,0,Normal,28.738,77.255
2026-08-16,QT-001,WQS-001,WQS-001,DMA-01,Conductivity,uS/cm,686.558,640.4,756.6,0,0,Normal,28.738,77.255
2026-08-16,QT-001,WQS-001,WQS-001,DMA-01,Temperature,C,31.071,29.2,33.2,0,0,Normal,28.738,77.255
2026-08-16,QT-001,WQS-001,WQS-001,DMA-01,Turbidity,NTU,0.855,0.63,1.15,0,0,Normal,28.738,77.255
2026-08-16,QT-001,WQS-001,WQS-001,DMA-01,pH,pH,7.28,7.17,7.41,0,0,Normal,28.738,77.255
2026-08-16,QT-002,WQS-002,WQS-002,DMA-02,Chlorine,mg/L,0.547,0.43,0.685,0,0,Normal,28.726,77.253
2026-08-16,QT-002,WQS-002,WQS-002,DMA-02,Conductivity,uS/cm,670.15,628.2,739.1,0,0,Normal,28.726,77.253
2026-08-16,QT-002,WQS-002,WQS-002,DMA-02,Temperature,C,31.162,29.7,33.1,0,0,Normal,28.726,77.253
2026-08-16,QT-002,WQS-002,WQS-002,DMA-02,Turbidity,NTU,0.895,0.64,1.17,0,0,Normal,28.726,77.253
2026-08-16,QT-002,WQS-002,WQS-002,DMA-02,pH,pH,7.287,7.14,7.41,0,0,Normal,28.726,77.253
2026-08-16,QT-003,WQS-003,WQS-003,DMA-03,Chlorine,mg/L,0.563,0.465,0.671,0,0,Normal,28.717,77.269
2026-08-16,QT-003,WQS-003,WQS-003,DMA-03,Conductivity,uS/cm,688.704,598.2,766.9,0,0,Normal,28.717,77.269
2026-08-16,QT-003,WQS-003,WQS-003,DMA-03,Temperature,C,31.096,29.4,32.6,0,0,Normal,28.717,77.269
2026-08-16,QT-003,WQS-003,WQS-003,DMA-03,Turbidity,NTU,0.921,0.35,1.2,0,0,Normal,28.717,77.269
2026-08-16,QT-003,WQS-003,WQS-003,DMA-03,pH,pH,7.331,7.22,7.44,0,0,Normal,28.717,77.269
2026-08-16,QT-004,WQS-004,WQS-004,DMA-04,Chlorine,mg/L,0.549,0.48,0.644,0,0,Normal,28.705,77.24
2026-08-16,QT-004,WQS-004,WQS-004,DMA-04,Conductivity,uS/cm,673.004,595.3,741.7,0,0,Normal,28.705,77.24
2026-08-16,QT-004,WQS-004,WQS-004,DMA-04,Temperature,C,31.096,29.5,33.1,0,0,Normal,28.705,77.24
2026-08-16,QT-004,WQS-004,WQS-004,DMA-04,Turbidity,NTU,0.905,0.64,1.14,0,0,Normal,28.705,77.24
2026-08-16,QT-004,WQS-004,WQS-004,DMA-04,pH,pH,7.269,7.08,7.46,0,0,Normal,28.705,77.24
2026-08-16,QT-005,WQS-005,WQS-005,DMA-05,Chlorine,mg/L,0.523,0.398,0.645,0,0,Normal,28.712,77.245
2026-08-16,QT-005,WQS-005,WQS-005,DMA-05,Conductivity,uS/cm,676.871,608.2,759.0,0,0,Normal,28.712,77.245
2026-08-16,QT-005,WQS-005,WQS-005,DMA-05,Temperature,C,31.092,29.2,32.6,0,0,Normal,28.712,77.245
2026-08-16,QT-005,WQS-005,WQS-005,DMA-05,Turbidity,NTU,0.861,0.4,1.22,0,0,Normal,28.712,77.245
2026-08-16,QT-005,WQS-005,WQS-005,DMA-05,pH,pH,7.299,7.19,7.47,0,0,Normal,28.712,77.245
2026-08-16,QT-006,WQS-006,WQS-006,DMA-06,Chlorine,mg/L,0.571,0.458,0.631,0,0,Normal,28.731,77.277
2026-08-16,QT-006,WQS-006,WQS-006,DMA-06,Conductivity,uS/cm,673.038,626.1,736.3,0,0,Normal,28.731,77.277
2026-08-16,QT-006,WQS-006,WQS-006,DMA-06,Temperature,C,31.171,29.3,32.9,0,0,Normal,28.731,77.277
2026-08-16,QT-006,WQS-006,WQS-006,DMA-06,Turbidity,NTU,0.879,0.63,1.2,0,0,Normal,28.731,77.277
2026-08-16,QT-006,WQS-006,WQS-006,DMA-06,pH,pH,7.295,7.14,7.49,0,0,Normal,28.731,77.277
2026-08-17,QT-001,WQS-001,WQS-001,DMA-01,Chlorine,mg/L,0.554,0.465,0.635,0,0,Normal,28.738,77.255
2026-08-17,QT-001,WQS-001,WQS-001,DMA-01,Conductivity,uS/cm,675.896,611.9,734.7,0,0,Normal,28.738,77.255
2026-08-17,QT-001,WQS-001,WQS-001,DMA-01,Temperature,C,30.979,29.0,32.7,0,0,Normal,28.738,77.255
2026-08-17,QT-001,WQS-001,WQS-001,DMA-01,Turbidity,NTU,0.9,0.58,1.16,0,0,Normal,28.738,77.255
2026-08-17,QT-001,WQS-001,WQS-001,DMA-01,pH,pH,7.318,7.17,7.47,0,0,Normal,28.738,77.255
2026-08-17,QT-002,WQS-002,WQS-002,DMA-02,Chlorine,mg/L,0.555,0.475,0.639,0,0,Normal,28.726,77.253
2026-08-17,QT-002,WQS-002,WQS-002,DMA-02,Conductivity,uS/cm,689.421,637.9,719.8,0,0,Normal,28.726,77.253
2026-08-17,QT-002,WQS-002,WQS-002,DMA-02,Temperature,C,31.167,29.4,33.5,0,0,Normal,28.726,77.253
2026-08-17,QT-002,WQS-002,WQS-002,DMA-02,Turbidity,NTU,0.895,0.61,1.22,0,0,Normal,28.726,77.253
2026-08-17,QT-002,WQS-002,WQS-002,DMA-02,pH,pH,7.301,7.1,7.5,0,0,Normal,28.726,77.253
2026-08-17,QT-003,WQS-003,WQS-003,DMA-03,Chlorine,mg/L,0.534,0.414,0.62,0,0,Normal,28.717,77.269
2026-08-17,QT-003,WQS-003,WQS-003,DMA-03,Conductivity,uS/cm,666.162,589.2,723.7,0,0,Normal,28.717,77.269
2026-08-17,QT-003,WQS-003,WQS-003,DMA-03,Temperature,C,31.067,29.4,32.8,0,0,Normal,28.717,77.269
2026-08-17,QT-003,WQS-003,WQS-003,DMA-03,Turbidity,NTU,0.915,0.55,1.32,0,0,Normal,28.717,77.269
2026-08-17,QT-003,WQS-003,WQS-003,DMA-03,pH,pH,7.316,7.13,7.44,0,0,Normal,28.717,77.269
2026-08-17,QT-004,WQS-004,WQS-004,DMA-04,Chlorine,mg/L,0.546,0.427,0.637,0,0,Normal,28.705,77.24
2026-08-17,QT-004,WQS-004,WQS-004,DMA-04,Conductivity,uS/cm,681.892,627.3,756.9,0,0,Normal,28.705,77.24
2026-08-17,QT-004,WQS-004,WQS-004,DMA-04,Temperature,C,31.088,29.2,33.4,0,0,Normal,28.705,77.24
2026-08-17,QT-004,WQS-004,WQS-004,DMA-04,Turbidity,NTU,0.857,0.58,1.09,0,0,Normal,28.705,77.24
2026-08-17,QT-004,WQS-004,WQS-004,DMA-04,pH,pH,7.286,7.17,7.4,0,0,Normal,28.705,77.24
2026-08-17,QT-005,WQS-005,WQS-005,DMA-05,Chlorine,mg/L,0.562,0.496,0.631,0,0,Normal,28.712,77.245
2026-08-17,QT-005,WQS-005,WQS-005,DMA-05,Conductivity,uS/cm,690.925,623.9,726.6,0,0,Normal,28.712,77.245
2026-08-17,QT-005,WQS-005,WQS-005,DMA-05,Temperature,C,31.138,29.5,33.1,0,0,Normal,28.712,77.245
2026-08-17,QT-005,WQS-005,WQS-005,DMA-05,Turbidity,NTU,0.853,0.72,1.09,0,0,Normal,28.712,77.245
2026-08-17,QT-005,WQS-005,WQS-005,DMA-05,pH,pH,7.29,7.19,7.41,0,0,Normal,28.712,77.245
2026-08-17,QT-006,WQS-006,WQS-006,DMA-06,Chlorine,mg/L,0.558,0.502,0.664,0,0,Normal,28.731,77.277
2026-08-17,QT-006,WQS-006,WQS-006,DMA-06,Conductivity,uS/cm,668.496,602.1,758.2,0,0,Normal,28.731,77.277
2026-08-17,QT-006,WQS-006,WQS-006,DMA-06,Temperature,C,31.129,29.2,32.9,0,0,Normal,28.731,77.277
2026-08-17,QT-006,WQS-006,WQS-006,DMA-06,Turbidity,NTU,0.904,0.66,1.15,0,0,Normal,28.731,77.277
2026-08-17,QT-006,WQS-006,WQS-006,DMA-06,pH,pH,7.276,7.08,7.46,0,0,Normal,28.731,77.277
2026-08-18,QT-001,WQS-001,WQS-001,DMA-01,Chlorine,mg/L,0.549,0.441,0.691,0,0,Normal,28.738,77.255
2026-08-18,QT-001,WQS-001,WQS-001,DMA-01,Conductivity,uS/cm,679.546,610.7,746.0,0,0,Normal,28.738,77.255
2026-08-18,QT-001,WQS-001,WQS-001,DMA-01,Temperature,C,31.158,29.7,32.8,0,0,Normal,28.738,77.255
2026-08-18,QT-001,WQS-001,WQS-001,DMA-01,Turbidity,NTU,0.914,0.59,1.19,0,0,Normal,28.738,77.255
2026-08-18,QT-001,WQS-001,WQS-001,DMA-01,pH,pH,7.284,7.13,7.41,0,0,Normal,28.738,77.255
2026-08-18,QT-002,WQS-002,WQS-002,DMA-02,Chlorine,mg/L,0.545,0.446,0.633,0,0,Normal,28.726,77.253
2026-08-18,QT-002,WQS-002,WQS-002,DMA-02,Conductivity,uS/cm,664.546,600.7,746.5,0,0,Normal,28.726,77.253
2026-08-18,QT-002,WQS-002,WQS-002,DMA-02,Temperature,C,31.062,29.3,33.2,0,0,Normal,28.726,77.253
2026-08-18,QT-002,WQS-002,WQS-002,DMA-02,Turbidity,NTU,0.967,0.53,1.3,0,0,Normal,28.726,77.253
2026-08-18,QT-002,WQS-002,WQS-002,DMA-02,pH,pH,7.29,7.08,7.45,0,0,Normal,28.726,77.253
2026-08-18,QT-003,WQS-003,WQS-003,DMA-03,Chlorine,mg/L,0.565,0.428,0.635,0,0,Normal,28.717,77.269
2026-08-18,QT-003,WQS-003,WQS-003,DMA-03,Conductivity,uS/cm,686.288,603.6,769.9,0,0,Normal,28.717,77.269
2026-08-18,QT-003,WQS-003,WQS-003,DMA-03,Temperature,C,31.012,29.3,32.9,0,0,Normal,28.717,77.269
2026-08-18,QT-003,WQS-003,WQS-003,DMA-03,Turbidity,NTU,0.91,0.66,1.17,0,0,Normal,28.717,77.269
2026-08-18,QT-003,WQS-003,WQS-003,DMA-03,pH,pH,7.31,7.16,7.6,0,0,Normal,28.717,77.269
2026-08-18,QT-004,WQS-004,WQS-004,DMA-04,Chlorine,mg/L,0.561,0.494,0.656,0,0,Normal,28.705,77.24
2026-08-18,QT-004,WQS-004,WQS-004,DMA-04,Conductivity,uS/cm,674.562,599.3,726.5,0,0,Normal,28.705,77.24
2026-08-18,QT-004,WQS-004,WQS-004,DMA-04,Temperature,C,31.138,29.5,33.2,0,0,Normal,28.705,77.24
2026-08-18,QT-004,WQS-004,WQS-004,DMA-04,Turbidity,NTU,0.932,0.62,1.26,0,0,Normal,28.705,77.24
2026-08-18,QT-004,WQS-004,WQS-004,DMA-04,pH,pH,7.302,7.17,7.43,0,0,Normal,28.705,77.24
2026-08-18,QT-005,WQS-005,WQS-005,DMA-05,Chlorine,mg/L,0.559,0.461,0.654,0,0,Normal,28.712,77.245
2026-08-18,QT-005,WQS-005,WQS-005,DMA-05,Conductivity,uS/cm,690.262,638.3,758.1,0,0,Normal,28.712,77.245
2026-08-18,QT-005,WQS-005,WQS-005,DMA-05,Temperature,C,31.238,29.7,33.3,0,0,Normal,28.712,77.245
2026-08-18,QT-005,WQS-005,WQS-005,DMA-05,Turbidity,NTU,0.889,0.71,1.09,0,0,Normal,28.712,77.245
2026-08-18,QT-005,WQS-005,WQS-005,DMA-05,pH,pH,7.285,7.11,7.44,0,0,Normal,28.712,77.245
2026-08-18,QT-006,WQS-006,WQS-006,DMA-06,Chlorine,mg/L,0.548,0.421,0.655,0,0,Normal,28.731,77.277
2026-08-18,QT-006,WQS-006,WQS-006,DMA-06,Conductivity,uS/cm,682.667,616.6,774.5,0,0,Normal,28.731,77.277
2026-08-18,QT-006,WQS-006,WQS-006,DMA-06,Temperature,C,31.15,29.2,32.6,0,0,Normal,28.731,77.277
2026-08-18,QT-006,WQS-006,WQS-006,DMA-06,Turbidity,NTU,0.916,0.6,1.25,0,0,Normal,28.731,77.277
2026-08-18,QT-006,WQS-006,WQS-006,DMA-06,pH,pH,7.301,7.22,7.41,0,0,Normal,28.731,77.277
2026-08-19,QT-001,WQS-001,WQS-001,DMA-01,Chlorine,mg/L,0.545,0.462,0.664,0,0,Normal,28.738,77.255
2026-08-19,QT-001,WQS-001,WQS-001,DMA-01,Conductivity,uS/cm,677.092,595.9,765.3,0,0,Normal,28.738,77.255
2026-08-19,QT-001,WQS-001,WQS-001,DMA-01,Temperature,C,31.096,29.4,32.9,0,0,Normal,28.738,77.255
2026-08-19,QT-001,WQS-001,WQS-001,DMA-01,Turbidity,NTU,0.855,0.63,1.14,0,0,Normal,28.738,77.255
2026-08-19,QT-001,WQS-001,WQS-001,DMA-01,pH,pH,7.294,7.08,7.52,0,0,Normal,28.738,77.255
2026-08-19,QT-002,WQS-002,WQS-002,DMA-02,Chlorine,mg/L,0.55,0.479,0.648,0,0,Normal,28.726,77.253
2026-08-19,QT-002,WQS-002,WQS-002,DMA-02,Conductivity,uS/cm,676.15,605.4,746.9,0,0,Normal,28.726,77.253
2026-08-19,QT-002,WQS-002,WQS-002,DMA-02,Temperature,C,31.108,29.4,32.9,0,0,Normal,28.726,77.253
2026-08-19,QT-002,WQS-002,WQS-002,DMA-02,Turbidity,NTU,0.968,0.72,1.29,0,0,Normal,28.726,77.253
2026-08-19,QT-002,WQS-002,WQS-002,DMA-02,pH,pH,7.307,7.16,7.46,0,0,Normal,28.726,77.253
2026-08-19,QT-003,WQS-003,WQS-003,DMA-03,Chlorine,mg/L,0.558,0.462,0.635,0,0,Normal,28.717,77.269
2026-08-19,QT-003,WQS-003,WQS-003,DMA-03,Conductivity,uS/cm,688.538,620.8,749.8,0,0,Normal,28.717,77.269
2026-08-19,QT-003,WQS-003,WQS-003,DMA-03,Temperature,C,31.037,29.5,32.7,0,0,Normal,28.717,77.269
2026-08-19,QT-003,WQS-003,WQS-003,DMA-03,Turbidity,NTU,0.877,0.64,1.16,0,0,Normal,28.717,77.269
2026-08-19,QT-003,WQS-003,WQS-003,DMA-03,pH,pH,7.31,7.16,7.54,0,0,Normal,28.717,77.269
2026-08-19,QT-004,WQS-004,WQS-004,DMA-04,Chlorine,mg/L,0.557,0.473,0.647,0,0,Normal,28.705,77.24
2026-08-19,QT-004,WQS-004,WQS-004,DMA-04,Conductivity,uS/cm,680.108,609.1,739.3,0,0,Normal,28.705,77.24
2026-08-19,QT-004,WQS-004,WQS-004,DMA-04,Temperature,C,31.121,29.4,32.8,0,0,Normal,28.705,77.24
2026-08-19,QT-004,WQS-004,WQS-004,DMA-04,Turbidity,NTU,0.922,0.56,1.35,0,0,Normal,28.705,77.24
2026-08-19,QT-004,WQS-004,WQS-004,DMA-04,pH,pH,7.278,7.17,7.5,0,0,Normal,28.705,77.24
2026-08-19,QT-005,WQS-005,WQS-005,DMA-05,Chlorine,mg/L,0.546,0.439,0.728,0,0,Normal,28.712,77.245
2026-08-19,QT-005,WQS-005,WQS-005,DMA-05,Conductivity,uS/cm,675.871,605.0,787.0,0,0,Normal,28.712,77.245
2026-08-19,QT-005,WQS-005,WQS-005,DMA-05,Temperature,C,31.042,29.1,33.0,0,0,Normal,28.712,77.245
2026-08-19,QT-005,WQS-005,WQS-005,DMA-05,Turbidity,NTU,0.917,0.5,1.17,0,0,Normal,28.712,77.245
2026-08-19,QT-005,WQS-005,WQS-005,DMA-05,pH,pH,7.305,7.12,7.43,0,0,Normal,28.712,77.245
2026-08-19,QT-006,WQS-006,WQS-006,DMA-06,Chlorine,mg/L,0.536,0.403,0.616,0,0,Normal,28.731,77.277
2026-08-19,QT-006,WQS-006,WQS-006,DMA-06,Conductivity,uS/cm,689.246,614.1,746.0,0,0,Normal,28.731,77.277
2026-08-19,QT-006,WQS-006,WQS-006,DMA-06,Temperature,C,31.208,29.4,32.9,0,0,Normal,28.731,77.277
2026-08-19,QT-006,WQS-006,WQS-006,DMA-06,Turbidity,NTU,0.91,0.64,1.26,0,0,Normal,28.731,77.277
2026-08-19,QT-006,WQS-006,WQS-006,DMA-06,pH,pH,7.296,7.16,7.41,0,0,Normal,28.731,77.277
2026-08-20,QT-001,WQS-001,WQS-001,DMA-01,Chlorine,mg/L,0.565,0.457,0.641,0,0,Normal,28.738,77.255
2026-08-20,QT-001,WQS-001,WQS-001,DMA-01,Conductivity,uS/cm,675.717,584.0,747.0,0,0,Normal,28.738,77.255
2026-08-20,QT-001,WQS-001,WQS-001,DMA-01,Temperature,C,31.092,29.4,33.1,0,0,Normal,28.738,77.255
2026-08-20,QT-001,WQS-001,WQS-001,DMA-01,Turbidity,NTU,0.894,0.58,1.1,0,0,Normal,28.738,77.255
2026-08-20,QT-001,WQS-001,WQS-001,DMA-01,pH,pH,7.318,7.16,7.48,0,0,Normal,28.738,77.255
2026-08-20,QT-002,WQS-002,WQS-002,DMA-02,Chlorine,mg/L,0.545,0.49,0.647,0,0,Normal,28.726,77.253
2026-08-20,QT-002,WQS-002,WQS-002,DMA-02,Conductivity,uS/cm,680.996,615.6,731.5,0,0,Normal,28.726,77.253
2026-08-20,QT-002,WQS-002,WQS-002,DMA-02,Temperature,C,31.179,29.4,32.8,0,0,Normal,28.726,77.253
2026-08-20,QT-002,WQS-002,WQS-002,DMA-02,Turbidity,NTU,0.864,0.57,1.13,0,0,Normal,28.726,77.253
2026-08-20,QT-002,WQS-002,WQS-002,DMA-02,pH,pH,7.297,7.16,7.43,0,0,Normal,28.726,77.253
2026-08-20,QT-003,WQS-003,WQS-003,DMA-03,Chlorine,mg/L,0.548,0.473,0.61,0,0,Normal,28.717,77.269
2026-08-20,QT-003,WQS-003,WQS-003,DMA-03,Conductivity,uS/cm,680.342,602.1,747.8,0,0,Normal,28.717,77.269
2026-08-20,QT-003,WQS-003,WQS-003,DMA-03,Temperature,C,31.279,29.7,33.2,0,0,Normal,28.717,77.269
2026-08-20,QT-003,WQS-003,WQS-003,DMA-03,Turbidity,NTU,0.926,0.63,1.22,0,0,Normal,28.717,77.269
2026-08-20,QT-003,WQS-003,WQS-003,DMA-03,pH,pH,7.259,7.11,7.42,0,0,Normal,28.717,77.269
2026-08-20,QT-004,WQS-004,WQS-004,DMA-04,Chlorine,mg/L,0.55,0.472,0.642,0,0,Normal,28.705,77.24
2026-08-20,QT-004,WQS-004,WQS-004,DMA-04,Conductivity,uS/cm,670.421,588.5,741.6,0,0,Normal,28.705,77.24
2026-08-20,QT-004,WQS-004,WQS-004,DMA-04,Temperature,C,31.238,29.4,33.1,0,0,Normal,28.705,77.24
2026-08-20,QT-004,WQS-004,WQS-004,DMA-04,Turbidity,NTU,0.927,0.75,1.41,0,0,Normal,28.705,77.24
2026-08-20,QT-004,WQS-004,WQS-004,DMA-04,pH,pH,7.308,7.19,7.46,0,0,Normal,28.705,77.24
2026-08-20,QT-005,WQS-005,WQS-005,DMA-05,Chlorine,mg/L,0.539,0.463,0.601,0,0,Normal,28.712,77.245
2026-08-20,QT-005,WQS-005,WQS-005,DMA-05,Conductivity,uS/cm,689.533,635.4,784.2,0,0,Normal,28.712,77.245
2026-08-20,QT-005,WQS-005,WQS-005,DMA-05,Temperature,C,31.183,29.2,32.9,0,0,Normal,28.712,77.245
2026-08-20,QT-005,WQS-005,WQS-005,DMA-05,Turbidity,NTU,0.887,0.67,1.15,0,0,Normal,28.712,77.245
2026-08-20,QT-005,WQS-005,WQS-005,DMA-05,pH,pH,7.299,7.15,7.47,0,0,Normal,28.712,77.245
2026-08-20,QT-006,WQS-006,WQS-006,DMA-06,Chlorine,mg/L,0.529,0.427,0.62,0,0,Normal,28.731,77.277
2026-08-20,QT-006,WQS-006,WQS-006,DMA-06,Conductivity,uS/cm,681.988,627.0,785.2,0,0,Normal,28.731,77.277
2026-08-20,QT-006,WQS-006,WQS-006,DMA-06,Temperature,C,31.225,29.1,33.0,0,0,Normal,28.731,77.277
2026-08-20,QT-006,WQS-006,WQS-006,DMA-06,Turbidity,NTU,0.866,0.59,1.13,0,0,Normal,28.731,77.277
2026-08-20,QT-006,WQS-006,WQS-006,DMA-06,pH,pH,7.288,7.16,7.44,0,0,Normal,28.731,77.277
2026-08-21,QT-001,WQS-001,WQS-001,DMA-01,Chlorine,mg/L,0.56,0.464,0.678,0,0,Normal,28.738,77.255
2026-08-21,QT-001,WQS-001,WQS-001,DMA-01,Conductivity,uS/cm,676.392,612.5,744.6,0,0,Normal,28.738,77.255
2026-08-21,QT-001,WQS-001,WQS-001,DMA-01,Temperature,C,31.158,29.5,33.0,0,0,Normal,28.738,77.255
2026-08-21,QT-001,WQS-001,WQS-001,DMA-01,Turbidity,NTU,0.913,0.64,1.26,0,0,Normal,28.738,77.255
2026-08-21,QT-001,WQS-001,WQS-001,DMA-01,pH,pH,7.289,7.15,7.48,0,0,Normal,28.738,77.255
2026-08-21,QT-002,WQS-002,WQS-002,DMA-02,Chlorine,mg/L,0.546,0.453,0.64,0,0,Normal,28.726,77.253
2026-08-21,QT-002,WQS-002,WQS-002,DMA-02,Conductivity,uS/cm,677.579,623.6,729.6,0,0,Normal,28.726,77.253
2026-08-21,QT-002,WQS-002,WQS-002,DMA-02,Temperature,C,31.225,29.5,33.5,0,0,Normal,28.726,77.253
2026-08-21,QT-002,WQS-002,WQS-002,DMA-02,Turbidity,NTU,0.896,0.58,1.27,0,0,Normal,28.726,77.253
2026-08-21,QT-002,WQS-002,WQS-002,DMA-02,pH,pH,7.294,7.21,7.42,0,0,Normal,28.726,77.253
2026-08-21,QT-003,WQS-003,WQS-003,DMA-03,Chlorine,mg/L,0.545,0.388,0.713,0,0,Normal,28.717,77.269
2026-08-21,QT-003,WQS-003,WQS-003,DMA-03,Conductivity,uS/cm,690.833,634.1,763.1,0,0,Normal,28.717,77.269
2026-08-21,QT-003,WQS-003,WQS-003,DMA-03,Temperature,C,31.279,29.8,32.8,0,0,Normal,28.717,77.269
2026-08-21,QT-003,WQS-003,WQS-003,DMA-03,Turbidity,NTU,0.884,0.56,1.26,0,0,Normal,28.717,77.269
2026-08-21,QT-003,WQS-003,WQS-003,DMA-03,pH,pH,7.303,7.1,7.44,0,0,Normal,28.717,77.269
2026-08-21,QT-004,WQS-004,WQS-004,DMA-04,Chlorine,mg/L,0.565,0.466,0.638,0,0,Normal,28.705,77.24
2026-08-21,QT-004,WQS-004,WQS-004,DMA-04,Conductivity,uS/cm,673.446,601.5,763.6,0,0,Normal,28.705,77.24
2026-08-21,QT-004,WQS-004,WQS-004,DMA-04,Temperature,C,31.079,29.5,32.7,0,0,Normal,28.705,77.24
2026-08-21,QT-004,WQS-004,WQS-004,DMA-04,Turbidity,NTU,0.898,0.58,1.1,0,0,Normal,28.705,77.24
2026-08-21,QT-004,WQS-004,WQS-004,DMA-04,pH,pH,7.324,7.17,7.48,0,0,Normal,28.705,77.24
2026-08-21,QT-005,WQS-005,WQS-005,DMA-05,Chlorine,mg/L,0.554,0.456,0.63,0,0,Normal,28.712,77.245
2026-08-21,QT-005,WQS-005,WQS-005,DMA-05,Conductivity,uS/cm,687.371,626.6,753.8,0,0,Normal,28.712,77.245
2026-08-21,QT-005,WQS-005,WQS-005,DMA-05,Temperature,C,31.213,29.0,33.0,0,0,Normal,28.712,77.245
2026-08-21,QT-005,WQS-005,WQS-005,DMA-05,Turbidity,NTU,0.912,0.7,1.17,0,0,Normal,28.712,77.245
2026-08-21,QT-005,WQS-005,WQS-005,DMA-05,pH,pH,7.31,7.18,7.42,0,0,Normal,28.712,77.245
2026-08-21,QT-006,WQS-006,WQS-006,DMA-06,Chlorine,mg/L,0.539,0.418,0.599,0,0,Normal,28.731,77.277
2026-08-21,QT-006,WQS-006,WQS-006,DMA-06,Conductivity,uS/cm,681.492,634.2,773.9,0,0,Normal,28.731,77.277
2026-08-21,QT-006,WQS-006,WQS-006,DMA-06,Temperature,C,31.129,29.4,32.9,0,0,Normal,28.731,77.277
2026-08-21,QT-006,WQS-006,WQS-006,DMA-06,Turbidity,NTU,0.911,0.64,1.15,0,0,Normal,28.731,77.277
2026-08-21,QT-006,WQS-006,WQS-006,DMA-06,pH,pH,7.292,7.14,7.45,0,0,Normal,28.731,77.277
2026-08-22,QT-001,WQS-001,WQS-001,DMA-01,Chlorine,mg/L,0.543,0.462,0.627,0,0,Normal,28.738,77.255
2026-08-22,QT-001,WQS-001,WQS-001,DMA-01,Conductivity,uS/cm,686.242,628.0,753.3,0,0,Normal,28.738,77.255
2026-08-22,QT-001,WQS-001,WQS-001,DMA-01,Temperature,C,31.329,29.7,33.3,0,0,Normal,28.738,77.255
2026-08-22,QT-001,WQS-001,WQS-001,DMA-01,Turbidity,NTU,0.938,0.72,1.09,0,0,Normal,28.738,77.255
2026-08-22,QT-001,WQS-001,WQS-001,DMA-01,pH,pH,7.276,7.17,7.56,0,0,Normal,28.738,77.255
2026-08-22,QT-002,WQS-002,WQS-002,DMA-02,Chlorine,mg/L,0.567,0.478,0.64,0,0,Normal,28.726,77.253
2026-08-22,QT-002,WQS-002,WQS-002,DMA-02,Conductivity,uS/cm,677.908,628.6,749.0,0,0,Normal,28.726,77.253
2026-08-22,QT-002,WQS-002,WQS-002,DMA-02,Temperature,C,31.242,29.5,33.1,0,0,Normal,28.726,77.253
2026-08-22,QT-002,WQS-002,WQS-002,DMA-02,Turbidity,NTU,0.878,0.49,1.33,0,0,Normal,28.726,77.253
2026-08-22,QT-002,WQS-002,WQS-002,DMA-02,pH,pH,7.306,7.08,7.44,0,0,Normal,28.726,77.253
2026-08-22,QT-003,WQS-003,WQS-003,DMA-03,Chlorine,mg/L,0.544,0.436,0.632,0,0,Normal,28.717,77.269
2026-08-22,QT-003,WQS-003,WQS-003,DMA-03,Conductivity,uS/cm,687.092,625.4,772.2,0,0,Normal,28.717,77.269
2026-08-22,QT-003,WQS-003,WQS-003,DMA-03,Temperature,C,31.188,29.5,33.3,0,0,Normal,28.717,77.269
2026-08-22,QT-003,WQS-003,WQS-003,DMA-03,Turbidity,NTU,0.844,0.51,1.28,0,0,Normal,28.717,77.269
2026-08-22,QT-003,WQS-003,WQS-003,DMA-03,pH,pH,7.291,7.11,7.46,0,0,Normal,28.717,77.269
2026-08-22,QT-004,WQS-004,WQS-004,DMA-04,Chlorine,mg/L,0.559,0.455,0.629,0,0,Normal,28.705,77.24
2026-08-22,QT-004,WQS-004,WQS-004,DMA-04,Conductivity,uS/cm,678.712,598.7,760.8,0,0,Normal,28.705,77.24
2026-08-22,QT-004,WQS-004,WQS-004,DMA-04,Temperature,C,31.171,29.8,33.1,0,0,Normal,28.705,77.24
2026-08-22,QT-004,WQS-004,WQS-004,DMA-04,Turbidity,NTU,0.915,0.55,1.31,0,0,Normal,28.705,77.24
2026-08-22,QT-004,WQS-004,WQS-004,DMA-04,pH,pH,7.296,7.19,7.41,0,0,Normal,28.705,77.24
2026-08-22,QT-005,WQS-005,WQS-005,DMA-05,Chlorine,mg/L,0.561,0.481,0.648,0,0,Normal,28.712,77.245
2026-08-22,QT-005,WQS-005,WQS-005,DMA-05,Conductivity,uS/cm,676.354,611.0,731.9,0,0,Normal,28.712,77.245
2026-08-22,QT-005,WQS-005,WQS-005,DMA-05,Temperature,C,31.213,29.6,32.9,0,0,Normal,28.712,77.245
2026-08-22,QT-005,WQS-005,WQS-005,DMA-05,Turbidity,NTU,0.919,0.58,1.19,0,0,Normal,28.712,77.245
2026-08-22,QT-005,WQS-005,WQS-005,DMA-05,pH,pH,7.3,7.08,7.43,0,0,Normal,28.712,77.245
2026-08-22,QT-006,WQS-006,WQS-006,DMA-06,Chlorine,mg/L,0.552,0.467,0.614,0,0,Normal,28.731,77.277
2026-08-22,QT-006,WQS-006,WQS-006,DMA-06,Conductivity,uS/cm,685.421,600.2,763.7,0,0,Normal,28.731,77.277
2026-08-22,QT-006,WQS-006,WQS-006,DMA-06,Temperature,C,31.121,29.1,33.1,0,0,Normal,28.731,77.277
2026-08-22,QT-006,WQS-006,WQS-006,DMA-06,Turbidity,NTU,0.871,0.64,1.12,0,0,Normal,28.731,77.277
2026-08-22,QT-006,WQS-006,WQS-006,DMA-06,pH,pH,7.315,7.19,7.44,0,0,Normal,28.731,77.277
2026-08-23,QT-001,WQS-001,WQS-001,DMA-01,Chlorine,mg/L,0.538,0.427,0.648,0,0,Normal,28.738,77.255
2026-08-23,QT-001,WQS-001,WQS-001,DMA-01,Conductivity,uS/cm,670.058,613.2,728.0,0,0,Normal,28.738,77.255
2026-08-23,QT-001,WQS-001,WQS-001,DMA-01,Temperature,C,31.287,29.7,32.9,0,0,Normal,28.738,77.255
2026-08-23,QT-001,WQS-001,WQS-001,DMA-01,Turbidity,NTU,0.889,0.41,1.18,0,0,Normal,28.738,77.255
2026-08-23,QT-001,WQS-001,WQS-001,DMA-01,pH,pH,7.295,7.17,7.49,0,0,Normal,28.738,77.255
2026-08-23,QT-002,WQS-002,WQS-002,DMA-02,Chlorine,mg/L,0.53,0.438,0.621,0,0,Normal,28.726,77.253
2026-08-23,QT-002,WQS-002,WQS-002,DMA-02,Conductivity,uS/cm,687.842,592.5,763.6,0,0,Normal,28.726,77.253
2026-08-23,QT-002,WQS-002,WQS-002,DMA-02,Temperature,C,31.279,29.5,32.9,0,0,Normal,28.726,77.253
2026-08-23,QT-002,WQS-002,WQS-002,DMA-02,Turbidity,NTU,0.879,0.51,1.21,0,0,Normal,28.726,77.253
2026-08-23,QT-002,WQS-002,WQS-002,DMA-02,pH,pH,7.287,7.13,7.48,0,0,Normal,28.726,77.253
2026-08-23,QT-003,WQS-003,WQS-003,DMA-03,Chlorine,mg/L,0.557,0.462,0.641,0,0,Normal,28.717,77.269
2026-08-23,QT-003,WQS-003,WQS-003,DMA-03,Conductivity,uS/cm,682.579,576.4,748.8,0,0,Normal,28.717,77.269
2026-08-23,QT-003,WQS-003,WQS-003,DMA-03,Temperature,C,31.188,29.4,33.3,0,0,Normal,28.717,77.269
2026-08-23,QT-003,WQS-003,WQS-003,DMA-03,Turbidity,NTU,0.886,0.71,1.26,0,0,Normal,28.717,77.269
2026-08-23,QT-003,WQS-003,WQS-003,DMA-03,pH,pH,7.305,7.14,7.53,0,0,Normal,28.717,77.269
2026-08-23,QT-004,WQS-004,WQS-004,DMA-04,Chlorine,mg/L,0.555,0.47,0.642,0,0,Normal,28.705,77.24
2026-08-23,QT-004,WQS-004,WQS-004,DMA-04,Conductivity,uS/cm,683.363,607.2,753.6,0,0,Normal,28.705,77.24
2026-08-23,QT-004,WQS-004,WQS-004,DMA-04,Temperature,C,31.271,29.5,33.3,0,0,Normal,28.705,77.24
2026-08-23,QT-004,WQS-004,WQS-004,DMA-04,Turbidity,NTU,0.931,0.59,1.21,0,0,Normal,28.705,77.24
2026-08-23,QT-004,WQS-004,WQS-004,DMA-04,pH,pH,7.295,7.07,7.44,0,0,Normal,28.705,77.24
2026-08-23,QT-005,WQS-005,WQS-005,DMA-05,Chlorine,mg/L,0.556,0.461,0.649,0,0,Normal,28.712,77.245
2026-08-23,QT-005,WQS-005,WQS-005,DMA-05,Conductivity,uS/cm,669.654,589.6,756.0,0,0,Normal,28.712,77.245
2026-08-23,QT-005,WQS-005,WQS-005,DMA-05,Temperature,C,31.179,29.5,32.9,0,0,Normal,28.712,77.245
2026-08-23,QT-005,WQS-005,WQS-005,DMA-05,Turbidity,NTU,0.935,0.6,1.28,0,0,Normal,28.712,77.245
2026-08-23,QT-005,WQS-005,WQS-005,DMA-05,pH,pH,7.299,7.17,7.46,0,0,Normal,28.712,77.245
2026-08-23,QT-006,WQS-006,WQS-006,DMA-06,Chlorine,mg/L,0.548,0.485,0.636,0,0,Normal,28.731,77.277
2026-08-23,QT-006,WQS-006,WQS-006,DMA-06,Conductivity,uS/cm,666.85,614.5,713.9,0,0,Normal,28.731,77.277
2026-08-23,QT-006,WQS-006,WQS-006,DMA-06,Temperature,C,31.267,29.6,33.2,0,0,Normal,28.731,77.277
2026-08-23,QT-006,WQS-006,WQS-006,DMA-06,Turbidity,NTU,0.902,0.62,1.2,0,0,Normal,28.731,77.277
2026-08-23,QT-006,WQS-006,WQS-006,DMA-06,pH,pH,7.292,7.18,7.48,0,0,Normal,28.731,77.277
2026-08-24,QT-001,WQS-001,WQS-001,DMA-01,Chlorine,mg/L,0.537,0.475,0.612,0,0,Normal,28.738,77.255
2026-08-24,QT-001,WQS-001,WQS-001,DMA-01,Conductivity,uS/cm,684.717,628.9,759.8,0,0,Normal,28.738,77.255
2026-08-24,QT-001,WQS-001,WQS-001,DMA-01,Temperature,C,31.179,29.6,32.9,0,0,Normal,28.738,77.255
2026-08-24,QT-001,WQS-001,WQS-001,DMA-01,Turbidity,NTU,0.9,0.66,1.37,0,0,Normal,28.738,77.255
2026-08-24,QT-001,WQS-001,WQS-001,DMA-01,pH,pH,7.305,7.09,7.46,0,0,Normal,28.738,77.255
2026-08-24,QT-002,WQS-002,WQS-002,DMA-02,Chlorine,mg/L,0.532,0.43,0.647,0,0,Normal,28.726,77.253
2026-08-24,QT-002,WQS-002,WQS-002,DMA-02,Conductivity,uS/cm,687.2,632.8,759.9,0,0,Normal,28.726,77.253
2026-08-24,QT-002,WQS-002,WQS-002,DMA-02,Temperature,C,31.204,29.2,32.8,0,0,Normal,28.726,77.253
2026-08-24,QT-002,WQS-002,WQS-002,DMA-02,Turbidity,NTU,0.877,0.53,1.11,0,0,Normal,28.726,77.253
2026-08-24,QT-002,WQS-002,WQS-002,DMA-02,pH,pH,7.311,7.03,7.55,0,0,Normal,28.726,77.253
2026-08-24,QT-003,WQS-003,WQS-003,DMA-03,Chlorine,mg/L,0.574,0.488,0.65,0,0,Normal,28.717,77.269
2026-08-24,QT-003,WQS-003,WQS-003,DMA-03,Conductivity,uS/cm,691.204,618.3,771.9,0,0,Normal,28.717,77.269
2026-08-24,QT-003,WQS-003,WQS-003,DMA-03,Temperature,C,31.204,29.7,33.1,0,0,Normal,28.717,77.269
2026-08-24,QT-003,WQS-003,WQS-003,DMA-03,Turbidity,NTU,0.934,0.73,1.15,0,0,Normal,28.717,77.269
2026-08-24,QT-003,WQS-003,WQS-003,DMA-03,pH,pH,7.282,7.15,7.47,0,0,Normal,28.717,77.269
2026-08-24,QT-004,WQS-004,WQS-004,DMA-04,Chlorine,mg/L,0.549,0.446,0.603,0,0,Normal,28.705,77.24
2026-08-24,QT-004,WQS-004,WQS-004,DMA-04,Conductivity,uS/cm,683.033,625.8,744.2,0,0,Normal,28.705,77.24
2026-08-24,QT-004,WQS-004,WQS-004,DMA-04,Temperature,C,31.354,29.8,32.9,0,0,Normal,28.705,77.24
2026-08-24,QT-004,WQS-004,WQS-004,DMA-04,Turbidity,NTU,0.91,0.64,1.2,0,0,Normal,28.705,77.24
2026-08-24,QT-004,WQS-004,WQS-004,DMA-04,pH,pH,7.319,7.18,7.43,0,0,Normal,28.705,77.24
2026-08-24,QT-005,WQS-005,WQS-005,DMA-05,Chlorine,mg/L,0.572,0.483,0.637,0,0,Normal,28.712,77.245
2026-08-24,QT-005,WQS-005,WQS-005,DMA-05,Conductivity,uS/cm,689.662,594.2,769.0,0,0,Normal,28.712,77.245
2026-08-24,QT-005,WQS-005,WQS-005,DMA-05,Temperature,C,31.262,29.5,33.0,0,0,Normal,28.712,77.245
2026-08-24,QT-005,WQS-005,WQS-005,DMA-05,Turbidity,NTU,0.916,0.52,1.23,0,0,Normal,28.712,77.245
2026-08-24,QT-005,WQS-005,WQS-005,DMA-05,pH,pH,7.29,7.15,7.43,0,0,Normal,28.712,77.245
2026-08-24,QT-006,WQS-006,WQS-006,DMA-06,Chlorine,mg/L,0.542,0.384,0.662,0,0,Normal,28.731,77.277
2026-08-24,QT-006,WQS-006,WQS-006,DMA-06,Conductivity,uS/cm,670.438,598.0,772.1,0,0,Normal,28.731,77.277
2026-08-24,QT-006,WQS-006,WQS-006,DMA-06,Temperature,C,31.246,29.6,32.9,0,0,Normal,28.731,77.277
2026-08-24,QT-006,WQS-006,WQS-006,DMA-06,Turbidity,NTU,0.886,0.52,1.2,0,0,Normal,28.731,77.277
2026-08-24,QT-006,WQS-006,WQS-006,DMA-06,pH,pH,7.279,7.13,7.42,0,0,Normal,28.731,77.277
2026-08-25,QT-001,WQS-001,WQS-001,DMA-01,Chlorine,mg/L,0.568,0.456,0.674,0,0,Normal,28.738,77.255
2026-08-25,QT-001,WQS-001,WQS-001,DMA-01,Conductivity,uS/cm,688.6,642.6,758.5,0,0,Normal,28.738,77.255
2026-08-25,QT-001,WQS-001,WQS-001,DMA-01,Temperature,C,31.258,29.5,32.7,0,0,Normal,28.738,77.255
2026-08-25,QT-001,WQS-001,WQS-001,DMA-01,Turbidity,NTU,0.883,0.65,1.16,0,0,Normal,28.738,77.255
2026-08-25,QT-001,WQS-001,WQS-001,DMA-01,pH,pH,7.278,7.12,7.41,0,0,Normal,28.738,77.255
2026-08-25,QT-002,WQS-002,WQS-002,DMA-02,Chlorine,mg/L,0.544,0.426,0.642,0,0,Normal,28.726,77.253
2026-08-25,QT-002,WQS-002,WQS-002,DMA-02,Conductivity,uS/cm,677.804,602.3,745.9,0,0,Normal,28.726,77.253
2026-08-25,QT-002,WQS-002,WQS-002,DMA-02,Temperature,C,31.196,29.5,32.7,0,0,Normal,28.726,77.253
2026-08-25,QT-002,WQS-002,WQS-002,DMA-02,Turbidity,NTU,0.853,0.65,1.2,0,0,Normal,28.726,77.253
2026-08-25,QT-002,WQS-002,WQS-002,DMA-02,pH,pH,7.305,7.13,7.47,0,0,Normal,28.726,77.253
2026-08-25,QT-003,WQS-003,WQS-003,DMA-03,Chlorine,mg/L,0.549,0.456,0.649,0,0,Normal,28.717,77.269
2026-08-25,QT-003,WQS-003,WQS-003,DMA-03,Conductivity,uS/cm,689.767,584.9,752.3,0,0,Normal,28.717,77.269
2026-08-25,QT-003,WQS-003,WQS-003,DMA-03,Temperature,C,31.275,29.5,32.9,0,0,Normal,28.717,77.269
2026-08-25,QT-003,WQS-003,WQS-003,DMA-03,Turbidity,NTU,0.93,0.46,1.24,0,0,Normal,28.717,77.269
2026-08-25,QT-003,WQS-003,WQS-003,DMA-03,pH,pH,7.318,7.16,7.51,0,0,Normal,28.717,77.269
2026-08-25,QT-004,WQS-004,WQS-004,DMA-04,Chlorine,mg/L,0.559,0.489,0.632,0,0,Normal,28.705,77.24
2026-08-25,QT-004,WQS-004,WQS-004,DMA-04,Conductivity,uS/cm,672.296,615.5,719.6,0,0,Normal,28.705,77.24
2026-08-25,QT-004,WQS-004,WQS-004,DMA-04,Temperature,C,31.346,29.4,32.9,0,0,Normal,28.705,77.24
2026-08-25,QT-004,WQS-004,WQS-004,DMA-04,Turbidity,NTU,0.839,0.6,1.09,0,0,Normal,28.705,77.24
2026-08-25,QT-004,WQS-004,WQS-004,DMA-04,pH,pH,7.315,7.16,7.48,0,0,Normal,28.705,77.24
2026-08-25,QT-005,WQS-005,WQS-005,DMA-05,Chlorine,mg/L,0.546,0.455,0.61,0,0,Normal,28.712,77.245
2026-08-25,QT-005,WQS-005,WQS-005,DMA-05,Conductivity,uS/cm,693.1,618.5,743.3,0,0,Normal,28.712,77.245
2026-08-25,QT-005,WQS-005,WQS-005,DMA-05,Temperature,C,31.254,29.4,32.7,0,0,Normal,28.712,77.245
2026-08-25,QT-005,WQS-005,WQS-005,DMA-05,Turbidity,NTU,0.94,0.64,1.18,0,0,Normal,28.712,77.245
2026-08-25,QT-005,WQS-005,WQS-005,DMA-05,pH,pH,7.306,7.14,7.44,0,0,Normal,28.712,77.245
2026-08-25,QT-006,WQS-006,WQS-006,DMA-06,Chlorine,mg/L,0.557,0.467,0.611,0,0,Normal,28.731,77.277
2026-08-25,QT-006,WQS-006,WQS-006,DMA-06,Conductivity,uS/cm,674.271,616.1,744.2,0,0,Normal,28.731,77.277
2026-08-25,QT-006,WQS-006,WQS-006,DMA-06,Temperature,C,31.354,29.3,33.3,0,0,Normal,28.731,77.277
2026-08-25,QT-006,WQS-006,WQS-006,DMA-06,Turbidity,NTU,0.947,0.74,1.28,0,0,Normal,28.731,77.277
2026-08-25,QT-006,WQS-006,WQS-006,DMA-06,pH,pH,7.305,7.19,7.44,0,0,Normal,28.731,77.277
2026-08-26,QT-001,WQS-001,WQS-001,DMA-01,Chlorine,mg/L,0.571,0.481,0.67,0,0,Normal,28.738,77.255
2026-08-26,QT-001,WQS-001,WQS-001,DMA-01,Conductivity,uS/cm,692.538,612.5,772.1,0,0,Normal,28.738,77.255
2026-08-26,QT-001,WQS-001,WQS-001,DMA-01,Temperature,C,31.229,29.4,32.9,0,0,Normal,28.738,77.255
2026-08-26,QT-001,WQS-001,WQS-001,DMA-01,Turbidity,NTU,0.911,0.66,1.19,0,0,Normal,28.738,77.255
2026-08-26,QT-001,WQS-001,WQS-001,DMA-01,pH,pH,7.298,7.15,7.4,0,0,Normal,28.738,77.255
2026-08-26,QT-002,WQS-002,WQS-002,DMA-02,Chlorine,mg/L,0.543,0.404,0.657,0,0,Normal,28.726,77.253
2026-08-26,QT-002,WQS-002,WQS-002,DMA-02,Conductivity,uS/cm,686.208,619.9,741.3,0,0,Normal,28.726,77.253
2026-08-26,QT-002,WQS-002,WQS-002,DMA-02,Temperature,C,31.238,29.3,33.1,0,0,Normal,28.726,77.253
2026-08-26,QT-002,WQS-002,WQS-002,DMA-02,Turbidity,NTU,0.896,0.68,1.16,0,0,Normal,28.726,77.253
2026-08-26,QT-002,WQS-002,WQS-002,DMA-02,pH,pH,7.287,7.1,7.46,0,0,Normal,28.726,77.253
2026-08-26,QT-003,WQS-003,WQS-003,DMA-03,Chlorine,mg/L,0.561,0.433,0.624,0,0,Normal,28.717,77.269
2026-08-26,QT-003,WQS-003,WQS-003,DMA-03,Conductivity,uS/cm,687.571,645.3,729.5,0,0,Normal,28.717,77.269
2026-08-26,QT-003,WQS-003,WQS-003,DMA-03,Temperature,C,31.229,29.7,32.9,0,0,Normal,28.717,77.269
2026-08-26,QT-003,WQS-003,WQS-003,DMA-03,Turbidity,NTU,0.943,0.73,1.15,0,0,Normal,28.717,77.269
2026-08-26,QT-003,WQS-003,WQS-003,DMA-03,pH,pH,7.286,7.15,7.42,0,0,Normal,28.717,77.269
2026-08-26,QT-004,WQS-004,WQS-004,DMA-04,Chlorine,mg/L,0.531,0.433,0.638,0,0,Normal,28.705,77.24
2026-08-26,QT-004,WQS-004,WQS-004,DMA-04,Conductivity,uS/cm,669.887,604.4,724.3,0,0,Normal,28.705,77.24
2026-08-26,QT-004,WQS-004,WQS-004,DMA-04,Temperature,C,31.383,29.7,33.1,0,0,Normal,28.705,77.24
2026-08-26,QT-004,WQS-004,WQS-004,DMA-04,Turbidity,NTU,0.89,0.59,1.08,0,0,Normal,28.705,77.24
2026-08-26,QT-004,WQS-004,WQS-004,DMA-04,pH,pH,7.301,7.19,7.53,0,0,Normal,28.705,77.24
2026-08-26,QT-005,WQS-005,WQS-005,DMA-05,Chlorine,mg/L,0.546,0.434,0.66,0,0,Normal,28.712,77.245
2026-08-26,QT-005,WQS-005,WQS-005,DMA-05,Conductivity,uS/cm,683.858,620.7,728.1,0,0,Normal,28.712,77.245
2026-08-26,QT-005,WQS-005,WQS-005,DMA-05,Temperature,C,31.329,29.6,33.2,0,0,Normal,28.712,77.245
2026-08-26,QT-005,WQS-005,WQS-005,DMA-05,Turbidity,NTU,0.931,0.58,1.14,0,0,Normal,28.712,77.245
2026-08-26,QT-005,WQS-005,WQS-005,DMA-05,pH,pH,7.325,7.18,7.45,0,0,Normal,28.712,77.245
2026-08-26,QT-006,WQS-006,WQS-006,DMA-06,Chlorine,mg/L,0.544,0.469,0.629,0,0,Normal,28.731,77.277
2026-08-26,QT-006,WQS-006,WQS-006,DMA-06,Conductivity,uS/cm,683.4,627.5,806.0,0,0,Normal,28.731,77.277
2026-08-26,QT-006,WQS-006,WQS-006,DMA-06,Temperature,C,31.25,29.6,32.7,0,0,Normal,28.731,77.277
2026-08-26,QT-006,WQS-006,WQS-006,DMA-06,Turbidity,NTU,0.866,0.54,1.17,0,0,Normal,28.731,77.277
2026-08-26,QT-006,WQS-006,WQS-006,DMA-06,pH,pH,7.279,7.12,7.38,0,0,Normal,28.731,77.277
