Alert_ID,Timestamp,Sensor_ID,Asset_ID,Network_Element_ID,Zone_ID,Parameter,Value,Unit,Quality_Status,Alarm_Status,Latitude,Longitude,Alert_Message,Recommended_Action
ALT-00001,2026-05-27 19:00:00,PT-004,PIPE-004,PIPE-004,DMA-04,Pressure,23.92,mH2O,Valid,Warning,28.704,77.237,Warning Pressure alert for PIPE-004 in DMA-04,Monitor and verify
ALT-00002,2026-05-27 20:00:00,PMP-005,PUMP-005,PUMP-005,DMA-05,Pump_Status,0,status,Valid,Warning,28.714,77.243,Warning Pump_Status alert for PUMP-005 in DMA-05,Monitor and verify
ALT-00003,2026-05-28 00:00:00,PT-004,PIPE-004,PIPE-004,DMA-04,Pressure,23.31,mH2O,Valid,Warning,28.704,77.237,Warning Pressure alert for PIPE-004 in DMA-04,Monitor and verify
ALT-00004,2026-05-28 02:00:00,PT-004,PIPE-004,PIPE-004,DMA-04,Pressure,23.95,mH2O,Valid,Warning,28.704,77.237,Warning Pressure alert for PIPE-004 in DMA-04,Monitor and verify
ALT-00005,2026-05-28 21:00:00,PT-004,PIPE-004,PIPE-004,DMA-04,Pressure,22.69,mH2O,Valid,Warning,28.704,77.237,Warning Pressure alert for PIPE-004 in DMA-04,Monitor and verify
ALT-00006,2026-05-28 22:00:00,PT-004,PIPE-004,PIPE-004,DMA-04,Pressure,22.99,mH2O,Valid,Warning,28.704,77.237,Warning Pressure alert for PIPE-004 in DMA-04,Monitor and verify
ALT-00007,2026-05-28 23:00:00,PT-004,PIPE-004,PIPE-004,DMA-04,Pressure,23.27,mH2O,Valid,Warning,28.704,77.237,Warning Pressure alert for PIPE-004 in DMA-04,Monitor and verify
ALT-00008,2026-05-29 02:00:00,PT-004,PIPE-004,PIPE-004,DMA-04,Pressure,23.47,mH2O,Valid,Warning,28.704,77.237,Warning Pressure alert for PIPE-004 in DMA-04,Monitor and verify
ALT-00009,2026-05-29 12:00:00,PT-004,PIPE-004,PIPE-004,DMA-04,Pressure,23.16,mH2O,Valid,Warning,28.704,77.237,Warning Pressure alert for PIPE-004 in DMA-04,Monitor and verify
ALT-00010,2026-05-29 13:00:00,PMP-003,PUMP-003,PUMP-003,DMA-03,Pump_Status,0,status,Valid,Warning,28.719,77.267,Warning Pump_Status alert for PUMP-003 in DMA-03,Monitor and verify
ALT-00011,2026-05-29 14:00:00,PT-004,PIPE-004,PIPE-004,DMA-04,Pressure,22.75,mH2O,Valid,Warning,28.704,77.237,Warning Pressure alert for PIPE-004 in DMA-04,Monitor and verify
ALT-00012,2026-05-29 17:00:00,PMP-005,PUMP-005,PUMP-005,DMA-05,Pump_Status,0,status,Valid,Warning,28.714,77.243,Warning Pump_Status alert for PUMP-005 in DMA-05,Monitor and verify
ALT-00013,2026-05-29 21:00:00,PT-004,PIPE-004,PIPE-004,DMA-04,Pressure,23.62,mH2O,Valid,Warning,28.704,77.237,Warning Pressure alert for PIPE-004 in DMA-04,Monitor and verify
ALT-00014,2026-05-30 01:00:00,PT-004,PIPE-004,PIPE-004,DMA-04,Pressure,23.16,mH2O,Valid,Warning,28.704,77.237,Warning Pressure alert for PIPE-004 in DMA-04,Monitor and verify
ALT-00015,2026-05-30 04:00:00,PT-004,PIPE-004,PIPE-004,DMA-04,Pressure,23.83,mH2O,Valid,Warning,28.704,77.237,Warning Pressure alert for PIPE-004 in DMA-04,Monitor and verify
ALT-00016,2026-05-30 17:00:00,PT-004,PIPE-004,PIPE-004,DMA-04,Pressure,23.79,mH2O,Valid,Warning,28.704,77.237,Warning Pressure alert for PIPE-004 in DMA-04,Monitor and verify
ALT-00017,2026-05-30 20:00:00,PT-004,PIPE-004,PIPE-004,DMA-04,Pressure,23.6,mH2O,Valid,Warning,28.704,77.237,Warning Pressure alert for PIPE-004 in DMA-04,Monitor and verify
ALT-00018,2026-05-31 05:00:00,PT-004,PIPE-004,PIPE-004,DMA-04,Pressure,23.68,mH2O,Valid,Warning,28.704,77.237,Warning Pressure alert for PIPE-004 in DMA-04,Monitor and verify
ALT-00019,2026-05-31 08:00:00,PT-004,PIPE-004,PIPE-004,DMA-04,Pressure,22.6,mH2O,Valid,Warning,28.704,77.237,Warning Pressure alert for PIPE-004 in DMA-04,Monitor and verify
ALT-00020,2026-05-31 12:00:00,PT-004,PIPE-004,PIPE-004,DMA-04,Pressure,23.7,mH2O,Valid,Warning,28.704,77.237,Warning Pressure alert for PIPE-004 in DMA-04,Monitor and verify
ALT-00021,2026-05-31 16:00:00,PT-004,PIPE-004,PIPE-004,DMA-04,Pressure,23.61,mH2O,Valid,Warning,28.704,77.237,Warning Pressure alert for PIPE-004 in DMA-04,Monitor and verify
ALT-00022,2026-05-31 22:00:00,PT-004,PIPE-004,PIPE-004,DMA-04,Pressure,23.76,mH2O,Valid,Warning,28.704,77.237,Warning Pressure alert for PIPE-004 in DMA-04,Monitor and verify
ALT-00023,2026-06-01 01:00:00,PT-004,PIPE-004,PIPE-004,DMA-04,Pressure,23.96,mH2O,Valid,Warning,28.704,77.237,Warning Pressure alert for PIPE-004 in DMA-04,Monitor and verify
ALT-00024,2026-06-01 02:00:00,PT-004,PIPE-004,PIPE-004,DMA-04,Pressure,22.51,mH2O,Valid,Warning,28.704,77.237,Warning Pressure alert for PIPE-004 in DMA-04,Monitor and verify
ALT-00025,2026-06-01 11:00:00,PT-004,PIPE-004,PIPE-004,DMA-04,Pressure,23.47,mH2O,Valid,Warning,28.704,77.237,Warning Pressure alert for PIPE-004 in DMA-04,Monitor and verify
ALT-00026,2026-06-01 14:00:00,PT-004,PIPE-004,PIPE-004,DMA-04,Pressure,23.55,mH2O,Valid,Warning,28.704,77.237,Warning Pressure alert for PIPE-004 in DMA-04,Monitor and verify
ALT-00027,2026-06-01 17:00:00,PT-004,PIPE-004,PIPE-004,DMA-04,Pressure,23.54,mH2O,Valid,Warning,28.704,77.237,Warning Pressure alert for PIPE-004 in DMA-04,Monitor and verify
ALT-00028,2026-06-01 20:00:00,PT-004,PIPE-004,PIPE-004,DMA-04,Pressure,23.99,mH2O,Valid,Warning,28.704,77.237,Warning Pressure alert for PIPE-004 in DMA-04,Monitor and verify
ALT-00029,2026-06-02 01:00:00,PT-004,PIPE-004,PIPE-004,DMA-04,Pressure,23.79,mH2O,Valid,Warning,28.704,77.237,Warning Pressure alert for PIPE-004 in DMA-04,Monitor and verify
ALT-00030,2026-06-02 09:00:00,PT-004,PIPE-004,PIPE-004,DMA-04,Pressure,23.46,mH2O,Valid,Warning,28.704,77.237,Warning Pressure alert for PIPE-004 in DMA-04,Monitor and verify
ALT-00031,2026-06-02 13:00:00,PT-004,PIPE-004,PIPE-004,DMA-04,Pressure,23.14,mH2O,Valid,Warning,28.704,77.237,Warning Pressure alert for PIPE-004 in DMA-04,Monitor and verify
ALT-00032,2026-06-03 03:00:00,PT-004,PIPE-004,PIPE-004,DMA-04,Pressure,22.88,mH2O,Valid,Warning,28.704,77.237,Warning Pressure alert for PIPE-004 in DMA-04,Monitor and verify
ALT-00033,2026-06-03 06:00:00,PT-004,PIPE-004,PIPE-004,DMA-04,Pressure,23.5,mH2O,Valid,Warning,28.704,77.237,Warning Pressure alert for PIPE-004 in DMA-04,Monitor and verify
ALT-00034,2026-06-03 11:00:00,PT-004,PIPE-004,PIPE-004,DMA-04,Pressure,23.18,mH2O,Valid,Warning,28.704,77.237,Warning Pressure alert for PIPE-004 in DMA-04,Monitor and verify
ALT-00035,2026-06-03 13:00:00,PT-004,PIPE-004,PIPE-004,DMA-04,Pressure,23.55,mH2O,Valid,Warning,28.704,77.237,Warning Pressure alert for PIPE-004 in DMA-04,Monitor and verify
ALT-00036,2026-06-03 18:00:00,PT-004,PIPE-004,PIPE-004,DMA-04,Pressure,23.97,mH2O,Valid,Warning,28.704,77.237,Warning Pressure alert for PIPE-004 in DMA-04,Monitor and verify
ALT-00037,2026-06-03 21:00:00,PT-004,PIPE-004,PIPE-004,DMA-04,Pressure,23.74,mH2O,Valid,Warning,28.704,77.237,Warning Pressure alert for PIPE-004 in DMA-04,Monitor and verify
ALT-00038,2026-06-04 07:00:00,PT-004,PIPE-004,PIPE-004,DMA-04,Pressure,23.18,mH2O,Valid,Warning,28.704,77.237,Warning Pressure alert for PIPE-004 in DMA-04,Monitor and verify
ALT-00039,2026-06-04 08:00:00,PT-004,PIPE-004,PIPE-004,DMA-04,Pressure,23.56,mH2O,Valid,Warning,28.704,77.237,Warning Pressure alert for PIPE-004 in DMA-04,Monitor and verify
ALT-00040,2026-06-04 09:00:00,PT-004,PIPE-004,PIPE-004,DMA-04,Pressure,23.75,mH2O,Valid,Warning,28.704,77.237,Warning Pressure alert for PIPE-004 in DMA-04,Monitor and verify
ALT-00041,2026-06-04 15:00:00,PT-004,PIPE-004,PIPE-004,DMA-04,Pressure,23.7,mH2O,Valid,Warning,28.704,77.237,Warning Pressure alert for PIPE-004 in DMA-04,Monitor and verify
ALT-00042,2026-06-04 16:00:00,PT-004,PIPE-004,PIPE-004,DMA-04,Pressure,23.98,mH2O,Valid,Warning,28.704,77.237,Warning Pressure alert for PIPE-004 in DMA-04,Monitor and verify
ALT-00043,2026-06-04 22:00:00,PT-004,PIPE-004,PIPE-004,DMA-04,Pressure,22.56,mH2O,Valid,Warning,28.704,77.237,Warning Pressure alert for PIPE-004 in DMA-04,Monitor and verify
ALT-00044,2026-06-05 07:00:00,PT-004,PIPE-004,PIPE-004,DMA-04,Pressure,22.43,mH2O,Valid,Warning,28.704,77.237,Warning Pressure alert for PIPE-004 in DMA-04,Monitor and verify
ALT-00045,2026-06-05 08:00:00,PT-004,PIPE-004,PIPE-004,DMA-04,Pressure,23.18,mH2O,Valid,Warning,28.704,77.237,Warning Pressure alert for PIPE-004 in DMA-04,Monitor and verify
ALT-00046,2026-06-05 09:00:00,PT-004,PIPE-004,PIPE-004,DMA-04,Pressure,23.65,mH2O,Valid,Warning,28.704,77.237,Warning Pressure alert for PIPE-004 in DMA-04,Monitor and verify
ALT-00047,2026-06-05 12:00:00,PT-003,PIPE-003,PIPE-003,DMA-03,Pressure,23.55,mH2O,Valid,Warning,28.716,77.266,Warning Pressure alert for PIPE-003 in DMA-03,Monitor and verify
ALT-00048,2026-06-05 18:00:00,PT-004,PIPE-004,PIPE-004,DMA-04,Pressure,22.0,mH2O,Valid,Warning,28.704,77.237,Warning Pressure alert for PIPE-004 in DMA-04,Monitor and verify
ALT-00049,2026-06-05 19:00:00,PT-004,PIPE-004,PIPE-004,DMA-04,Pressure,23.95,mH2O,Valid,Warning,28.704,77.237,Warning Pressure alert for PIPE-004 in DMA-04,Monitor and verify
ALT-00050,2026-06-06 05:00:00,PT-004,PIPE-004,PIPE-004,DMA-04,Pressure,23.8,mH2O,Valid,Warning,28.704,77.237,Warning Pressure alert for PIPE-004 in DMA-04,Monitor and verify
ALT-00051,2026-06-06 15:00:00,PT-004,PIPE-004,PIPE-004,DMA-04,Pressure,23.22,mH2O,Valid,Warning,28.704,77.237,Warning Pressure alert for PIPE-004 in DMA-04,Monitor and verify
ALT-00052,2026-06-06 16:00:00,PT-004,PIPE-004,PIPE-004,DMA-04,Pressure,23.99,mH2O,Valid,Warning,28.704,77.237,Warning Pressure alert for PIPE-004 in DMA-04,Monitor and verify
ALT-00053,2026-06-06 23:00:00,PT-004,PIPE-004,PIPE-004,DMA-04,Pressure,23.2,mH2O,Valid,Warning,28.704,77.237,Warning Pressure alert for PIPE-004 in DMA-04,Monitor and verify
ALT-00054,2026-06-07 09:00:00,PT-004,PIPE-004,PIPE-004,DMA-04,Pressure,23.41,mH2O,Valid,Warning,28.704,77.237,Warning Pressure alert for PIPE-004 in DMA-04,Monitor and verify
ALT-00055,2026-06-07 11:00:00,FT-004,FM-004,PIPE-014,DMA-04,Flow,785.95,m3/hr,Valid,Warning,28.706,77.235,Warning Flow alert for PIPE-014 in DMA-04,Monitor and verify
ALT-00056,2026-06-07 15:00:00,PT-004,PIPE-004,PIPE-004,DMA-04,Pressure,22.63,mH2O,Valid,Warning,28.704,77.237,Warning Pressure alert for PIPE-004 in DMA-04,Monitor and verify
ALT-00057,2026-06-07 17:00:00,PT-004,PIPE-004,PIPE-004,DMA-04,Pressure,23.04,mH2O,Valid,Warning,28.704,77.237,Warning Pressure alert for PIPE-004 in DMA-04,Monitor and verify
ALT-00058,2026-06-08 08:00:00,PT-004,PIPE-004,PIPE-004,DMA-04,Pressure,23.54,mH2O,Valid,Warning,28.704,77.237,Warning Pressure alert for PIPE-004 in DMA-04,Monitor and verify
ALT-00059,2026-06-08 09:00:00,PT-004,PIPE-004,PIPE-004,DMA-04,Pressure,23.13,mH2O,Valid,Warning,28.704,77.237,Warning Pressure alert for PIPE-004 in DMA-04,Monitor and verify
ALT-00060,2026-06-08 13:00:00,PT-004,PIPE-004,PIPE-004,DMA-04,Pressure,23.21,mH2O,Valid,Warning,28.704,77.237,Warning Pressure alert for PIPE-004 in DMA-04,Monitor and verify
ALT-00061,2026-06-08 22:00:00,PT-004,PIPE-004,PIPE-004,DMA-04,Pressure,23.54,mH2O,Valid,Warning,28.704,77.237,Warning Pressure alert for PIPE-004 in DMA-04,Monitor and verify
ALT-00062,2026-06-09 07:00:00,PT-004,PIPE-004,PIPE-004,DMA-04,Pressure,23.26,mH2O,Valid,Warning,28.704,77.237,Warning Pressure alert for PIPE-004 in DMA-04,Monitor and verify
ALT-00063,2026-06-09 11:00:00,PT-004,PIPE-004,PIPE-004,DMA-04,Pressure,23.85,mH2O,Valid,Warning,28.704,77.237,Warning Pressure alert for PIPE-004 in DMA-04,Monitor and verify
ALT-00064,2026-06-09 14:00:00,PT-004,PIPE-004,PIPE-004,DMA-04,Pressure,23.87,mH2O,Valid,Warning,28.704,77.237,Warning Pressure alert for PIPE-004 in DMA-04,Monitor and verify
ALT-00065,2026-06-09 19:00:00,PT-004,PIPE-004,PIPE-004,DMA-04,Pressure,23.98,mH2O,Valid,Warning,28.704,77.237,Warning Pressure alert for PIPE-004 in DMA-04,Monitor and verify
ALT-00066,2026-06-09 20:00:00,PT-004,PIPE-004,PIPE-004,DMA-04,Pressure,23.53,mH2O,Valid,Warning,28.704,77.237,Warning Pressure alert for PIPE-004 in DMA-04,Monitor and verify
ALT-00067,2026-06-10 06:00:00,PT-004,PIPE-004,PIPE-004,DMA-04,Pressure,21.77,mH2O,Valid,Warning,28.704,77.237,Warning Pressure alert for PIPE-004 in DMA-04,Monitor and verify
ALT-00068,2026-06-10 09:00:00,PT-004,PIPE-004,PIPE-004,DMA-04,Pressure,23.54,mH2O,Valid,Warning,28.704,77.237,Warning Pressure alert for PIPE-004 in DMA-04,Monitor and verify
ALT-00069,2026-06-10 15:00:00,PT-004,PIPE-004,PIPE-004,DMA-04,Pressure,22.58,mH2O,Valid,Warning,28.704,77.237,Warning Pressure alert for PIPE-004 in DMA-04,Monitor and verify
ALT-00070,2026-06-10 18:00:00,PT-004,PIPE-004,PIPE-004,DMA-04,Pressure,23.74,mH2O,Valid,Warning,28.704,77.237,Warning Pressure alert for PIPE-004 in DMA-04,Monitor and verify
ALT-00071,2026-06-10 19:00:00,PT-004,PIPE-004,PIPE-004,DMA-04,Pressure,23.59,mH2O,Valid,Warning,28.704,77.237,Warning Pressure alert for PIPE-004 in DMA-04,Monitor and verify
ALT-00072,2026-06-11 05:00:00,PT-004,PIPE-004,PIPE-004,DMA-04,Pressure,23.35,mH2O,Valid,Warning,28.704,77.237,Warning Pressure alert for PIPE-004 in DMA-04,Monitor and verify
ALT-00073,2026-06-11 08:00:00,PT-004,PIPE-004,PIPE-004,DMA-04,Pressure,22.62,mH2O,Valid,Warning,28.704,77.237,Warning Pressure alert for PIPE-004 in DMA-04,Monitor and verify
ALT-00074,2026-06-11 19:00:00,PT-004,PIPE-004,PIPE-004,DMA-04,Pressure,23.92,mH2O,Valid,Warning,28.704,77.237,Warning Pressure alert for PIPE-004 in DMA-04,Monitor and verify
ALT-00075,2026-06-11 23:00:00,PT-004,PIPE-004,PIPE-004,DMA-04,Pressure,23.45,mH2O,Valid,Warning,28.704,77.237,Warning Pressure alert for PIPE-004 in DMA-04,Monitor and verify
ALT-00076,2026-06-13 15:00:00,PMP-006,PUMP-006,PUMP-006,DMA-06,Pump_Status,0,status,Valid,Warning,28.733,77.275,Warning Pump_Status alert for PUMP-006 in DMA-06,Monitor and verify
ALT-00077,2026-06-13 18:00:00,PT-004,PIPE-004,PIPE-004,DMA-04,Pressure,23.92,mH2O,Valid,Warning,28.704,77.237,Warning Pressure alert for PIPE-004 in DMA-04,Monitor and verify
ALT-00078,2026-06-13 19:00:00,PMP-002,PUMP-002,PUMP-002,DMA-02,Pump_Status,0,status,Valid,Warning,28.728,77.251,Warning Pump_Status alert for PUMP-002 in DMA-02,Monitor and verify
ALT-00079,2026-06-13 20:00:00,PT-004,PIPE-004,PIPE-004,DMA-04,Pressure,23.56,mH2O,Valid,Warning,28.704,77.237,Warning Pressure alert for PIPE-004 in DMA-04,Monitor and verify
ALT-00080,2026-06-14 06:00:00,PT-004,PIPE-004,PIPE-004,DMA-04,Pressure,23.78,mH2O,Valid,Warning,28.704,77.237,Warning Pressure alert for PIPE-004 in DMA-04,Monitor and verify
ALT-00081,2026-06-14 14:00:00,PT-004,PIPE-004,PIPE-004,DMA-04,Pressure,23.9,mH2O,Valid,Warning,28.704,77.237,Warning Pressure alert for PIPE-004 in DMA-04,Monitor and verify
ALT-00082,2026-06-14 15:00:00,PT-004,PIPE-004,PIPE-004,DMA-04,Pressure,23.69,mH2O,Valid,Warning,28.704,77.237,Warning Pressure alert for PIPE-004 in DMA-04,Monitor and verify
ALT-00083,2026-06-14 17:00:00,PT-004,PIPE-004,PIPE-004,DMA-04,Pressure,23.18,mH2O,Valid,Warning,28.704,77.237,Warning Pressure alert for PIPE-004 in DMA-04,Monitor and verify
ALT-00084,2026-06-15 03:00:00,PMP-002,PUMP-002,PUMP-002,DMA-02,Pump_Status,0,status,Valid,Warning,28.728,77.251,Warning Pump_Status alert for PUMP-002 in DMA-02,Monitor and verify
ALT-00085,2026-06-15 09:00:00,PT-004,PIPE-004,PIPE-004,DMA-04,Pressure,23.56,mH2O,Valid,Warning,28.704,77.237,Warning Pressure alert for PIPE-004 in DMA-04,Monitor and verify
ALT-00086,2026-06-15 10:00:00,PT-004,PIPE-004,PIPE-004,DMA-04,Pressure,23.97,mH2O,Valid,Warning,28.704,77.237,Warning Pressure alert for PIPE-004 in DMA-04,Monitor and verify
ALT-00087,2026-06-15 12:00:00,PT-004,PIPE-004,PIPE-004,DMA-04,Pressure,23.95,mH2O,Valid,Warning,28.704,77.237,Warning Pressure alert for PIPE-004 in DMA-04,Monitor and verify
ALT-00088,2026-06-15 13:00:00,PT-004,PIPE-004,PIPE-004,DMA-04,Pressure,23.32,mH2O,Valid,Warning,28.704,77.237,Warning Pressure alert for PIPE-004 in DMA-04,Monitor and verify
ALT-00089,2026-06-15 16:00:00,PT-003,PIPE-003,PIPE-003,DMA-03,Pressure,23.78,mH2O,Valid,Warning,28.716,77.266,Warning Pressure alert for PIPE-003 in DMA-03,Monitor and verify
ALT-00090,2026-06-15 16:00:00,PT-004,PIPE-004,PIPE-004,DMA-04,Pressure,23.89,mH2O,Valid,Warning,28.704,77.237,Warning Pressure alert for PIPE-004 in DMA-04,Monitor and verify
ALT-00091,2026-06-15 18:00:00,PT-004,PIPE-004,PIPE-004,DMA-04,Pressure,23.9,mH2O,Valid,Warning,28.704,77.237,Warning Pressure alert for PIPE-004 in DMA-04,Monitor and verify
ALT-00092,2026-06-15 19:00:00,PT-004,PIPE-004,PIPE-004,DMA-04,Pressure,22.61,mH2O,Valid,Warning,28.704,77.237,Warning Pressure alert for PIPE-004 in DMA-04,Monitor and verify
ALT-00093,2026-06-15 21:00:00,PT-004,PIPE-004,PIPE-004,DMA-04,Pressure,23.83,mH2O,Valid,Warning,28.704,77.237,Warning Pressure alert for PIPE-004 in DMA-04,Monitor and verify
ALT-00094,2026-06-16 07:00:00,PMP-003,PUMP-003,PUMP-003,DMA-03,Pump_Status,0,status,Valid,Warning,28.719,77.267,Warning Pump_Status alert for PUMP-003 in DMA-03,Monitor and verify
ALT-00095,2026-06-16 09:00:00,PT-004,PIPE-004,PIPE-004,DMA-04,Pressure,23.22,mH2O,Valid,Warning,28.704,77.237,Warning Pressure alert for PIPE-004 in DMA-04,Monitor and verify
ALT-00096,2026-06-16 10:00:00,PT-004,PIPE-004,PIPE-004,DMA-04,Pressure,23.34,mH2O,Valid,Warning,28.704,77.237,Warning Pressure alert for PIPE-004 in DMA-04,Monitor and verify
ALT-00097,2026-06-16 14:00:00,PT-004,PIPE-004,PIPE-004,DMA-04,Pressure,22.67,mH2O,Valid,Warning,28.704,77.237,Warning Pressure alert for PIPE-004 in DMA-04,Monitor and verify
ALT-00098,2026-06-16 15:00:00,PT-004,PIPE-004,PIPE-004,DMA-04,Pressure,23.97,mH2O,Valid,Warning,28.704,77.237,Warning Pressure alert for PIPE-004 in DMA-04,Monitor and verify
ALT-00099,2026-06-16 18:00:00,PMP-003,PUMP-003,PUMP-003,DMA-03,Pump_Status,0,status,Valid,Warning,28.719,77.267,Warning Pump_Status alert for PUMP-003 in DMA-03,Monitor and verify
ALT-00100,2026-06-16 21:00:00,PT-004,PIPE-004,PIPE-004,DMA-04,Pressure,23.46,mH2O,Valid,Warning,28.704,77.237,Warning Pressure alert for PIPE-004 in DMA-04,Monitor and verify
ALT-00101,2026-06-17 10:00:00,PT-003,PIPE-003,PIPE-003,DMA-03,Pressure,23.56,mH2O,Valid,Warning,28.716,77.266,Warning Pressure alert for PIPE-003 in DMA-03,Monitor and verify
ALT-00102,2026-06-17 12:00:00,PT-004,PIPE-004,PIPE-004,DMA-04,Pressure,23.87,mH2O,Valid,Warning,28.704,77.237,Warning Pressure alert for PIPE-004 in DMA-04,Monitor and verify
ALT-00103,2026-06-17 21:00:00,PT-004,PIPE-004,PIPE-004,DMA-04,Pressure,23.97,mH2O,Valid,Warning,28.704,77.237,Warning Pressure alert for PIPE-004 in DMA-04,Monitor and verify
ALT-00104,2026-06-18 05:00:00,PT-004,PIPE-004,PIPE-004,DMA-04,Pressure,23.83,mH2O,Valid,Warning,28.704,77.237,Warning Pressure alert for PIPE-004 in DMA-04,Monitor and verify
ALT-00105,2026-06-18 07:00:00,PT-004,PIPE-004,PIPE-004,DMA-04,Pressure,23.46,mH2O,Valid,Warning,28.704,77.237,Warning Pressure alert for PIPE-004 in DMA-04,Monitor and verify
ALT-00106,2026-06-19 02:00:00,PT-004,PIPE-004,PIPE-004,DMA-04,Pressure,23.61,mH2O,Valid,Warning,28.704,77.237,Warning Pressure alert for PIPE-004 in DMA-04,Monitor and verify
ALT-00107,2026-06-19 03:00:00,PT-004,PIPE-004,PIPE-004,DMA-04,Pressure,23.77,mH2O,Valid,Warning,28.704,77.237,Warning Pressure alert for PIPE-004 in DMA-04,Monitor and verify
ALT-00108,2026-06-19 06:00:00,PT-004,PIPE-004,PIPE-004,DMA-04,Pressure,22.85,mH2O,Valid,Warning,28.704,77.237,Warning Pressure alert for PIPE-004 in DMA-04,Monitor and verify
ALT-00109,2026-06-19 10:00:00,PT-004,PIPE-004,PIPE-004,DMA-04,Pressure,23.99,mH2O,Valid,Warning,28.704,77.237,Warning Pressure alert for PIPE-004 in DMA-04,Monitor and verify
ALT-00110,2026-06-19 11:00:00,PT-004,PIPE-004,PIPE-004,DMA-04,Pressure,23.21,mH2O,Valid,Warning,28.704,77.237,Warning Pressure alert for PIPE-004 in DMA-04,Monitor and verify
ALT-00111,2026-06-19 14:00:00,PT-004,PIPE-004,PIPE-004,DMA-04,Pressure,23.61,mH2O,Valid,Warning,28.704,77.237,Warning Pressure alert for PIPE-004 in DMA-04,Monitor and verify
ALT-00112,2026-06-19 15:00:00,PT-004,PIPE-004,PIPE-004,DMA-04,Pressure,23.72,mH2O,Valid,Warning,28.704,77.237,Warning Pressure alert for PIPE-004 in DMA-04,Monitor and verify
ALT-00113,2026-06-19 16:00:00,PT-004,PIPE-004,PIPE-004,DMA-04,Pressure,23.0,mH2O,Valid,Warning,28.704,77.237,Warning Pressure alert for PIPE-004 in DMA-04,Monitor and verify
ALT-00114,2026-06-19 18:00:00,PT-004,PIPE-004,PIPE-004,DMA-04,Pressure,23.5,mH2O,Valid,Warning,28.704,77.237,Warning Pressure alert for PIPE-004 in DMA-04,Monitor and verify
ALT-00115,2026-06-19 19:00:00,PT-004,PIPE-004,PIPE-004,DMA-04,Pressure,23.94,mH2O,Valid,Warning,28.704,77.237,Warning Pressure alert for PIPE-004 in DMA-04,Monitor and verify
ALT-00116,2026-06-20 05:00:00,LT-004,RES-004,RES-004,DMA-04,Reservoir_Level,4.11,m,Valid,Warning,28.7025,77.2385,Warning Reservoir_Level alert for RES-004 in DMA-04,Monitor and verify
ALT-00117,2026-06-20 06:00:00,LT-004,RES-004,RES-004,DMA-04,Reservoir_Level,4.11,m,Valid,Warning,28.7025,77.2385,Warning Reservoir_Level alert for RES-004 in DMA-04,Monitor and verify
ALT-00118,2026-06-20 07:00:00,LT-004,RES-004,RES-004,DMA-04,Reservoir_Level,3.83,m,Valid,Warning,28.7025,77.2385,Warning Reservoir_Level alert for RES-004 in DMA-04,Monitor and verify
ALT-00119,2026-06-20 08:00:00,LT-004,RES-004,RES-004,DMA-04,Reservoir_Level,3.69,m,Valid,Critical,28.7025,77.2385,Critical Reservoir_Level alert for RES-004 in DMA-04,Immediate inspection
ALT-00120,2026-06-20 09:00:00,LT-004,RES-004,RES-004,DMA-04,Reservoir_Level,3.72,m,Valid,Warning,28.7025,77.2385,Warning Reservoir_Level alert for RES-004 in DMA-04,Monitor and verify
ALT-00121,2026-06-20 09:00:00,PT-004,PIPE-004,PIPE-004,DMA-04,Pressure,23.58,mH2O,Valid,Warning,28.704,77.237,Warning Pressure alert for PIPE-004 in DMA-04,Monitor and verify
ALT-00122,2026-06-20 10:00:00,LT-004,RES-004,RES-004,DMA-04,Reservoir_Level,3.54,m,Valid,Critical,28.7025,77.2385,Critical Reservoir_Level alert for RES-004 in DMA-04,Immediate inspection
ALT-00123,2026-06-20 10:00:00,PMP-002,PUMP-002,PUMP-002,DMA-02,Pump_Status,0,status,Valid,Warning,28.728,77.251,Warning Pump_Status alert for PUMP-002 in DMA-02,Monitor and verify
ALT-00124,2026-06-20 11:00:00,LT-004,RES-004,RES-004,DMA-04,Reservoir_Level,3.29,m,Valid,Critical,28.7025,77.2385,Critical Reservoir_Level alert for RES-004 in DMA-04,Immediate inspection
ALT-00125,2026-06-20 11:00:00,PT-004,PIPE-004,PIPE-004,DMA-04,Pressure,22.95,mH2O,Valid,Warning,28.704,77.237,Warning Pressure alert for PIPE-004 in DMA-04,Monitor and verify
ALT-00126,2026-06-20 12:00:00,LT-004,RES-004,RES-004,DMA-04,Reservoir_Level,3.31,m,Valid,Critical,28.7025,77.2385,Critical Reservoir_Level alert for RES-004 in DMA-04,Immediate inspection
ALT-00127,2026-06-20 13:00:00,LT-004,RES-004,RES-004,DMA-04,Reservoir_Level,3.29,m,Valid,Critical,28.7025,77.2385,Critical Reservoir_Level alert for RES-004 in DMA-04,Immediate inspection
ALT-00128,2026-06-20 14:00:00,LT-004,RES-004,RES-004,DMA-04,Reservoir_Level,3.14,m,Valid,Critical,28.7025,77.2385,Critical Reservoir_Level alert for RES-004 in DMA-04,Immediate inspection
ALT-00129,2026-06-20 15:00:00,PT-004,PIPE-004,PIPE-004,DMA-04,Pressure,23.71,mH2O,Valid,Warning,28.704,77.237,Warning Pressure alert for PIPE-004 in DMA-04,Monitor and verify
ALT-00130,2026-06-20 15:00:00,LT-004,RES-004,RES-004,DMA-04,Reservoir_Level,3.22,m,Valid,Critical,28.7025,77.2385,Critical Reservoir_Level alert for RES-004 in DMA-04,Immediate inspection
ALT-00131,2026-06-20 16:00:00,LT-004,RES-004,RES-004,DMA-04,Reservoir_Level,3.3,m,Valid,Critical,28.7025,77.2385,Critical Reservoir_Level alert for RES-004 in DMA-04,Immediate inspection
ALT-00132,2026-06-20 17:00:00,LT-004,RES-004,RES-004,DMA-04,Reservoir_Level,3.59,m,Valid,Critical,28.7025,77.2385,Critical Reservoir_Level alert for RES-004 in DMA-04,Immediate inspection
ALT-00133,2026-06-20 17:00:00,PT-004,PIPE-004,PIPE-004,DMA-04,Pressure,23.65,mH2O,Valid,Warning,28.704,77.237,Warning Pressure alert for PIPE-004 in DMA-04,Monitor and verify
ALT-00134,2026-06-20 18:00:00,LT-004,RES-004,RES-004,DMA-04,Reservoir_Level,3.46,m,Valid,Critical,28.7025,77.2385,Critical Reservoir_Level alert for RES-004 in DMA-04,Immediate inspection
ALT-00135,2026-06-20 19:00:00,LT-004,RES-004,RES-004,DMA-04,Reservoir_Level,3.77,m,Valid,Warning,28.7025,77.2385,Warning Reservoir_Level alert for RES-004 in DMA-04,Monitor and verify
ALT-00136,2026-06-20 20:00:00,LT-004,RES-004,RES-004,DMA-04,Reservoir_Level,3.87,m,Valid,Warning,28.7025,77.2385,Warning Reservoir_Level alert for RES-004 in DMA-04,Monitor and verify
ALT-00137,2026-06-20 21:00:00,PT-004,PIPE-004,PIPE-004,DMA-04,Pressure,23.81,mH2O,Valid,Warning,28.704,77.237,Warning Pressure alert for PIPE-004 in DMA-04,Monitor and verify
ALT-00138,2026-06-20 21:00:00,LT-004,RES-004,RES-004,DMA-04,Reservoir_Level,3.93,m,Valid,Warning,28.7025,77.2385,Warning Reservoir_Level alert for RES-004 in DMA-04,Monitor and verify
ALT-00139,2026-06-20 22:00:00,LT-004,RES-004,RES-004,DMA-04,Reservoir_Level,4.02,m,Valid,Warning,28.7025,77.2385,Warning Reservoir_Level alert for RES-004 in DMA-04,Monitor and verify
ALT-00140,2026-06-20 23:00:00,LT-004,RES-004,RES-004,DMA-04,Reservoir_Level,4.12,m,Valid,Warning,28.7025,77.2385,Warning Reservoir_Level alert for RES-004 in DMA-04,Monitor and verify
ALT-00141,2026-06-21 00:00:00,LT-004,RES-004,RES-004,DMA-04,Reservoir_Level,4.18,m,Valid,Warning,28.7025,77.2385,Warning Reservoir_Level alert for RES-004 in DMA-04,Monitor and verify
ALT-00142,2026-06-21 04:00:00,LT-004,RES-004,RES-004,DMA-04,Reservoir_Level,4.17,m,Valid,Warning,28.7025,77.2385,Warning Reservoir_Level alert for RES-004 in DMA-04,Monitor and verify
ALT-00143,2026-06-21 05:00:00,PT-004,PIPE-004,PIPE-004,DMA-04,Pressure,23.32,mH2O,Valid,Warning,28.704,77.237,Warning Pressure alert for PIPE-004 in DMA-04,Monitor and verify
ALT-00144,2026-06-21 05:00:00,LT-004,RES-004,RES-004,DMA-04,Reservoir_Level,4.04,m,Valid,Warning,28.7025,77.2385,Warning Reservoir_Level alert for RES-004 in DMA-04,Monitor and verify
ALT-00145,2026-06-21 06:00:00,LT-004,RES-004,RES-004,DMA-04,Reservoir_Level,3.98,m,Valid,Warning,28.7025,77.2385,Warning Reservoir_Level alert for RES-004 in DMA-04,Monitor and verify
ALT-00146,2026-06-21 07:00:00,LT-004,RES-004,RES-004,DMA-04,Reservoir_Level,3.86,m,Valid,Warning,28.7025,77.2385,Warning Reservoir_Level alert for RES-004 in DMA-04,Monitor and verify
ALT-00147,2026-06-21 08:00:00,LT-004,RES-004,RES-004,DMA-04,Reservoir_Level,3.9,m,Valid,Warning,28.7025,77.2385,Warning Reservoir_Level alert for RES-004 in DMA-04,Monitor and verify
ALT-00148,2026-06-21 09:00:00,LT-004,RES-004,RES-004,DMA-04,Reservoir_Level,3.68,m,Valid,Critical,28.7025,77.2385,Critical Reservoir_Level alert for RES-004 in DMA-04,Immediate inspection
ALT-00149,2026-06-21 10:00:00,LT-004,RES-004,RES-004,DMA-04,Reservoir_Level,3.68,m,Valid,Critical,28.7025,77.2385,Critical Reservoir_Level alert for RES-004 in DMA-04,Immediate inspection
ALT-00150,2026-06-21 11:00:00,LT-004,RES-004,RES-004,DMA-04,Reservoir_Level,3.58,m,Valid,Critical,28.7025,77.2385,Critical Reservoir_Level alert for RES-004 in DMA-04,Immediate inspection
ALT-00151,2026-06-21 12:00:00,LT-004,RES-004,RES-004,DMA-04,Reservoir_Level,3.33,m,Valid,Critical,28.7025,77.2385,Critical Reservoir_Level alert for RES-004 in DMA-04,Immediate inspection
ALT-00152,2026-06-21 13:00:00,LT-004,RES-004,RES-004,DMA-04,Reservoir_Level,3.37,m,Valid,Critical,28.7025,77.2385,Critical Reservoir_Level alert for RES-004 in DMA-04,Immediate inspection
ALT-00153,2026-06-21 14:00:00,LT-004,RES-004,RES-004,DMA-04,Reservoir_Level,3.39,m,Valid,Critical,28.7025,77.2385,Critical Reservoir_Level alert for RES-004 in DMA-04,Immediate inspection
ALT-00154,2026-06-21 15:00:00,LT-004,RES-004,RES-004,DMA-04,Reservoir_Level,3.11,m,Valid,Critical,28.7025,77.2385,Critical Reservoir_Level alert for RES-004 in DMA-04,Immediate inspection
ALT-00155,2026-06-21 16:00:00,LT-004,RES-004,RES-004,DMA-04,Reservoir_Level,3.09,m,Valid,Critical,28.7025,77.2385,Critical Reservoir_Level alert for RES-004 in DMA-04,Immediate inspection
ALT-00156,2026-06-21 17:00:00,LT-004,RES-004,RES-004,DMA-04,Reservoir_Level,3.41,m,Valid,Critical,28.7025,77.2385,Critical Reservoir_Level alert for RES-004 in DMA-04,Immediate inspection
ALT-00157,2026-06-21 18:00:00,LT-004,RES-004,RES-004,DMA-04,Reservoir_Level,3.72,m,Valid,Warning,28.7025,77.2385,Warning Reservoir_Level alert for RES-004 in DMA-04,Monitor and verify
ALT-00158,2026-06-21 18:00:00,PT-004,PIPE-004,PIPE-004,DMA-04,Pressure,22.26,mH2O,Valid,Warning,28.704,77.237,Warning Pressure alert for PIPE-004 in DMA-04,Monitor and verify
ALT-00159,2026-06-21 19:00:00,LT-004,RES-004,RES-004,DMA-04,Reservoir_Level,3.63,m,Valid,Critical,28.7025,77.2385,Critical Reservoir_Level alert for RES-004 in DMA-04,Immediate inspection
ALT-00160,2026-06-21 20:00:00,LT-004,RES-004,RES-004,DMA-04,Reservoir_Level,3.73,m,Valid,Warning,28.7025,77.2385,Warning Reservoir_Level alert for RES-004 in DMA-04,Monitor and verify
ALT-00161,2026-06-21 21:00:00,LT-004,RES-004,RES-004,DMA-04,Reservoir_Level,4.03,m,Valid,Warning,28.7025,77.2385,Warning Reservoir_Level alert for RES-004 in DMA-04,Monitor and verify
ALT-00162,2026-06-21 21:00:00,PT-004,PIPE-004,PIPE-004,DMA-04,Pressure,23.68,mH2O,Valid,Warning,28.704,77.237,Warning Pressure alert for PIPE-004 in DMA-04,Monitor and verify
ALT-00163,2026-06-21 22:00:00,LT-004,RES-004,RES-004,DMA-04,Reservoir_Level,4.15,m,Valid,Warning,28.7025,77.2385,Warning Reservoir_Level alert for RES-004 in DMA-04,Monitor and verify
ALT-00164,2026-06-21 23:00:00,LT-004,RES-004,RES-004,DMA-04,Reservoir_Level,4.16,m,Valid,Warning,28.7025,77.2385,Warning Reservoir_Level alert for RES-004 in DMA-04,Monitor and verify
ALT-00165,2026-06-22 00:00:00,LT-004,RES-004,RES-004,DMA-04,Reservoir_Level,4.15,m,Valid,Warning,28.7025,77.2385,Warning Reservoir_Level alert for RES-004 in DMA-04,Monitor and verify
ALT-00166,2026-06-22 05:00:00,LT-004,RES-004,RES-004,DMA-04,Reservoir_Level,4.15,m,Valid,Warning,28.7025,77.2385,Warning Reservoir_Level alert for RES-004 in DMA-04,Monitor and verify
ALT-00167,2026-06-22 06:00:00,LT-004,RES-004,RES-004,DMA-04,Reservoir_Level,4.01,m,Valid,Warning,28.7025,77.2385,Warning Reservoir_Level alert for RES-004 in DMA-04,Monitor and verify
ALT-00168,2026-06-22 07:00:00,LT-004,RES-004,RES-004,DMA-04,Reservoir_Level,3.95,m,Valid,Warning,28.7025,77.2385,Warning Reservoir_Level alert for RES-004 in DMA-04,Monitor and verify
ALT-00169,2026-06-22 08:00:00,LT-004,RES-004,RES-004,DMA-04,Reservoir_Level,3.86,m,Valid,Warning,28.7025,77.2385,Warning Reservoir_Level alert for RES-004 in DMA-04,Monitor and verify
ALT-00170,2026-06-22 09:00:00,LT-004,RES-004,RES-004,DMA-04,Reservoir_Level,3.63,m,Valid,Critical,28.7025,77.2385,Critical Reservoir_Level alert for RES-004 in DMA-04,Immediate inspection
ALT-00171,2026-06-22 10:00:00,LT-004,RES-004,RES-004,DMA-04,Reservoir_Level,3.48,m,Valid,Critical,28.7025,77.2385,Critical Reservoir_Level alert for RES-004 in DMA-04,Immediate inspection
ALT-00172,2026-06-22 10:00:00,PT-004,PIPE-004,PIPE-004,DMA-04,Pressure,23.92,mH2O,Valid,Warning,28.704,77.237,Warning Pressure alert for PIPE-004 in DMA-04,Monitor and verify
ALT-00173,2026-06-22 11:00:00,LT-004,RES-004,RES-004,DMA-04,Reservoir_Level,3.41,m,Valid,Critical,28.7025,77.2385,Critical Reservoir_Level alert for RES-004 in DMA-04,Immediate inspection
ALT-00174,2026-06-22 11:00:00,PT-003,PIPE-003,PIPE-003,DMA-03,Pressure,23.63,mH2O,Valid,Warning,28.716,77.266,Warning Pressure alert for PIPE-003 in DMA-03,Monitor and verify
ALT-00175,2026-06-22 12:00:00,FT-006,FM-006,PIPE-016,DMA-06,Flow,818.11,m3/hr,Valid,Warning,28.732,77.272,Warning Flow alert for PIPE-016 in DMA-06,Monitor and verify
ALT-00176,2026-06-22 12:00:00,LT-004,RES-004,RES-004,DMA-04,Reservoir_Level,3.34,m,Valid,Critical,28.7025,77.2385,Critical Reservoir_Level alert for RES-004 in DMA-04,Immediate inspection
ALT-00177,2026-06-22 13:00:00,LT-004,RES-004,RES-004,DMA-04,Reservoir_Level,3.25,m,Valid,Critical,28.7025,77.2385,Critical Reservoir_Level alert for RES-004 in DMA-04,Immediate inspection
ALT-00178,2026-06-22 13:00:00,PT-004,PIPE-004,PIPE-004,DMA-04,Pressure,23.79,mH2O,Valid,Warning,28.704,77.237,Warning Pressure alert for PIPE-004 in DMA-04,Monitor and verify
ALT-00179,2026-06-22 14:00:00,LT-004,RES-004,RES-004,DMA-04,Reservoir_Level,3.25,m,Valid,Critical,28.7025,77.2385,Critical Reservoir_Level alert for RES-004 in DMA-04,Immediate inspection
ALT-00180,2026-06-22 15:00:00,LT-004,RES-004,RES-004,DMA-04,Reservoir_Level,3.32,m,Valid,Critical,28.7025,77.2385,Critical Reservoir_Level alert for RES-004 in DMA-04,Immediate inspection
ALT-00181,2026-06-22 16:00:00,LT-004,RES-004,RES-004,DMA-04,Reservoir_Level,3.37,m,Valid,Critical,28.7025,77.2385,Critical Reservoir_Level alert for RES-004 in DMA-04,Immediate inspection
ALT-00182,2026-06-22 17:00:00,LT-004,RES-004,RES-004,DMA-04,Reservoir_Level,3.49,m,Valid,Critical,28.7025,77.2385,Critical Reservoir_Level alert for RES-004 in DMA-04,Immediate inspection
ALT-00183,2026-06-22 18:00:00,LT-004,RES-004,RES-004,DMA-04,Reservoir_Level,3.54,m,Valid,Critical,28.7025,77.2385,Critical Reservoir_Level alert for RES-004 in DMA-04,Immediate inspection
ALT-00184,2026-06-22 19:00:00,LT-004,RES-004,RES-004,DMA-04,Reservoir_Level,3.85,m,Valid,Warning,28.7025,77.2385,Warning Reservoir_Level alert for RES-004 in DMA-04,Monitor and verify
ALT-00185,2026-06-22 20:00:00,LT-004,RES-004,RES-004,DMA-04,Reservoir_Level,3.7,m,Valid,Warning,28.7025,77.2385,Warning Reservoir_Level alert for RES-004 in DMA-04,Monitor and verify
ALT-00186,2026-06-22 20:00:00,PT-004,PIPE-004,PIPE-004,DMA-04,Pressure,23.94,mH2O,Valid,Warning,28.704,77.237,Warning Pressure alert for PIPE-004 in DMA-04,Monitor and verify
ALT-00187,2026-06-22 21:00:00,LT-004,RES-004,RES-004,DMA-04,Reservoir_Level,3.76,m,Valid,Warning,28.7025,77.2385,Warning Reservoir_Level alert for RES-004 in DMA-04,Monitor and verify
ALT-00188,2026-06-22 22:00:00,LT-004,RES-004,RES-004,DMA-04,Reservoir_Level,4.06,m,Valid,Warning,28.7025,77.2385,Warning Reservoir_Level alert for RES-004 in DMA-04,Monitor and verify
ALT-00189,2026-06-23 06:00:00,PT-004,PIPE-004,PIPE-004,DMA-04,Pressure,23.13,mH2O,Valid,Warning,28.704,77.237,Warning Pressure alert for PIPE-004 in DMA-04,Monitor and verify
ALT-00190,2026-06-23 09:00:00,PT-004,PIPE-004,PIPE-004,DMA-04,Pressure,22.74,mH2O,Valid,Warning,28.704,77.237,Warning Pressure alert for PIPE-004 in DMA-04,Monitor and verify
ALT-00191,2026-06-23 13:00:00,PT-004,PIPE-004,PIPE-004,DMA-04,Pressure,23.68,mH2O,Valid,Warning,28.704,77.237,Warning Pressure alert for PIPE-004 in DMA-04,Monitor and verify
ALT-00192,2026-06-23 18:00:00,PT-004,PIPE-004,PIPE-004,DMA-04,Pressure,23.42,mH2O,Valid,Warning,28.704,77.237,Warning Pressure alert for PIPE-004 in DMA-04,Monitor and verify
ALT-00193,2026-06-23 22:00:00,PT-004,PIPE-004,PIPE-004,DMA-04,Pressure,23.52,mH2O,Valid,Warning,28.704,77.237,Warning Pressure alert for PIPE-004 in DMA-04,Monitor and verify
ALT-00194,2026-06-24 06:00:00,PT-004,PIPE-004,PIPE-004,DMA-04,Pressure,23.86,mH2O,Valid,Warning,28.704,77.237,Warning Pressure alert for PIPE-004 in DMA-04,Monitor and verify
ALT-00195,2026-06-24 11:00:00,PMP-004,PUMP-004,PUMP-004,DMA-04,Pump_Status,0,status,Valid,Warning,28.707,77.238,Warning Pump_Status alert for PUMP-004 in DMA-04,Monitor and verify
ALT-00196,2026-06-24 20:00:00,PT-004,PIPE-004,PIPE-004,DMA-04,Pressure,23.75,mH2O,Valid,Warning,28.704,77.237,Warning Pressure alert for PIPE-004 in DMA-04,Monitor and verify
ALT-00197,2026-06-25 04:00:00,PT-004,PIPE-004,PIPE-004,DMA-04,Pressure,23.82,mH2O,Valid,Warning,28.704,77.237,Warning Pressure alert for PIPE-004 in DMA-04,Monitor and verify
ALT-00198,2026-06-25 05:00:00,PT-004,PIPE-004,PIPE-004,DMA-04,Pressure,23.73,mH2O,Valid,Warning,28.704,77.237,Warning Pressure alert for PIPE-004 in DMA-04,Monitor and verify
ALT-00199,2026-06-25 06:00:00,PT-004,PIPE-004,PIPE-004,DMA-04,Pressure,22.41,mH2O,Valid,Warning,28.704,77.237,Warning Pressure alert for PIPE-004 in DMA-04,Monitor and verify
ALT-00200,2026-06-25 11:00:00,PT-004,PIPE-004,PIPE-004,DMA-04,Pressure,23.73,mH2O,Valid,Warning,28.704,77.237,Warning Pressure alert for PIPE-004 in DMA-04,Monitor and verify
ALT-00201,2026-06-25 14:00:00,PT-004,PIPE-004,PIPE-004,DMA-04,Pressure,23.77,mH2O,Valid,Warning,28.704,77.237,Warning Pressure alert for PIPE-004 in DMA-04,Monitor and verify
ALT-00202,2026-06-25 15:00:00,PT-004,PIPE-004,PIPE-004,DMA-04,Pressure,23.51,mH2O,Valid,Warning,28.704,77.237,Warning Pressure alert for PIPE-004 in DMA-04,Monitor and verify
ALT-00203,2026-06-25 16:00:00,PT-004,PIPE-004,PIPE-004,DMA-04,Pressure,22.81,mH2O,Valid,Warning,28.704,77.237,Warning Pressure alert for PIPE-004 in DMA-04,Monitor and verify
ALT-00204,2026-06-25 22:00:00,PT-004,PIPE-004,PIPE-004,DMA-04,Pressure,23.05,mH2O,Valid,Warning,28.704,77.237,Warning Pressure alert for PIPE-004 in DMA-04,Monitor and verify
ALT-00205,2026-06-26 01:00:00,PT-004,PIPE-004,PIPE-004,DMA-04,Pressure,23.1,mH2O,Valid,Warning,28.704,77.237,Warning Pressure alert for PIPE-004 in DMA-04,Monitor and verify
ALT-00206,2026-06-26 05:00:00,PT-004,PIPE-004,PIPE-004,DMA-04,Pressure,22.37,mH2O,Valid,Warning,28.704,77.237,Warning Pressure alert for PIPE-004 in DMA-04,Monitor and verify
ALT-00207,2026-06-26 05:00:00,PMP-001,PUMP-001,PUMP-001,DMA-01,Pump_Status,0,status,Valid,Warning,28.74,77.253,Warning Pump_Status alert for PUMP-001 in DMA-01,Monitor and verify
ALT-00208,2026-06-26 06:00:00,PT-004,PIPE-004,PIPE-004,DMA-04,Pressure,23.66,mH2O,Valid,Warning,28.704,77.237,Warning Pressure alert for PIPE-004 in DMA-04,Monitor and verify
ALT-00209,2026-06-26 07:00:00,PT-004,PIPE-004,PIPE-004,DMA-04,Pressure,23.53,mH2O,Valid,Warning,28.704,77.237,Warning Pressure alert for PIPE-004 in DMA-04,Monitor and verify
ALT-00210,2026-06-26 12:00:00,PT-004,PIPE-004,PIPE-004,DMA-04,Pressure,23.96,mH2O,Valid,Warning,28.704,77.237,Warning Pressure alert for PIPE-004 in DMA-04,Monitor and verify
ALT-00211,2026-06-26 18:00:00,PT-004,PIPE-004,PIPE-004,DMA-04,Pressure,23.7,mH2O,Valid,Warning,28.704,77.237,Warning Pressure alert for PIPE-004 in DMA-04,Monitor and verify
ALT-00212,2026-06-26 21:00:00,PT-004,PIPE-004,PIPE-004,DMA-04,Pressure,23.08,mH2O,Valid,Warning,28.704,77.237,Warning Pressure alert for PIPE-004 in DMA-04,Monitor and verify
ALT-00213,2026-06-27 03:00:00,PT-004,PIPE-004,PIPE-004,DMA-04,Pressure,23.53,mH2O,Valid,Warning,28.704,77.237,Warning Pressure alert for PIPE-004 in DMA-04,Monitor and verify
ALT-00214,2026-06-27 05:00:00,PMP-004,PUMP-004,PUMP-004,DMA-04,Pump_Status,0,status,Valid,Warning,28.707,77.238,Warning Pump_Status alert for PUMP-004 in DMA-04,Monitor and verify
ALT-00215,2026-06-27 10:00:00,PT-004,PIPE-004,PIPE-004,DMA-04,Pressure,23.36,mH2O,Valid,Warning,28.704,77.237,Warning Pressure alert for PIPE-004 in DMA-04,Monitor and verify
ALT-00216,2026-06-27 11:00:00,PT-004,PIPE-004,PIPE-004,DMA-04,Pressure,23.36,mH2O,Valid,Warning,28.704,77.237,Warning Pressure alert for PIPE-004 in DMA-04,Monitor and verify
ALT-00217,2026-06-27 13:00:00,PT-004,PIPE-004,PIPE-004,DMA-04,Pressure,23.48,mH2O,Valid,Warning,28.704,77.237,Warning Pressure alert for PIPE-004 in DMA-04,Monitor and verify
ALT-00218,2026-06-27 16:00:00,PT-004,PIPE-004,PIPE-004,DMA-04,Pressure,23.09,mH2O,Valid,Warning,28.704,77.237,Warning Pressure alert for PIPE-004 in DMA-04,Monitor and verify
ALT-00219,2026-06-27 21:00:00,PT-004,PIPE-004,PIPE-004,DMA-04,Pressure,23.93,mH2O,Valid,Warning,28.704,77.237,Warning Pressure alert for PIPE-004 in DMA-04,Monitor and verify
ALT-00220,2026-06-27 22:00:00,PT-004,PIPE-004,PIPE-004,DMA-04,Pressure,23.55,mH2O,Valid,Warning,28.704,77.237,Warning Pressure alert for PIPE-004 in DMA-04,Monitor and verify
ALT-00221,2026-06-27 23:00:00,PT-004,PIPE-004,PIPE-004,DMA-04,Pressure,23.51,mH2O,Valid,Warning,28.704,77.237,Warning Pressure alert for PIPE-004 in DMA-04,Monitor and verify
ALT-00222,2026-06-28 03:00:00,PT-004,PIPE-004,PIPE-004,DMA-04,Pressure,23.9,mH2O,Valid,Warning,28.704,77.237,Warning Pressure alert for PIPE-004 in DMA-04,Monitor and verify
ALT-00223,2026-06-28 08:00:00,PT-004,PIPE-004,PIPE-004,DMA-04,Pressure,23.94,mH2O,Valid,Warning,28.704,77.237,Warning Pressure alert for PIPE-004 in DMA-04,Monitor and verify
ALT-00224,2026-06-28 18:00:00,PT-004,PIPE-004,PIPE-004,DMA-04,Pressure,23.28,mH2O,Valid,Warning,28.704,77.237,Warning Pressure alert for PIPE-004 in DMA-04,Monitor and verify
ALT-00225,2026-06-28 23:00:00,PT-004,PIPE-004,PIPE-004,DMA-04,Pressure,23.89,mH2O,Valid,Warning,28.704,77.237,Warning Pressure alert for PIPE-004 in DMA-04,Monitor and verify
ALT-00226,2026-06-29 06:00:00,PT-004,PIPE-004,PIPE-004,DMA-04,Pressure,23.07,mH2O,Valid,Warning,28.704,77.237,Warning Pressure alert for PIPE-004 in DMA-04,Monitor and verify
ALT-00227,2026-06-29 07:00:00,PT-004,PIPE-004,PIPE-004,DMA-04,Pressure,23.99,mH2O,Valid,Warning,28.704,77.237,Warning Pressure alert for PIPE-004 in DMA-04,Monitor and verify
ALT-00228,2026-06-29 10:00:00,PT-004,PIPE-004,PIPE-004,DMA-04,Pressure,22.26,mH2O,Valid,Warning,28.704,77.237,Warning Pressure alert for PIPE-004 in DMA-04,Monitor and verify
ALT-00229,2026-06-29 13:00:00,PT-004,PIPE-004,PIPE-004,DMA-04,Pressure,22.8,mH2O,Valid,Warning,28.704,77.237,Warning Pressure alert for PIPE-004 in DMA-04,Monitor and verify
ALT-00230,2026-06-29 16:00:00,PT-004,PIPE-004,PIPE-004,DMA-04,Pressure,23.64,mH2O,Valid,Warning,28.704,77.237,Warning Pressure alert for PIPE-004 in DMA-04,Monitor and verify
ALT-00231,2026-06-29 18:00:00,PT-004,PIPE-004,PIPE-004,DMA-04,Pressure,23.78,mH2O,Valid,Warning,28.704,77.237,Warning Pressure alert for PIPE-004 in DMA-04,Monitor and verify
ALT-00232,2026-06-30 02:00:00,PT-004,PIPE-004,PIPE-004,DMA-04,Pressure,22.55,mH2O,Valid,Warning,28.704,77.237,Warning Pressure alert for PIPE-004 in DMA-04,Monitor and verify
ALT-00233,2026-06-30 04:00:00,PT-004,PIPE-004,PIPE-004,DMA-04,Pressure,22.15,mH2O,Valid,Warning,28.704,77.237,Warning Pressure alert for PIPE-004 in DMA-04,Monitor and verify
ALT-00234,2026-06-30 09:00:00,PT-003,PIPE-003,PIPE-003,DMA-03,Pressure,23.08,mH2O,Valid,Warning,28.716,77.266,Warning Pressure alert for PIPE-003 in DMA-03,Monitor and verify
ALT-00235,2026-06-30 18:00:00,PMP-006,PUMP-006,PUMP-006,DMA-06,Pump_Status,0,status,Valid,Warning,28.733,77.275,Warning Pump_Status alert for PUMP-006 in DMA-06,Monitor and verify
ALT-00236,2026-06-30 19:00:00,PT-004,PIPE-004,PIPE-004,DMA-04,Pressure,23.37,mH2O,Valid,Warning,28.704,77.237,Warning Pressure alert for PIPE-004 in DMA-04,Monitor and verify
ALT-00237,2026-07-01 09:00:00,PT-004,PIPE-004,PIPE-004,DMA-04,Pressure,22.39,mH2O,Valid,Warning,28.704,77.237,Warning Pressure alert for PIPE-004 in DMA-04,Monitor and verify
ALT-00238,2026-07-01 12:00:00,PT-003,PIPE-003,PIPE-003,DMA-03,Pressure,23.87,mH2O,Valid,Warning,28.716,77.266,Warning Pressure alert for PIPE-003 in DMA-03,Monitor and verify
ALT-00239,2026-07-01 15:00:00,PT-004,PIPE-004,PIPE-004,DMA-04,Pressure,23.55,mH2O,Valid,Warning,28.704,77.237,Warning Pressure alert for PIPE-004 in DMA-04,Monitor and verify
ALT-00240,2026-07-02 07:00:00,PMP-003,PUMP-003,PUMP-003,DMA-03,Pump_Status,0,status,Valid,Warning,28.719,77.267,Warning Pump_Status alert for PUMP-003 in DMA-03,Monitor and verify
ALT-00241,2026-07-02 12:00:00,PT-004,PIPE-004,PIPE-004,DMA-04,Pressure,23.4,mH2O,Valid,Warning,28.704,77.237,Warning Pressure alert for PIPE-004 in DMA-04,Monitor and verify
ALT-00242,2026-07-03 07:00:00,PT-004,PIPE-004,PIPE-004,DMA-04,Pressure,23.6,mH2O,Valid,Warning,28.704,77.237,Warning Pressure alert for PIPE-004 in DMA-04,Monitor and verify
ALT-00243,2026-07-03 08:00:00,PT-004,PIPE-004,PIPE-004,DMA-04,Pressure,22.38,mH2O,Valid,Warning,28.704,77.237,Warning Pressure alert for PIPE-004 in DMA-04,Monitor and verify
ALT-00244,2026-07-03 13:00:00,PT-004,PIPE-004,PIPE-004,DMA-04,Pressure,23.04,mH2O,Valid,Warning,28.704,77.237,Warning Pressure alert for PIPE-004 in DMA-04,Monitor and verify
ALT-00245,2026-07-03 14:00:00,PT-004,PIPE-004,PIPE-004,DMA-04,Pressure,23.78,mH2O,Valid,Warning,28.704,77.237,Warning Pressure alert for PIPE-004 in DMA-04,Monitor and verify
ALT-00246,2026-07-03 18:00:00,PT-004,PIPE-004,PIPE-004,DMA-04,Pressure,23.94,mH2O,Valid,Warning,28.704,77.237,Warning Pressure alert for PIPE-004 in DMA-04,Monitor and verify
ALT-00247,2026-07-03 19:00:00,PT-004,PIPE-004,PIPE-004,DMA-04,Pressure,23.53,mH2O,Valid,Warning,28.704,77.237,Warning Pressure alert for PIPE-004 in DMA-04,Monitor and verify
ALT-00248,2026-07-04 10:00:00,PT-004,PIPE-004,PIPE-004,DMA-04,Pressure,23.82,mH2O,Valid,Warning,28.704,77.237,Warning Pressure alert for PIPE-004 in DMA-04,Monitor and verify
ALT-00249,2026-07-04 13:00:00,PT-004,PIPE-004,PIPE-004,DMA-04,Pressure,22.02,mH2O,Valid,Warning,28.704,77.237,Warning Pressure alert for PIPE-004 in DMA-04,Monitor and verify
ALT-00250,2026-07-04 23:00:00,PT-004,PIPE-004,PIPE-004,DMA-04,Pressure,23.57,mH2O,Valid,Warning,28.704,77.237,Warning Pressure alert for PIPE-004 in DMA-04,Monitor and verify
ALT-00251,2026-07-05 05:00:00,PT-004,PIPE-004,PIPE-004,DMA-04,Pressure,23.63,mH2O,Valid,Warning,28.704,77.237,Warning Pressure alert for PIPE-004 in DMA-04,Monitor and verify
ALT-00252,2026-07-05 06:00:00,PT-004,PIPE-004,PIPE-004,DMA-04,Pressure,23.79,mH2O,Valid,Warning,28.704,77.237,Warning Pressure alert for PIPE-004 in DMA-04,Monitor and verify
ALT-00253,2026-07-05 07:00:00,PT-004,PIPE-004,PIPE-004,DMA-04,Pressure,23.95,mH2O,Valid,Warning,28.704,77.237,Warning Pressure alert for PIPE-004 in DMA-04,Monitor and verify
ALT-00254,2026-07-05 16:00:00,PT-004,PIPE-004,PIPE-004,DMA-04,Pressure,23.82,mH2O,Valid,Warning,28.704,77.237,Warning Pressure alert for PIPE-004 in DMA-04,Monitor and verify
ALT-00255,2026-07-05 21:00:00,PT-004,PIPE-004,PIPE-004,DMA-04,Pressure,23.75,mH2O,Valid,Warning,28.704,77.237,Warning Pressure alert for PIPE-004 in DMA-04,Monitor and verify
ALT-00256,2026-07-05 22:00:00,PT-004,PIPE-004,PIPE-004,DMA-04,Pressure,23.92,mH2O,Valid,Warning,28.704,77.237,Warning Pressure alert for PIPE-004 in DMA-04,Monitor and verify
ALT-00257,2026-07-06 00:00:00,PT-004,PIPE-004,PIPE-004,DMA-04,Pressure,23.96,mH2O,Valid,Warning,28.704,77.237,Warning Pressure alert for PIPE-004 in DMA-04,Monitor and verify
ALT-00258,2026-07-06 05:00:00,PT-004,PIPE-004,PIPE-004,DMA-04,Pressure,22.11,mH2O,Valid,Warning,28.704,77.237,Warning Pressure alert for PIPE-004 in DMA-04,Monitor and verify
ALT-00259,2026-07-06 10:00:00,PT-003,PIPE-003,PIPE-003,DMA-03,Pressure,23.23,mH2O,Valid,Warning,28.716,77.266,Warning Pressure alert for PIPE-003 in DMA-03,Monitor and verify
ALT-00260,2026-07-06 23:00:00,PT-004,PIPE-004,PIPE-004,DMA-04,Pressure,23.17,mH2O,Valid,Warning,28.704,77.237,Warning Pressure alert for PIPE-004 in DMA-04,Monitor and verify
ALT-00261,2026-07-07 06:00:00,PT-004,PIPE-004,PIPE-004,DMA-04,Pressure,22.05,mH2O,Valid,Warning,28.704,77.237,Warning Pressure alert for PIPE-004 in DMA-04,Monitor and verify
ALT-00262,2026-07-07 13:00:00,PT-004,PIPE-004,PIPE-004,DMA-04,Pressure,23.45,mH2O,Valid,Warning,28.704,77.237,Warning Pressure alert for PIPE-004 in DMA-04,Monitor and verify
ALT-00263,2026-07-07 14:00:00,PT-003,PIPE-003,PIPE-003,DMA-03,Pressure,23.96,mH2O,Valid,Warning,28.716,77.266,Warning Pressure alert for PIPE-003 in DMA-03,Monitor and verify
ALT-00264,2026-07-07 16:00:00,PT-004,PIPE-004,PIPE-004,DMA-04,Pressure,23.34,mH2O,Valid,Warning,28.704,77.237,Warning Pressure alert for PIPE-004 in DMA-04,Monitor and verify
ALT-00265,2026-07-08 11:00:00,PT-004,PIPE-004,PIPE-004,DMA-04,Pressure,23.95,mH2O,Valid,Warning,28.704,77.237,Warning Pressure alert for PIPE-004 in DMA-04,Monitor and verify
ALT-00266,2026-07-08 14:00:00,PT-004,PIPE-004,PIPE-004,DMA-04,Pressure,21.47,mH2O,Valid,Warning,28.704,77.237,Warning Pressure alert for PIPE-004 in DMA-04,Monitor and verify
ALT-00267,2026-07-08 15:00:00,PT-004,PIPE-004,PIPE-004,DMA-04,Pressure,23.35,mH2O,Valid,Warning,28.704,77.237,Warning Pressure alert for PIPE-004 in DMA-04,Monitor and verify
ALT-00268,2026-07-08 22:00:00,PT-004,PIPE-004,PIPE-004,DMA-04,Pressure,23.91,mH2O,Valid,Warning,28.704,77.237,Warning Pressure alert for PIPE-004 in DMA-04,Monitor and verify
ALT-00269,2026-07-09 03:00:00,PT-004,PIPE-004,PIPE-004,DMA-04,Pressure,22.12,mH2O,Valid,Warning,28.704,77.237,Warning Pressure alert for PIPE-004 in DMA-04,Monitor and verify
ALT-00270,2026-07-09 13:00:00,PT-004,PIPE-004,PIPE-004,DMA-04,Pressure,23.99,mH2O,Valid,Warning,28.704,77.237,Warning Pressure alert for PIPE-004 in DMA-04,Monitor and verify
ALT-00271,2026-07-09 16:00:00,PT-004,PIPE-004,PIPE-004,DMA-04,Pressure,23.93,mH2O,Valid,Warning,28.704,77.237,Warning Pressure alert for PIPE-004 in DMA-04,Monitor and verify
ALT-00272,2026-07-09 17:00:00,PT-004,PIPE-004,PIPE-004,DMA-04,Pressure,22.51,mH2O,Valid,Warning,28.704,77.237,Warning Pressure alert for PIPE-004 in DMA-04,Monitor and verify
ALT-00273,2026-07-09 21:00:00,PT-004,PIPE-004,PIPE-004,DMA-04,Pressure,23.38,mH2O,Valid,Warning,28.704,77.237,Warning Pressure alert for PIPE-004 in DMA-04,Monitor and verify
ALT-00274,2026-07-09 22:00:00,PT-004,PIPE-004,PIPE-004,DMA-04,Pressure,23.66,mH2O,Valid,Warning,28.704,77.237,Warning Pressure alert for PIPE-004 in DMA-04,Monitor and verify
ALT-00275,2026-07-10 03:00:00,PT-004,PIPE-004,PIPE-004,DMA-04,Pressure,23.59,mH2O,Valid,Warning,28.704,77.237,Warning Pressure alert for PIPE-004 in DMA-04,Monitor and verify
ALT-00276,2026-07-10 04:00:00,PT-004,PIPE-004,PIPE-004,DMA-04,Pressure,23.09,mH2O,Valid,Warning,28.704,77.237,Warning Pressure alert for PIPE-004 in DMA-04,Monitor and verify
ALT-00277,2026-07-10 13:00:00,PT-004,PIPE-004,PIPE-004,DMA-04,Pressure,23.74,mH2O,Valid,Warning,28.704,77.237,Warning Pressure alert for PIPE-004 in DMA-04,Monitor and verify
ALT-00278,2026-07-10 18:00:00,PT-004,PIPE-004,PIPE-004,DMA-04,Pressure,23.76,mH2O,Valid,Warning,28.704,77.237,Warning Pressure alert for PIPE-004 in DMA-04,Monitor and verify
ALT-00279,2026-07-11 12:00:00,PT-004,PIPE-004,PIPE-004,DMA-04,Pressure,23.61,mH2O,Valid,Warning,28.704,77.237,Warning Pressure alert for PIPE-004 in DMA-04,Monitor and verify
ALT-00280,2026-07-11 22:00:00,PT-004,PIPE-004,PIPE-004,DMA-04,Pressure,23.48,mH2O,Valid,Warning,28.704,77.237,Warning Pressure alert for PIPE-004 in DMA-04,Monitor and verify
ALT-00281,2026-07-12 00:00:00,PT-004,PIPE-004,PIPE-004,DMA-04,Pressure,23.9,mH2O,Valid,Warning,28.704,77.237,Warning Pressure alert for PIPE-004 in DMA-04,Monitor and verify
ALT-00282,2026-07-12 02:00:00,FT-003,FM-003,PIPE-013,DMA-03,Flow,979.53,m3/hr,Valid,Warning,28.718,77.264,Warning Flow alert for PIPE-013 in DMA-03,Monitor and verify
ALT-00283,2026-07-12 02:00:00,PT-004,PIPE-004,PIPE-004,DMA-04,Pressure,22.88,mH2O,Valid,Warning,28.704,77.237,Warning Pressure alert for PIPE-004 in DMA-04,Monitor and verify
ALT-00284,2026-07-12 02:00:00,PT-003,PIPE-003,PIPE-003,DMA-03,Pressure,17.9,mH2O,Valid,Critical,28.716,77.266,Critical Pressure alert for PIPE-003 in DMA-03,Immediate inspection
ALT-00285,2026-07-12 03:00:00,FT-003,FM-003,PIPE-013,DMA-03,Flow,972.02,m3/hr,Valid,Warning,28.718,77.264,Warning Flow alert for PIPE-013 in DMA-03,Monitor and verify
ALT-00286,2026-07-12 03:00:00,PT-003,PIPE-003,PIPE-003,DMA-03,Pressure,17.1,mH2O,Valid,Critical,28.716,77.266,Critical Pressure alert for PIPE-003 in DMA-03,Immediate inspection
ALT-00287,2026-07-12 04:00:00,PT-003,PIPE-003,PIPE-003,DMA-03,Pressure,17.26,mH2O,Valid,Critical,28.716,77.266,Critical Pressure alert for PIPE-003 in DMA-03,Immediate inspection
ALT-00288,2026-07-12 05:00:00,PT-003,PIPE-003,PIPE-003,DMA-03,Pressure,19.27,mH2O,Valid,Critical,28.716,77.266,Critical Pressure alert for PIPE-003 in DMA-03,Immediate inspection
ALT-00289,2026-07-12 05:00:00,PT-004,PIPE-004,PIPE-004,DMA-04,Pressure,23.51,mH2O,Valid,Warning,28.704,77.237,Warning Pressure alert for PIPE-004 in DMA-04,Monitor and verify
ALT-00290,2026-07-12 06:00:00,PT-003,PIPE-003,PIPE-003,DMA-03,Pressure,17.59,mH2O,Valid,Critical,28.716,77.266,Critical Pressure alert for PIPE-003 in DMA-03,Immediate inspection
ALT-00291,2026-07-12 06:00:00,PT-004,PIPE-004,PIPE-004,DMA-04,Pressure,23.75,mH2O,Valid,Warning,28.704,77.237,Warning Pressure alert for PIPE-004 in DMA-04,Monitor and verify
ALT-00292,2026-07-12 07:00:00,PT-003,PIPE-003,PIPE-003,DMA-03,Pressure,19.67,mH2O,Valid,Critical,28.716,77.266,Critical Pressure alert for PIPE-003 in DMA-03,Immediate inspection
ALT-00293,2026-07-12 08:00:00,PT-003,PIPE-003,PIPE-003,DMA-03,Pressure,18.23,mH2O,Valid,Critical,28.716,77.266,Critical Pressure alert for PIPE-003 in DMA-03,Immediate inspection
ALT-00294,2026-07-12 09:00:00,PT-003,PIPE-003,PIPE-003,DMA-03,Pressure,17.56,mH2O,Valid,Critical,28.716,77.266,Critical Pressure alert for PIPE-003 in DMA-03,Immediate inspection
ALT-00295,2026-07-12 10:00:00,PT-004,PIPE-004,PIPE-004,DMA-04,Pressure,23.47,mH2O,Valid,Warning,28.704,77.237,Warning Pressure alert for PIPE-004 in DMA-04,Monitor and verify
ALT-00296,2026-07-12 10:00:00,PT-003,PIPE-003,PIPE-003,DMA-03,Pressure,18.91,mH2O,Valid,Critical,28.716,77.266,Critical Pressure alert for PIPE-003 in DMA-03,Immediate inspection
ALT-00297,2026-07-12 11:00:00,PT-003,PIPE-003,PIPE-003,DMA-03,Pressure,18.52,mH2O,Valid,Critical,28.716,77.266,Critical Pressure alert for PIPE-003 in DMA-03,Immediate inspection
ALT-00298,2026-07-12 12:00:00,PT-003,PIPE-003,PIPE-003,DMA-03,Pressure,19.79,mH2O,Valid,Critical,28.716,77.266,Critical Pressure alert for PIPE-003 in DMA-03,Immediate inspection
ALT-00299,2026-07-12 13:00:00,PT-003,PIPE-003,PIPE-003,DMA-03,Pressure,18.16,mH2O,Valid,Critical,28.716,77.266,Critical Pressure alert for PIPE-003 in DMA-03,Immediate inspection
ALT-00300,2026-07-12 14:00:00,PT-003,PIPE-003,PIPE-003,DMA-03,Pressure,21.22,mH2O,Valid,Warning,28.716,77.266,Warning Pressure alert for PIPE-003 in DMA-03,Monitor and verify
ALT-00301,2026-07-12 15:00:00,PT-003,PIPE-003,PIPE-003,DMA-03,Pressure,19.9,mH2O,Valid,Critical,28.716,77.266,Critical Pressure alert for PIPE-003 in DMA-03,Immediate inspection
ALT-00302,2026-07-12 16:00:00,PT-003,PIPE-003,PIPE-003,DMA-03,Pressure,20.59,mH2O,Valid,Warning,28.716,77.266,Warning Pressure alert for PIPE-003 in DMA-03,Monitor and verify
ALT-00303,2026-07-12 17:00:00,PT-003,PIPE-003,PIPE-003,DMA-03,Pressure,21.09,mH2O,Valid,Warning,28.716,77.266,Warning Pressure alert for PIPE-003 in DMA-03,Monitor and verify
ALT-00304,2026-07-12 18:00:00,PT-003,PIPE-003,PIPE-003,DMA-03,Pressure,21.41,mH2O,Valid,Warning,28.716,77.266,Warning Pressure alert for PIPE-003 in DMA-03,Monitor and verify
ALT-00305,2026-07-12 19:00:00,PT-003,PIPE-003,PIPE-003,DMA-03,Pressure,21.71,mH2O,Valid,Warning,28.716,77.266,Warning Pressure alert for PIPE-003 in DMA-03,Monitor and verify
ALT-00306,2026-07-12 20:00:00,PT-003,PIPE-003,PIPE-003,DMA-03,Pressure,20.23,mH2O,Valid,Warning,28.716,77.266,Warning Pressure alert for PIPE-003 in DMA-03,Monitor and verify
ALT-00307,2026-07-12 21:00:00,PT-003,PIPE-003,PIPE-003,DMA-03,Pressure,20.89,mH2O,Valid,Warning,28.716,77.266,Warning Pressure alert for PIPE-003 in DMA-03,Monitor and verify
ALT-00308,2026-07-12 22:00:00,PT-003,PIPE-003,PIPE-003,DMA-03,Pressure,20.94,mH2O,Valid,Warning,28.716,77.266,Warning Pressure alert for PIPE-003 in DMA-03,Monitor and verify
ALT-00309,2026-07-12 23:00:00,PT-003,PIPE-003,PIPE-003,DMA-03,Pressure,19.94,mH2O,Valid,Critical,28.716,77.266,Critical Pressure alert for PIPE-003 in DMA-03,Immediate inspection
ALT-00310,2026-07-13 00:00:00,FT-003,FM-003,PIPE-013,DMA-03,Flow,950.09,m3/hr,Valid,Warning,28.718,77.264,Warning Flow alert for PIPE-013 in DMA-03,Monitor and verify
ALT-00311,2026-07-13 00:00:00,PT-003,PIPE-003,PIPE-003,DMA-03,Pressure,20.39,mH2O,Valid,Warning,28.716,77.266,Warning Pressure alert for PIPE-003 in DMA-03,Monitor and verify
ALT-00312,2026-07-13 01:00:00,FT-003,FM-003,PIPE-013,DMA-03,Flow,986.92,m3/hr,Valid,Warning,28.718,77.264,Warning Flow alert for PIPE-013 in DMA-03,Monitor and verify
ALT-00313,2026-07-13 01:00:00,PT-003,PIPE-003,PIPE-003,DMA-03,Pressure,18.34,mH2O,Valid,Critical,28.716,77.266,Critical Pressure alert for PIPE-003 in DMA-03,Immediate inspection
ALT-00314,2026-07-13 02:00:00,PT-003,PIPE-003,PIPE-003,DMA-03,Pressure,19.22,mH2O,Valid,Critical,28.716,77.266,Critical Pressure alert for PIPE-003 in DMA-03,Immediate inspection
ALT-00315,2026-07-13 03:00:00,PT-003,PIPE-003,PIPE-003,DMA-03,Pressure,18.24,mH2O,Valid,Critical,28.716,77.266,Critical Pressure alert for PIPE-003 in DMA-03,Immediate inspection
ALT-00316,2026-07-13 03:00:00,FT-003,FM-003,PIPE-013,DMA-03,Flow,981.15,m3/hr,Valid,Warning,28.718,77.264,Warning Flow alert for PIPE-013 in DMA-03,Monitor and verify
ALT-00317,2026-07-13 04:00:00,FT-003,FM-003,PIPE-013,DMA-03,Flow,999.7,m3/hr,Valid,Warning,28.718,77.264,Warning Flow alert for PIPE-013 in DMA-03,Monitor and verify
ALT-00318,2026-07-13 04:00:00,PT-003,PIPE-003,PIPE-003,DMA-03,Pressure,16.87,mH2O,Valid,Critical,28.716,77.266,Critical Pressure alert for PIPE-003 in DMA-03,Immediate inspection
ALT-00319,2026-07-13 05:00:00,PT-003,PIPE-003,PIPE-003,DMA-03,Pressure,19.21,mH2O,Valid,Critical,28.716,77.266,Critical Pressure alert for PIPE-003 in DMA-03,Immediate inspection
ALT-00320,2026-07-13 06:00:00,PT-003,PIPE-003,PIPE-003,DMA-03,Pressure,16.92,mH2O,Valid,Critical,28.716,77.266,Critical Pressure alert for PIPE-003 in DMA-03,Immediate inspection
ALT-00321,2026-07-13 06:00:00,PT-004,PIPE-004,PIPE-004,DMA-04,Pressure,23.55,mH2O,Valid,Warning,28.704,77.237,Warning Pressure alert for PIPE-004 in DMA-04,Monitor and verify
ALT-00322,2026-07-13 07:00:00,PT-003,PIPE-003,PIPE-003,DMA-03,Pressure,18.48,mH2O,Valid,Critical,28.716,77.266,Critical Pressure alert for PIPE-003 in DMA-03,Immediate inspection
ALT-00323,2026-07-13 08:00:00,PT-003,PIPE-003,PIPE-003,DMA-03,Pressure,20.03,mH2O,Valid,Warning,28.716,77.266,Warning Pressure alert for PIPE-003 in DMA-03,Monitor and verify
ALT-00324,2026-07-13 09:00:00,PT-003,PIPE-003,PIPE-003,DMA-03,Pressure,18.03,mH2O,Valid,Critical,28.716,77.266,Critical Pressure alert for PIPE-003 in DMA-03,Immediate inspection
ALT-00325,2026-07-13 09:00:00,PT-004,PIPE-004,PIPE-004,DMA-04,Pressure,23.31,mH2O,Valid,Warning,28.704,77.237,Warning Pressure alert for PIPE-004 in DMA-04,Monitor and verify
ALT-00326,2026-07-13 10:00:00,PT-004,PIPE-004,PIPE-004,DMA-04,Pressure,22.84,mH2O,Valid,Warning,28.704,77.237,Warning Pressure alert for PIPE-004 in DMA-04,Monitor and verify
ALT-00327,2026-07-13 10:00:00,PT-003,PIPE-003,PIPE-003,DMA-03,Pressure,19.35,mH2O,Valid,Critical,28.716,77.266,Critical Pressure alert for PIPE-003 in DMA-03,Immediate inspection
ALT-00328,2026-07-13 11:00:00,PT-003,PIPE-003,PIPE-003,DMA-03,Pressure,19.01,mH2O,Valid,Critical,28.716,77.266,Critical Pressure alert for PIPE-003 in DMA-03,Immediate inspection
ALT-00329,2026-07-13 11:00:00,PT-004,PIPE-004,PIPE-004,DMA-04,Pressure,23.2,mH2O,Valid,Warning,28.704,77.237,Warning Pressure alert for PIPE-004 in DMA-04,Monitor and verify
ALT-00330,2026-07-13 12:00:00,PT-003,PIPE-003,PIPE-003,DMA-03,Pressure,18.0,mH2O,Valid,Critical,28.716,77.266,Critical Pressure alert for PIPE-003 in DMA-03,Immediate inspection
ALT-00331,2026-07-13 13:00:00,PT-003,PIPE-003,PIPE-003,DMA-03,Pressure,19.89,mH2O,Valid,Critical,28.716,77.266,Critical Pressure alert for PIPE-003 in DMA-03,Immediate inspection
ALT-00332,2026-07-13 14:00:00,PT-003,PIPE-003,PIPE-003,DMA-03,Pressure,20.04,mH2O,Valid,Warning,28.716,77.266,Warning Pressure alert for PIPE-003 in DMA-03,Monitor and verify
ALT-00333,2026-07-13 15:00:00,PT-003,PIPE-003,PIPE-003,DMA-03,Pressure,22.04,mH2O,Valid,Warning,28.716,77.266,Warning Pressure alert for PIPE-003 in DMA-03,Monitor and verify
ALT-00334,2026-07-13 16:00:00,PT-003,PIPE-003,PIPE-003,DMA-03,Pressure,21.55,mH2O,Valid,Warning,28.716,77.266,Warning Pressure alert for PIPE-003 in DMA-03,Monitor and verify
ALT-00335,2026-07-13 17:00:00,PT-003,PIPE-003,PIPE-003,DMA-03,Pressure,20.63,mH2O,Valid,Warning,28.716,77.266,Warning Pressure alert for PIPE-003 in DMA-03,Monitor and verify
ALT-00336,2026-07-13 18:00:00,PT-003,PIPE-003,PIPE-003,DMA-03,Pressure,19.79,mH2O,Valid,Critical,28.716,77.266,Critical Pressure alert for PIPE-003 in DMA-03,Immediate inspection
ALT-00337,2026-07-13 19:00:00,PT-003,PIPE-003,PIPE-003,DMA-03,Pressure,20.7,mH2O,Valid,Warning,28.716,77.266,Warning Pressure alert for PIPE-003 in DMA-03,Monitor and verify
ALT-00338,2026-07-13 20:00:00,PT-003,PIPE-003,PIPE-003,DMA-03,Pressure,20.09,mH2O,Valid,Warning,28.716,77.266,Warning Pressure alert for PIPE-003 in DMA-03,Monitor and verify
ALT-00339,2026-07-13 21:00:00,PT-003,PIPE-003,PIPE-003,DMA-03,Pressure,20.57,mH2O,Valid,Warning,28.716,77.266,Warning Pressure alert for PIPE-003 in DMA-03,Monitor and verify
ALT-00340,2026-07-13 22:00:00,PT-003,PIPE-003,PIPE-003,DMA-03,Pressure,20.47,mH2O,Valid,Warning,28.716,77.266,Warning Pressure alert for PIPE-003 in DMA-03,Monitor and verify
ALT-00341,2026-07-13 23:00:00,PT-003,PIPE-003,PIPE-003,DMA-03,Pressure,18.87,mH2O,Valid,Critical,28.716,77.266,Critical Pressure alert for PIPE-003 in DMA-03,Immediate inspection
ALT-00342,2026-07-14 00:00:00,FT-003,FM-003,PIPE-013,DMA-03,Flow,951.41,m3/hr,Valid,Warning,28.718,77.264,Warning Flow alert for PIPE-013 in DMA-03,Monitor and verify
ALT-00343,2026-07-14 00:00:00,PT-003,PIPE-003,PIPE-003,DMA-03,Pressure,21.0,mH2O,Valid,Warning,28.716,77.266,Warning Pressure alert for PIPE-003 in DMA-03,Monitor and verify
ALT-00344,2026-07-14 01:00:00,PT-003,PIPE-003,PIPE-003,DMA-03,Pressure,19.21,mH2O,Valid,Critical,28.716,77.266,Critical Pressure alert for PIPE-003 in DMA-03,Immediate inspection
ALT-00345,2026-07-14 02:00:00,PT-003,PIPE-003,PIPE-003,DMA-03,Pressure,18.22,mH2O,Valid,Critical,28.716,77.266,Critical Pressure alert for PIPE-003 in DMA-03,Immediate inspection
ALT-00346,2026-07-14 03:00:00,PT-003,PIPE-003,PIPE-003,DMA-03,Pressure,16.97,mH2O,Valid,Critical,28.716,77.266,Critical Pressure alert for PIPE-003 in DMA-03,Immediate inspection
ALT-00347,2026-07-14 03:00:00,FT-003,FM-003,PIPE-013,DMA-03,Flow,992.18,m3/hr,Valid,Warning,28.718,77.264,Warning Flow alert for PIPE-013 in DMA-03,Monitor and verify
ALT-00348,2026-07-14 03:00:00,PT-004,PIPE-004,PIPE-004,DMA-04,Pressure,23.72,mH2O,Valid,Warning,28.704,77.237,Warning Pressure alert for PIPE-004 in DMA-04,Monitor and verify
ALT-00349,2026-07-14 04:00:00,PT-003,PIPE-003,PIPE-003,DMA-03,Pressure,18.75,mH2O,Valid,Critical,28.716,77.266,Critical Pressure alert for PIPE-003 in DMA-03,Immediate inspection
ALT-00350,2026-07-14 04:00:00,FT-003,FM-003,PIPE-013,DMA-03,Flow,948.02,m3/hr,Valid,Warning,28.718,77.264,Warning Flow alert for PIPE-013 in DMA-03,Monitor and verify
ALT-00351,2026-07-14 05:00:00,PT-003,PIPE-003,PIPE-003,DMA-03,Pressure,18.84,mH2O,Valid,Critical,28.716,77.266,Critical Pressure alert for PIPE-003 in DMA-03,Immediate inspection
ALT-00352,2026-07-14 06:00:00,PT-003,PIPE-003,PIPE-003,DMA-03,Pressure,18.32,mH2O,Valid,Critical,28.716,77.266,Critical Pressure alert for PIPE-003 in DMA-03,Immediate inspection
ALT-00353,2026-07-14 07:00:00,PT-004,PIPE-004,PIPE-004,DMA-04,Pressure,23.65,mH2O,Valid,Warning,28.704,77.237,Warning Pressure alert for PIPE-004 in DMA-04,Monitor and verify
ALT-00354,2026-07-14 07:00:00,PT-003,PIPE-003,PIPE-003,DMA-03,Pressure,18.12,mH2O,Valid,Critical,28.716,77.266,Critical Pressure alert for PIPE-003 in DMA-03,Immediate inspection
ALT-00355,2026-07-14 08:00:00,PT-003,PIPE-003,PIPE-003,DMA-03,Pressure,18.85,mH2O,Valid,Critical,28.716,77.266,Critical Pressure alert for PIPE-003 in DMA-03,Immediate inspection
ALT-00356,2026-07-14 09:00:00,PT-003,PIPE-003,PIPE-003,DMA-03,Pressure,18.22,mH2O,Valid,Critical,28.716,77.266,Critical Pressure alert for PIPE-003 in DMA-03,Immediate inspection
ALT-00357,2026-07-14 10:00:00,PT-003,PIPE-003,PIPE-003,DMA-03,Pressure,18.96,mH2O,Valid,Critical,28.716,77.266,Critical Pressure alert for PIPE-003 in DMA-03,Immediate inspection
ALT-00358,2026-07-14 10:00:00,PT-004,PIPE-004,PIPE-004,DMA-04,Pressure,22.15,mH2O,Valid,Warning,28.704,77.237,Warning Pressure alert for PIPE-004 in DMA-04,Monitor and verify
ALT-00359,2026-07-14 11:00:00,PT-003,PIPE-003,PIPE-003,DMA-03,Pressure,18.18,mH2O,Valid,Critical,28.716,77.266,Critical Pressure alert for PIPE-003 in DMA-03,Immediate inspection
ALT-00360,2026-07-14 12:00:00,PT-003,PIPE-003,PIPE-003,DMA-03,Pressure,18.37,mH2O,Valid,Critical,28.716,77.266,Critical Pressure alert for PIPE-003 in DMA-03,Immediate inspection
ALT-00361,2026-07-14 13:00:00,PT-003,PIPE-003,PIPE-003,DMA-03,Pressure,18.18,mH2O,Valid,Critical,28.716,77.266,Critical Pressure alert for PIPE-003 in DMA-03,Immediate inspection
ALT-00362,2026-07-14 14:00:00,PT-003,PIPE-003,PIPE-003,DMA-03,Pressure,20.24,mH2O,Valid,Warning,28.716,77.266,Warning Pressure alert for PIPE-003 in DMA-03,Monitor and verify
ALT-00363,2026-07-14 15:00:00,PT-003,PIPE-003,PIPE-003,DMA-03,Pressure,20.93,mH2O,Valid,Warning,28.716,77.266,Warning Pressure alert for PIPE-003 in DMA-03,Monitor and verify
ALT-00364,2026-07-14 16:00:00,PT-003,PIPE-003,PIPE-003,DMA-03,Pressure,19.0,mH2O,Valid,Critical,28.716,77.266,Critical Pressure alert for PIPE-003 in DMA-03,Immediate inspection
ALT-00365,2026-07-14 17:00:00,PT-003,PIPE-003,PIPE-003,DMA-03,Pressure,21.82,mH2O,Valid,Warning,28.716,77.266,Warning Pressure alert for PIPE-003 in DMA-03,Monitor and verify
ALT-00366,2026-07-14 18:00:00,PT-003,PIPE-003,PIPE-003,DMA-03,Pressure,21.63,mH2O,Valid,Warning,28.716,77.266,Warning Pressure alert for PIPE-003 in DMA-03,Monitor and verify
ALT-00367,2026-07-14 19:00:00,PT-004,PIPE-004,PIPE-004,DMA-04,Pressure,22.31,mH2O,Valid,Warning,28.704,77.237,Warning Pressure alert for PIPE-004 in DMA-04,Monitor and verify
ALT-00368,2026-07-14 19:00:00,PT-003,PIPE-003,PIPE-003,DMA-03,Pressure,19.14,mH2O,Valid,Critical,28.716,77.266,Critical Pressure alert for PIPE-003 in DMA-03,Immediate inspection
ALT-00369,2026-07-14 20:00:00,PT-003,PIPE-003,PIPE-003,DMA-03,Pressure,20.27,mH2O,Valid,Warning,28.716,77.266,Warning Pressure alert for PIPE-003 in DMA-03,Monitor and verify
ALT-00370,2026-07-14 21:00:00,PT-004,PIPE-004,PIPE-004,DMA-04,Pressure,23.42,mH2O,Valid,Warning,28.704,77.237,Warning Pressure alert for PIPE-004 in DMA-04,Monitor and verify
ALT-00371,2026-07-14 21:00:00,PT-003,PIPE-003,PIPE-003,DMA-03,Pressure,19.96,mH2O,Valid,Critical,28.716,77.266,Critical Pressure alert for PIPE-003 in DMA-03,Immediate inspection
ALT-00372,2026-07-14 22:00:00,PT-003,PIPE-003,PIPE-003,DMA-03,Pressure,22.03,mH2O,Valid,Warning,28.716,77.266,Warning Pressure alert for PIPE-003 in DMA-03,Monitor and verify
ALT-00373,2026-07-14 23:00:00,PT-003,PIPE-003,PIPE-003,DMA-03,Pressure,19.29,mH2O,Valid,Critical,28.716,77.266,Critical Pressure alert for PIPE-003 in DMA-03,Immediate inspection
ALT-00374,2026-07-15 00:00:00,PT-004,PIPE-004,PIPE-004,DMA-04,Pressure,23.91,mH2O,Valid,Warning,28.704,77.237,Warning Pressure alert for PIPE-004 in DMA-04,Monitor and verify
ALT-00375,2026-07-15 00:00:00,PT-003,PIPE-003,PIPE-003,DMA-03,Pressure,19.03,mH2O,Valid,Critical,28.716,77.266,Critical Pressure alert for PIPE-003 in DMA-03,Immediate inspection
ALT-00376,2026-07-15 01:00:00,PT-003,PIPE-003,PIPE-003,DMA-03,Pressure,19.8,mH2O,Valid,Critical,28.716,77.266,Critical Pressure alert for PIPE-003 in DMA-03,Immediate inspection
ALT-00377,2026-07-15 01:00:00,FT-003,FM-003,PIPE-013,DMA-03,Flow,961.05,m3/hr,Valid,Warning,28.718,77.264,Warning Flow alert for PIPE-013 in DMA-03,Monitor and verify
ALT-00378,2026-07-15 02:00:00,PT-003,PIPE-003,PIPE-003,DMA-03,Pressure,17.96,mH2O,Valid,Critical,28.716,77.266,Critical Pressure alert for PIPE-003 in DMA-03,Immediate inspection
ALT-00379,2026-07-15 02:00:00,FT-003,FM-003,PIPE-013,DMA-03,Flow,947.23,m3/hr,Valid,Warning,28.718,77.264,Warning Flow alert for PIPE-013 in DMA-03,Monitor and verify
ALT-00380,2026-07-15 03:00:00,PT-003,PIPE-003,PIPE-003,DMA-03,Pressure,17.49,mH2O,Valid,Critical,28.716,77.266,Critical Pressure alert for PIPE-003 in DMA-03,Immediate inspection
ALT-00381,2026-07-15 04:00:00,FT-003,FM-003,PIPE-013,DMA-03,Flow,1013.67,m3/hr,Valid,Warning,28.718,77.264,Warning Flow alert for PIPE-013 in DMA-03,Monitor and verify
ALT-00382,2026-07-15 04:00:00,PT-003,PIPE-003,PIPE-003,DMA-03,Pressure,18.01,mH2O,Valid,Critical,28.716,77.266,Critical Pressure alert for PIPE-003 in DMA-03,Immediate inspection
ALT-00383,2026-07-15 05:00:00,PT-003,PIPE-003,PIPE-003,DMA-03,Pressure,16.16,mH2O,Valid,Critical,28.716,77.266,Critical Pressure alert for PIPE-003 in DMA-03,Immediate inspection
ALT-00384,2026-07-15 06:00:00,PT-004,PIPE-004,PIPE-004,DMA-04,Pressure,23.28,mH2O,Valid,Warning,28.704,77.237,Warning Pressure alert for PIPE-004 in DMA-04,Monitor and verify
ALT-00385,2026-07-15 06:00:00,PT-003,PIPE-003,PIPE-003,DMA-03,Pressure,21.07,mH2O,Valid,Warning,28.716,77.266,Warning Pressure alert for PIPE-003 in DMA-03,Monitor and verify
ALT-00386,2026-07-15 07:00:00,PT-003,PIPE-003,PIPE-003,DMA-03,Pressure,19.05,mH2O,Valid,Critical,28.716,77.266,Critical Pressure alert for PIPE-003 in DMA-03,Immediate inspection
ALT-00387,2026-07-15 08:00:00,PT-003,PIPE-003,PIPE-003,DMA-03,Pressure,19.61,mH2O,Valid,Critical,28.716,77.266,Critical Pressure alert for PIPE-003 in DMA-03,Immediate inspection
ALT-00388,2026-07-15 09:00:00,PT-003,PIPE-003,PIPE-003,DMA-03,Pressure,18.85,mH2O,Valid,Critical,28.716,77.266,Critical Pressure alert for PIPE-003 in DMA-03,Immediate inspection
ALT-00389,2026-07-15 09:00:00,PT-004,PIPE-004,PIPE-004,DMA-04,Pressure,23.34,mH2O,Valid,Warning,28.704,77.237,Warning Pressure alert for PIPE-004 in DMA-04,Monitor and verify
ALT-00390,2026-07-15 10:00:00,PT-003,PIPE-003,PIPE-003,DMA-03,Pressure,17.44,mH2O,Valid,Critical,28.716,77.266,Critical Pressure alert for PIPE-003 in DMA-03,Immediate inspection
ALT-00391,2026-07-15 11:00:00,PT-003,PIPE-003,PIPE-003,DMA-03,Pressure,18.14,mH2O,Valid,Critical,28.716,77.266,Critical Pressure alert for PIPE-003 in DMA-03,Immediate inspection
ALT-00392,2026-07-15 12:00:00,PT-003,PIPE-003,PIPE-003,DMA-03,Pressure,20.64,mH2O,Valid,Warning,28.716,77.266,Warning Pressure alert for PIPE-003 in DMA-03,Monitor and verify
ALT-00393,2026-07-15 13:00:00,PT-003,PIPE-003,PIPE-003,DMA-03,Pressure,20.66,mH2O,Valid,Warning,28.716,77.266,Warning Pressure alert for PIPE-003 in DMA-03,Monitor and verify
ALT-00394,2026-07-15 14:00:00,PT-003,PIPE-003,PIPE-003,DMA-03,Pressure,19.53,mH2O,Valid,Critical,28.716,77.266,Critical Pressure alert for PIPE-003 in DMA-03,Immediate inspection
ALT-00395,2026-07-15 14:00:00,PT-004,PIPE-004,PIPE-004,DMA-04,Pressure,23.24,mH2O,Valid,Warning,28.704,77.237,Warning Pressure alert for PIPE-004 in DMA-04,Monitor and verify
ALT-00396,2026-07-15 15:00:00,PT-003,PIPE-003,PIPE-003,DMA-03,Pressure,19.96,mH2O,Valid,Critical,28.716,77.266,Critical Pressure alert for PIPE-003 in DMA-03,Immediate inspection
ALT-00397,2026-07-15 16:00:00,PT-004,PIPE-004,PIPE-004,DMA-04,Pressure,23.56,mH2O,Valid,Warning,28.704,77.237,Warning Pressure alert for PIPE-004 in DMA-04,Monitor and verify
ALT-00398,2026-07-15 16:00:00,PT-003,PIPE-003,PIPE-003,DMA-03,Pressure,19.93,mH2O,Valid,Critical,28.716,77.266,Critical Pressure alert for PIPE-003 in DMA-03,Immediate inspection
ALT-00399,2026-07-15 17:00:00,PT-003,PIPE-003,PIPE-003,DMA-03,Pressure,22.51,mH2O,Valid,Warning,28.716,77.266,Warning Pressure alert for PIPE-003 in DMA-03,Monitor and verify
ALT-00400,2026-07-15 18:00:00,PT-003,PIPE-003,PIPE-003,DMA-03,Pressure,19.21,mH2O,Valid,Critical,28.716,77.266,Critical Pressure alert for PIPE-003 in DMA-03,Immediate inspection
ALT-00401,2026-07-15 18:00:00,PT-004,PIPE-004,PIPE-004,DMA-04,Pressure,23.5,mH2O,Valid,Warning,28.704,77.237,Warning Pressure alert for PIPE-004 in DMA-04,Monitor and verify
ALT-00402,2026-07-15 19:00:00,PT-003,PIPE-003,PIPE-003,DMA-03,Pressure,21.97,mH2O,Valid,Warning,28.716,77.266,Warning Pressure alert for PIPE-003 in DMA-03,Monitor and verify
ALT-00403,2026-07-15 19:00:00,PMP-005,PUMP-005,PUMP-005,DMA-05,Pump_Status,0,status,Valid,Warning,28.714,77.243,Warning Pump_Status alert for PUMP-005 in DMA-05,Monitor and verify
ALT-00404,2026-07-15 20:00:00,PMP-004,PUMP-004,PUMP-004,DMA-04,Pump_Status,0,status,Valid,Warning,28.707,77.238,Warning Pump_Status alert for PUMP-004 in DMA-04,Monitor and verify
ALT-00405,2026-07-15 20:00:00,PT-003,PIPE-003,PIPE-003,DMA-03,Pressure,23.21,mH2O,Valid,Warning,28.716,77.266,Warning Pressure alert for PIPE-003 in DMA-03,Monitor and verify
ALT-00406,2026-07-15 21:00:00,PT-004,PIPE-004,PIPE-004,DMA-04,Pressure,23.62,mH2O,Valid,Warning,28.704,77.237,Warning Pressure alert for PIPE-004 in DMA-04,Monitor and verify
ALT-00407,2026-07-15 21:00:00,PT-003,PIPE-003,PIPE-003,DMA-03,Pressure,21.25,mH2O,Valid,Warning,28.716,77.266,Warning Pressure alert for PIPE-003 in DMA-03,Monitor and verify
ALT-00408,2026-07-15 22:00:00,PT-003,PIPE-003,PIPE-003,DMA-03,Pressure,20.61,mH2O,Valid,Warning,28.716,77.266,Warning Pressure alert for PIPE-003 in DMA-03,Monitor and verify
ALT-00409,2026-07-15 23:00:00,PT-003,PIPE-003,PIPE-003,DMA-03,Pressure,21.59,mH2O,Valid,Warning,28.716,77.266,Warning Pressure alert for PIPE-003 in DMA-03,Monitor and verify
ALT-00410,2026-07-16 00:00:00,PT-003,PIPE-003,PIPE-003,DMA-03,Pressure,18.92,mH2O,Valid,Critical,28.716,77.266,Critical Pressure alert for PIPE-003 in DMA-03,Immediate inspection
ALT-00411,2026-07-16 01:00:00,FT-003,FM-003,PIPE-013,DMA-03,Flow,938.92,m3/hr,Valid,Warning,28.718,77.264,Warning Flow alert for PIPE-013 in DMA-03,Monitor and verify
ALT-00412,2026-07-16 01:00:00,PT-003,PIPE-003,PIPE-003,DMA-03,Pressure,18.37,mH2O,Valid,Critical,28.716,77.266,Critical Pressure alert for PIPE-003 in DMA-03,Immediate inspection
ALT-00413,2026-07-16 02:00:00,FT-003,FM-003,PIPE-013,DMA-03,Flow,944.24,m3/hr,Valid,Warning,28.718,77.264,Warning Flow alert for PIPE-013 in DMA-03,Monitor and verify
ALT-00414,2026-07-16 02:00:00,PT-003,PIPE-003,PIPE-003,DMA-03,Pressure,18.47,mH2O,Valid,Critical,28.716,77.266,Critical Pressure alert for PIPE-003 in DMA-03,Immediate inspection
ALT-00415,2026-07-16 03:00:00,PT-003,PIPE-003,PIPE-003,DMA-03,Pressure,17.98,mH2O,Valid,Critical,28.716,77.266,Critical Pressure alert for PIPE-003 in DMA-03,Immediate inspection
ALT-00416,2026-07-16 03:00:00,FT-003,FM-003,PIPE-013,DMA-03,Flow,941.33,m3/hr,Valid,Warning,28.718,77.264,Warning Flow alert for PIPE-013 in DMA-03,Monitor and verify
ALT-00417,2026-07-16 04:00:00,FT-003,FM-003,PIPE-013,DMA-03,Flow,981.29,m3/hr,Valid,Warning,28.718,77.264,Warning Flow alert for PIPE-013 in DMA-03,Monitor and verify
ALT-00418,2026-07-16 04:00:00,PT-003,PIPE-003,PIPE-003,DMA-03,Pressure,18.36,mH2O,Valid,Critical,28.716,77.266,Critical Pressure alert for PIPE-003 in DMA-03,Immediate inspection
ALT-00419,2026-07-16 05:00:00,PT-003,PIPE-003,PIPE-003,DMA-03,Pressure,16.91,mH2O,Valid,Critical,28.716,77.266,Critical Pressure alert for PIPE-003 in DMA-03,Immediate inspection
ALT-00420,2026-07-16 06:00:00,PT-003,PIPE-003,PIPE-003,DMA-03,Pressure,18.49,mH2O,Valid,Critical,28.716,77.266,Critical Pressure alert for PIPE-003 in DMA-03,Immediate inspection
ALT-00421,2026-07-16 06:00:00,PT-004,PIPE-004,PIPE-004,DMA-04,Pressure,23.68,mH2O,Valid,Warning,28.704,77.237,Warning Pressure alert for PIPE-004 in DMA-04,Monitor and verify
ALT-00422,2026-07-16 07:00:00,PT-003,PIPE-003,PIPE-003,DMA-03,Pressure,16.95,mH2O,Valid,Critical,28.716,77.266,Critical Pressure alert for PIPE-003 in DMA-03,Immediate inspection
ALT-00423,2026-07-16 08:00:00,PT-003,PIPE-003,PIPE-003,DMA-03,Pressure,15.49,mH2O,Valid,Critical,28.716,77.266,Critical Pressure alert for PIPE-003 in DMA-03,Immediate inspection
ALT-00424,2026-07-16 09:00:00,PT-003,PIPE-003,PIPE-003,DMA-03,Pressure,18.39,mH2O,Valid,Critical,28.716,77.266,Critical Pressure alert for PIPE-003 in DMA-03,Immediate inspection
ALT-00425,2026-07-16 10:00:00,PT-003,PIPE-003,PIPE-003,DMA-03,Pressure,18.84,mH2O,Valid,Critical,28.716,77.266,Critical Pressure alert for PIPE-003 in DMA-03,Immediate inspection
ALT-00426,2026-07-16 10:00:00,PT-004,PIPE-004,PIPE-004,DMA-04,Pressure,23.56,mH2O,Valid,Warning,28.704,77.237,Warning Pressure alert for PIPE-004 in DMA-04,Monitor and verify
ALT-00427,2026-07-16 11:00:00,PT-003,PIPE-003,PIPE-003,DMA-03,Pressure,17.7,mH2O,Valid,Critical,28.716,77.266,Critical Pressure alert for PIPE-003 in DMA-03,Immediate inspection
ALT-00428,2026-07-16 12:00:00,PT-004,PIPE-004,PIPE-004,DMA-04,Pressure,23.37,mH2O,Valid,Warning,28.704,77.237,Warning Pressure alert for PIPE-004 in DMA-04,Monitor and verify
ALT-00429,2026-07-16 12:00:00,PT-003,PIPE-003,PIPE-003,DMA-03,Pressure,19.95,mH2O,Valid,Critical,28.716,77.266,Critical Pressure alert for PIPE-003 in DMA-03,Immediate inspection
ALT-00430,2026-07-16 13:00:00,PT-004,PIPE-004,PIPE-004,DMA-04,Pressure,23.5,mH2O,Valid,Warning,28.704,77.237,Warning Pressure alert for PIPE-004 in DMA-04,Monitor and verify
ALT-00431,2026-07-16 13:00:00,PT-003,PIPE-003,PIPE-003,DMA-03,Pressure,19.82,mH2O,Valid,Critical,28.716,77.266,Critical Pressure alert for PIPE-003 in DMA-03,Immediate inspection
ALT-00432,2026-07-16 14:00:00,PT-003,PIPE-003,PIPE-003,DMA-03,Pressure,18.81,mH2O,Valid,Critical,28.716,77.266,Critical Pressure alert for PIPE-003 in DMA-03,Immediate inspection
ALT-00433,2026-07-16 15:00:00,PT-003,PIPE-003,PIPE-003,DMA-03,Pressure,19.31,mH2O,Valid,Critical,28.716,77.266,Critical Pressure alert for PIPE-003 in DMA-03,Immediate inspection
ALT-00434,2026-07-16 16:00:00,PT-003,PIPE-003,PIPE-003,DMA-03,Pressure,20.79,mH2O,Valid,Warning,28.716,77.266,Warning Pressure alert for PIPE-003 in DMA-03,Monitor and verify
ALT-00435,2026-07-16 17:00:00,PT-003,PIPE-003,PIPE-003,DMA-03,Pressure,22.36,mH2O,Valid,Warning,28.716,77.266,Warning Pressure alert for PIPE-003 in DMA-03,Monitor and verify
ALT-00436,2026-07-16 18:00:00,PT-003,PIPE-003,PIPE-003,DMA-03,Pressure,21.98,mH2O,Valid,Warning,28.716,77.266,Warning Pressure alert for PIPE-003 in DMA-03,Monitor and verify
ALT-00437,2026-07-16 19:00:00,PT-003,PIPE-003,PIPE-003,DMA-03,Pressure,23.33,mH2O,Valid,Warning,28.716,77.266,Warning Pressure alert for PIPE-003 in DMA-03,Monitor and verify
ALT-00438,2026-07-16 20:00:00,PT-003,PIPE-003,PIPE-003,DMA-03,Pressure,21.07,mH2O,Valid,Warning,28.716,77.266,Warning Pressure alert for PIPE-003 in DMA-03,Monitor and verify
ALT-00439,2026-07-16 21:00:00,PT-003,PIPE-003,PIPE-003,DMA-03,Pressure,19.77,mH2O,Valid,Critical,28.716,77.266,Critical Pressure alert for PIPE-003 in DMA-03,Immediate inspection
ALT-00440,2026-07-16 22:00:00,PT-003,PIPE-003,PIPE-003,DMA-03,Pressure,21.82,mH2O,Valid,Warning,28.716,77.266,Warning Pressure alert for PIPE-003 in DMA-03,Monitor and verify
ALT-00441,2026-07-16 23:00:00,PT-003,PIPE-003,PIPE-003,DMA-03,Pressure,20.99,mH2O,Valid,Warning,28.716,77.266,Warning Pressure alert for PIPE-003 in DMA-03,Monitor and verify
ALT-00442,2026-07-17 00:00:00,PT-003,PIPE-003,PIPE-003,DMA-03,Pressure,19.49,mH2O,Valid,Critical,28.716,77.266,Critical Pressure alert for PIPE-003 in DMA-03,Immediate inspection
ALT-00443,2026-07-17 01:00:00,PT-004,PIPE-004,PIPE-004,DMA-04,Pressure,23.58,mH2O,Valid,Warning,28.704,77.237,Warning Pressure alert for PIPE-004 in DMA-04,Monitor and verify
ALT-00444,2026-07-17 01:00:00,FT-003,FM-003,PIPE-013,DMA-03,Flow,938.36,m3/hr,Valid,Warning,28.718,77.264,Warning Flow alert for PIPE-013 in DMA-03,Monitor and verify
ALT-00445,2026-07-17 01:00:00,PT-003,PIPE-003,PIPE-003,DMA-03,Pressure,18.24,mH2O,Valid,Critical,28.716,77.266,Critical Pressure alert for PIPE-003 in DMA-03,Immediate inspection
ALT-00446,2026-07-17 02:00:00,PT-003,PIPE-003,PIPE-003,DMA-03,Pressure,18.76,mH2O,Valid,Critical,28.716,77.266,Critical Pressure alert for PIPE-003 in DMA-03,Immediate inspection
ALT-00447,2026-07-17 03:00:00,PT-003,PIPE-003,PIPE-003,DMA-03,Pressure,17.48,mH2O,Valid,Critical,28.716,77.266,Critical Pressure alert for PIPE-003 in DMA-03,Immediate inspection
ALT-00448,2026-07-17 03:00:00,FT-003,FM-003,PIPE-013,DMA-03,Flow,955.1,m3/hr,Valid,Warning,28.718,77.264,Warning Flow alert for PIPE-013 in DMA-03,Monitor and verify
ALT-00449,2026-07-17 04:00:00,PT-003,PIPE-003,PIPE-003,DMA-03,Pressure,16.81,mH2O,Valid,Critical,28.716,77.266,Critical Pressure alert for PIPE-003 in DMA-03,Immediate inspection
ALT-00450,2026-07-17 05:00:00,PT-003,PIPE-003,PIPE-003,DMA-03,Pressure,18.92,mH2O,Valid,Critical,28.716,77.266,Critical Pressure alert for PIPE-003 in DMA-03,Immediate inspection
ALT-00451,2026-07-17 06:00:00,PT-003,PIPE-003,PIPE-003,DMA-03,Pressure,17.85,mH2O,Valid,Critical,28.716,77.266,Critical Pressure alert for PIPE-003 in DMA-03,Immediate inspection
ALT-00452,2026-07-17 07:00:00,PT-003,PIPE-003,PIPE-003,DMA-03,Pressure,16.73,mH2O,Valid,Critical,28.716,77.266,Critical Pressure alert for PIPE-003 in DMA-03,Immediate inspection
ALT-00453,2026-07-17 08:00:00,PT-003,PIPE-003,PIPE-003,DMA-03,Pressure,18.35,mH2O,Valid,Critical,28.716,77.266,Critical Pressure alert for PIPE-003 in DMA-03,Immediate inspection
ALT-00454,2026-07-17 09:00:00,PT-003,PIPE-003,PIPE-003,DMA-03,Pressure,19.06,mH2O,Valid,Critical,28.716,77.266,Critical Pressure alert for PIPE-003 in DMA-03,Immediate inspection
ALT-00455,2026-07-17 10:00:00,PT-003,PIPE-003,PIPE-003,DMA-03,Pressure,16.73,mH2O,Valid,Critical,28.716,77.266,Critical Pressure alert for PIPE-003 in DMA-03,Immediate inspection
ALT-00456,2026-07-17 11:00:00,PT-003,PIPE-003,PIPE-003,DMA-03,Pressure,18.06,mH2O,Valid,Critical,28.716,77.266,Critical Pressure alert for PIPE-003 in DMA-03,Immediate inspection
ALT-00457,2026-07-17 12:00:00,PT-003,PIPE-003,PIPE-003,DMA-03,Pressure,20.16,mH2O,Valid,Warning,28.716,77.266,Warning Pressure alert for PIPE-003 in DMA-03,Monitor and verify
ALT-00458,2026-07-17 13:00:00,PT-004,PIPE-004,PIPE-004,DMA-04,Pressure,23.49,mH2O,Valid,Warning,28.704,77.237,Warning Pressure alert for PIPE-004 in DMA-04,Monitor and verify
ALT-00459,2026-07-17 13:00:00,PT-003,PIPE-003,PIPE-003,DMA-03,Pressure,16.75,mH2O,Valid,Critical,28.716,77.266,Critical Pressure alert for PIPE-003 in DMA-03,Immediate inspection
ALT-00460,2026-07-17 14:00:00,PT-003,PIPE-003,PIPE-003,DMA-03,Pressure,18.94,mH2O,Valid,Critical,28.716,77.266,Critical Pressure alert for PIPE-003 in DMA-03,Immediate inspection
ALT-00461,2026-07-17 15:00:00,PT-004,PIPE-004,PIPE-004,DMA-04,Pressure,23.02,mH2O,Valid,Warning,28.704,77.237,Warning Pressure alert for PIPE-004 in DMA-04,Monitor and verify
ALT-00462,2026-07-17 15:00:00,PT-003,PIPE-003,PIPE-003,DMA-03,Pressure,19.29,mH2O,Valid,Critical,28.716,77.266,Critical Pressure alert for PIPE-003 in DMA-03,Immediate inspection
ALT-00463,2026-07-17 16:00:00,PT-003,PIPE-003,PIPE-003,DMA-03,Pressure,23.72,mH2O,Valid,Warning,28.716,77.266,Warning Pressure alert for PIPE-003 in DMA-03,Monitor and verify
ALT-00464,2026-07-17 17:00:00,PT-003,PIPE-003,PIPE-003,DMA-03,Pressure,20.04,mH2O,Valid,Warning,28.716,77.266,Warning Pressure alert for PIPE-003 in DMA-03,Monitor and verify
ALT-00465,2026-07-17 18:00:00,PT-003,PIPE-003,PIPE-003,DMA-03,Pressure,19.61,mH2O,Valid,Critical,28.716,77.266,Critical Pressure alert for PIPE-003 in DMA-03,Immediate inspection
ALT-00466,2026-07-17 19:00:00,PT-003,PIPE-003,PIPE-003,DMA-03,Pressure,21.25,mH2O,Valid,Warning,28.716,77.266,Warning Pressure alert for PIPE-003 in DMA-03,Monitor and verify
ALT-00467,2026-07-17 20:00:00,PT-004,PIPE-004,PIPE-004,DMA-04,Pressure,23.85,mH2O,Valid,Warning,28.704,77.237,Warning Pressure alert for PIPE-004 in DMA-04,Monitor and verify
ALT-00468,2026-07-17 20:00:00,QT-003,WQS-003,WQS-003,DMA-03,Chlorine,0.342,mg/L,Valid,Warning,28.717,77.269,Warning Chlorine alert for WQS-003 in DMA-03,Monitor and verify
ALT-00469,2026-07-17 20:00:00,PT-003,PIPE-003,PIPE-003,DMA-03,Pressure,21.95,mH2O,Valid,Warning,28.716,77.266,Warning Pressure alert for PIPE-003 in DMA-03,Monitor and verify
ALT-00470,2026-07-17 21:00:00,PT-003,PIPE-003,PIPE-003,DMA-03,Pressure,20.96,mH2O,Valid,Warning,28.716,77.266,Warning Pressure alert for PIPE-003 in DMA-03,Monitor and verify
ALT-00471,2026-07-17 22:00:00,PT-003,PIPE-003,PIPE-003,DMA-03,Pressure,21.78,mH2O,Valid,Warning,28.716,77.266,Warning Pressure alert for PIPE-003 in DMA-03,Monitor and verify
ALT-00472,2026-07-17 23:00:00,PT-003,PIPE-003,PIPE-003,DMA-03,Pressure,19.64,mH2O,Valid,Critical,28.716,77.266,Critical Pressure alert for PIPE-003 in DMA-03,Immediate inspection
ALT-00473,2026-07-18 00:00:00,PT-003,PIPE-003,PIPE-003,DMA-03,Pressure,19.09,mH2O,Valid,Critical,28.716,77.266,Critical Pressure alert for PIPE-003 in DMA-03,Immediate inspection
ALT-00474,2026-07-18 00:00:00,FT-003,FM-003,PIPE-013,DMA-03,Flow,1000.1,m3/hr,Valid,Warning,28.718,77.264,Warning Flow alert for PIPE-013 in DMA-03,Monitor and verify
ALT-00475,2026-07-18 01:00:00,PT-003,PIPE-003,PIPE-003,DMA-03,Pressure,19.44,mH2O,Valid,Critical,28.716,77.266,Critical Pressure alert for PIPE-003 in DMA-03,Immediate inspection
ALT-00476,2026-07-18 02:00:00,PT-003,PIPE-003,PIPE-003,DMA-03,Pressure,20.55,mH2O,Valid,Warning,28.716,77.266,Warning Pressure alert for PIPE-003 in DMA-03,Monitor and verify
ALT-00477,2026-07-18 03:00:00,FT-003,FM-003,PIPE-013,DMA-03,Flow,995.37,m3/hr,Valid,Warning,28.718,77.264,Warning Flow alert for PIPE-013 in DMA-03,Monitor and verify
ALT-00478,2026-07-18 03:00:00,PT-003,PIPE-003,PIPE-003,DMA-03,Pressure,18.19,mH2O,Valid,Critical,28.716,77.266,Critical Pressure alert for PIPE-003 in DMA-03,Immediate inspection
ALT-00479,2026-07-18 04:00:00,FT-003,FM-003,PIPE-013,DMA-03,Flow,955.1,m3/hr,Valid,Warning,28.718,77.264,Warning Flow alert for PIPE-013 in DMA-03,Monitor and verify
ALT-00480,2026-07-18 04:00:00,PT-003,PIPE-003,PIPE-003,DMA-03,Pressure,16.42,mH2O,Valid,Critical,28.716,77.266,Critical Pressure alert for PIPE-003 in DMA-03,Immediate inspection
ALT-00481,2026-07-18 05:00:00,PT-003,PIPE-003,PIPE-003,DMA-03,Pressure,17.33,mH2O,Valid,Critical,28.716,77.266,Critical Pressure alert for PIPE-003 in DMA-03,Immediate inspection
ALT-00482,2026-07-18 06:00:00,PT-003,PIPE-003,PIPE-003,DMA-03,Pressure,18.75,mH2O,Valid,Critical,28.716,77.266,Critical Pressure alert for PIPE-003 in DMA-03,Immediate inspection
ALT-00483,2026-07-18 07:00:00,PT-003,PIPE-003,PIPE-003,DMA-03,Pressure,18.01,mH2O,Valid,Critical,28.716,77.266,Critical Pressure alert for PIPE-003 in DMA-03,Immediate inspection
ALT-00484,2026-07-18 08:00:00,PT-003,PIPE-003,PIPE-003,DMA-03,Pressure,17.96,mH2O,Valid,Critical,28.716,77.266,Critical Pressure alert for PIPE-003 in DMA-03,Immediate inspection
ALT-00485,2026-07-18 09:00:00,PT-003,PIPE-003,PIPE-003,DMA-03,Pressure,18.67,mH2O,Valid,Critical,28.716,77.266,Critical Pressure alert for PIPE-003 in DMA-03,Immediate inspection
ALT-00486,2026-07-18 10:00:00,PT-003,PIPE-003,PIPE-003,DMA-03,Pressure,17.84,mH2O,Valid,Critical,28.716,77.266,Critical Pressure alert for PIPE-003 in DMA-03,Immediate inspection
ALT-00487,2026-07-18 11:00:00,PT-003,PIPE-003,PIPE-003,DMA-03,Pressure,21.41,mH2O,Valid,Warning,28.716,77.266,Warning Pressure alert for PIPE-003 in DMA-03,Monitor and verify
ALT-00488,2026-07-18 12:00:00,PT-003,PIPE-003,PIPE-003,DMA-03,Pressure,20.41,mH2O,Valid,Warning,28.716,77.266,Warning Pressure alert for PIPE-003 in DMA-03,Monitor and verify
ALT-00489,2026-07-18 13:00:00,PT-003,PIPE-003,PIPE-003,DMA-03,Pressure,20.98,mH2O,Valid,Warning,28.716,77.266,Warning Pressure alert for PIPE-003 in DMA-03,Monitor and verify
ALT-00490,2026-07-18 14:00:00,PT-003,PIPE-003,PIPE-003,DMA-03,Pressure,20.4,mH2O,Valid,Warning,28.716,77.266,Warning Pressure alert for PIPE-003 in DMA-03,Monitor and verify
ALT-00491,2026-07-18 15:00:00,PT-003,PIPE-003,PIPE-003,DMA-03,Pressure,20.17,mH2O,Valid,Warning,28.716,77.266,Warning Pressure alert for PIPE-003 in DMA-03,Monitor and verify
ALT-00492,2026-07-18 16:00:00,PT-003,PIPE-003,PIPE-003,DMA-03,Pressure,20.71,mH2O,Valid,Warning,28.716,77.266,Warning Pressure alert for PIPE-003 in DMA-03,Monitor and verify
ALT-00493,2026-07-18 17:00:00,PT-003,PIPE-003,PIPE-003,DMA-03,Pressure,21.75,mH2O,Valid,Warning,28.716,77.266,Warning Pressure alert for PIPE-003 in DMA-03,Monitor and verify
ALT-00494,2026-07-18 18:00:00,PT-003,PIPE-003,PIPE-003,DMA-03,Pressure,21.92,mH2O,Valid,Warning,28.716,77.266,Warning Pressure alert for PIPE-003 in DMA-03,Monitor and verify
ALT-00495,2026-07-18 19:00:00,PT-003,PIPE-003,PIPE-003,DMA-03,Pressure,22.85,mH2O,Valid,Warning,28.716,77.266,Warning Pressure alert for PIPE-003 in DMA-03,Monitor and verify
ALT-00496,2026-07-18 20:00:00,PT-003,PIPE-003,PIPE-003,DMA-03,Pressure,21.22,mH2O,Valid,Warning,28.716,77.266,Warning Pressure alert for PIPE-003 in DMA-03,Monitor and verify
ALT-00497,2026-07-18 21:00:00,PT-003,PIPE-003,PIPE-003,DMA-03,Pressure,20.93,mH2O,Valid,Warning,28.716,77.266,Warning Pressure alert for PIPE-003 in DMA-03,Monitor and verify
ALT-00498,2026-07-18 22:00:00,PT-003,PIPE-003,PIPE-003,DMA-03,Pressure,18.74,mH2O,Valid,Critical,28.716,77.266,Critical Pressure alert for PIPE-003 in DMA-03,Immediate inspection
ALT-00499,2026-07-18 23:00:00,PT-003,PIPE-003,PIPE-003,DMA-03,Pressure,19.29,mH2O,Valid,Critical,28.716,77.266,Critical Pressure alert for PIPE-003 in DMA-03,Immediate inspection
ALT-00500,2026-07-19 00:00:00,PT-003,PIPE-003,PIPE-003,DMA-03,Pressure,19.66,mH2O,Valid,Critical,28.716,77.266,Critical Pressure alert for PIPE-003 in DMA-03,Immediate inspection
ALT-00501,2026-07-19 00:00:00,FT-003,FM-003,PIPE-013,DMA-03,Flow,949.37,m3/hr,Valid,Warning,28.718,77.264,Warning Flow alert for PIPE-013 in DMA-03,Monitor and verify
ALT-00502,2026-07-19 01:00:00,PT-003,PIPE-003,PIPE-003,DMA-03,Pressure,20.6,mH2O,Valid,Warning,28.716,77.266,Warning Pressure alert for PIPE-003 in DMA-03,Monitor and verify
ALT-00503,2026-07-19 01:00:00,FT-003,FM-003,PIPE-013,DMA-03,Flow,1001.52,m3/hr,Valid,Warning,28.718,77.264,Warning Flow alert for PIPE-013 in DMA-03,Monitor and verify
ALT-00504,2026-07-19 02:00:00,FT-003,FM-003,PIPE-013,DMA-03,Flow,940.63,m3/hr,Valid,Warning,28.718,77.264,Warning Flow alert for PIPE-013 in DMA-03,Monitor and verify
ALT-00505,2026-07-19 02:00:00,PT-003,PIPE-003,PIPE-003,DMA-03,Pressure,19.39,mH2O,Valid,Critical,28.716,77.266,Critical Pressure alert for PIPE-003 in DMA-03,Immediate inspection
ALT-00506,2026-07-19 03:00:00,PT-003,PIPE-003,PIPE-003,DMA-03,Pressure,16.27,mH2O,Valid,Critical,28.716,77.266,Critical Pressure alert for PIPE-003 in DMA-03,Immediate inspection
ALT-00507,2026-07-19 03:00:00,FT-003,FM-003,PIPE-013,DMA-03,Flow,938.69,m3/hr,Valid,Warning,28.718,77.264,Warning Flow alert for PIPE-013 in DMA-03,Monitor and verify
ALT-00508,2026-07-19 04:00:00,FT-003,FM-003,PIPE-013,DMA-03,Flow,949.16,m3/hr,Valid,Warning,28.718,77.264,Warning Flow alert for PIPE-013 in DMA-03,Monitor and verify
ALT-00509,2026-07-19 04:00:00,PT-003,PIPE-003,PIPE-003,DMA-03,Pressure,17.55,mH2O,Valid,Critical,28.716,77.266,Critical Pressure alert for PIPE-003 in DMA-03,Immediate inspection
ALT-00510,2026-07-19 05:00:00,PT-003,PIPE-003,PIPE-003,DMA-03,Pressure,17.91,mH2O,Valid,Critical,28.716,77.266,Critical Pressure alert for PIPE-003 in DMA-03,Immediate inspection
ALT-00511,2026-07-19 06:00:00,PT-003,PIPE-003,PIPE-003,DMA-03,Pressure,19.06,mH2O,Valid,Critical,28.716,77.266,Critical Pressure alert for PIPE-003 in DMA-03,Immediate inspection
ALT-00512,2026-07-19 07:00:00,PT-003,PIPE-003,PIPE-003,DMA-03,Pressure,17.64,mH2O,Valid,Critical,28.716,77.266,Critical Pressure alert for PIPE-003 in DMA-03,Immediate inspection
ALT-00513,2026-07-19 07:00:00,PT-004,PIPE-004,PIPE-004,DMA-04,Pressure,23.48,mH2O,Valid,Warning,28.704,77.237,Warning Pressure alert for PIPE-004 in DMA-04,Monitor and verify
ALT-00514,2026-07-19 08:00:00,PT-003,PIPE-003,PIPE-003,DMA-03,Pressure,17.05,mH2O,Valid,Critical,28.716,77.266,Critical Pressure alert for PIPE-003 in DMA-03,Immediate inspection
ALT-00515,2026-07-19 09:00:00,PT-003,PIPE-003,PIPE-003,DMA-03,Pressure,19.03,mH2O,Valid,Critical,28.716,77.266,Critical Pressure alert for PIPE-003 in DMA-03,Immediate inspection
ALT-00516,2026-07-19 10:00:00,PT-003,PIPE-003,PIPE-003,DMA-03,Pressure,18.83,mH2O,Valid,Critical,28.716,77.266,Critical Pressure alert for PIPE-003 in DMA-03,Immediate inspection
ALT-00517,2026-07-19 10:00:00,PT-004,PIPE-004,PIPE-004,DMA-04,Pressure,23.68,mH2O,Valid,Warning,28.704,77.237,Warning Pressure alert for PIPE-004 in DMA-04,Monitor and verify
ALT-00518,2026-07-19 11:00:00,PT-004,PIPE-004,PIPE-004,DMA-04,Pressure,23.46,mH2O,Valid,Warning,28.704,77.237,Warning Pressure alert for PIPE-004 in DMA-04,Monitor and verify
ALT-00519,2026-07-19 11:00:00,PT-003,PIPE-003,PIPE-003,DMA-03,Pressure,17.82,mH2O,Valid,Critical,28.716,77.266,Critical Pressure alert for PIPE-003 in DMA-03,Immediate inspection
ALT-00520,2026-07-19 12:00:00,PT-003,PIPE-003,PIPE-003,DMA-03,Pressure,20.84,mH2O,Valid,Warning,28.716,77.266,Warning Pressure alert for PIPE-003 in DMA-03,Monitor and verify
ALT-00521,2026-07-19 13:00:00,PT-004,PIPE-004,PIPE-004,DMA-04,Pressure,23.62,mH2O,Valid,Warning,28.704,77.237,Warning Pressure alert for PIPE-004 in DMA-04,Monitor and verify
ALT-00522,2026-07-19 13:00:00,PT-003,PIPE-003,PIPE-003,DMA-03,Pressure,19.57,mH2O,Valid,Critical,28.716,77.266,Critical Pressure alert for PIPE-003 in DMA-03,Immediate inspection
ALT-00523,2026-07-19 14:00:00,PT-003,PIPE-003,PIPE-003,DMA-03,Pressure,20.09,mH2O,Valid,Warning,28.716,77.266,Warning Pressure alert for PIPE-003 in DMA-03,Monitor and verify
ALT-00524,2026-07-19 15:00:00,PT-003,PIPE-003,PIPE-003,DMA-03,Pressure,20.83,mH2O,Valid,Warning,28.716,77.266,Warning Pressure alert for PIPE-003 in DMA-03,Monitor and verify
ALT-00525,2026-07-19 15:00:00,PT-004,PIPE-004,PIPE-004,DMA-04,Pressure,23.95,mH2O,Valid,Warning,28.704,77.237,Warning Pressure alert for PIPE-004 in DMA-04,Monitor and verify
ALT-00526,2026-07-19 16:00:00,PT-003,PIPE-003,PIPE-003,DMA-03,Pressure,21.16,mH2O,Valid,Warning,28.716,77.266,Warning Pressure alert for PIPE-003 in DMA-03,Monitor and verify
ALT-00527,2026-07-19 17:00:00,PT-003,PIPE-003,PIPE-003,DMA-03,Pressure,22.85,mH2O,Valid,Warning,28.716,77.266,Warning Pressure alert for PIPE-003 in DMA-03,Monitor and verify
ALT-00528,2026-07-19 17:00:00,PT-004,PIPE-004,PIPE-004,DMA-04,Pressure,23.73,mH2O,Valid,Warning,28.704,77.237,Warning Pressure alert for PIPE-004 in DMA-04,Monitor and verify
ALT-00529,2026-07-19 18:00:00,PT-003,PIPE-003,PIPE-003,DMA-03,Pressure,19.99,mH2O,Valid,Critical,28.716,77.266,Critical Pressure alert for PIPE-003 in DMA-03,Immediate inspection
ALT-00530,2026-07-19 19:00:00,PT-003,PIPE-003,PIPE-003,DMA-03,Pressure,19.29,mH2O,Valid,Critical,28.716,77.266,Critical Pressure alert for PIPE-003 in DMA-03,Immediate inspection
ALT-00531,2026-07-19 20:00:00,PT-003,PIPE-003,PIPE-003,DMA-03,Pressure,21.02,mH2O,Valid,Warning,28.716,77.266,Warning Pressure alert for PIPE-003 in DMA-03,Monitor and verify
ALT-00532,2026-07-19 20:00:00,PT-004,PIPE-004,PIPE-004,DMA-04,Pressure,23.68,mH2O,Valid,Warning,28.704,77.237,Warning Pressure alert for PIPE-004 in DMA-04,Monitor and verify
ALT-00533,2026-07-19 21:00:00,PT-003,PIPE-003,PIPE-003,DMA-03,Pressure,20.76,mH2O,Valid,Warning,28.716,77.266,Warning Pressure alert for PIPE-003 in DMA-03,Monitor and verify
ALT-00534,2026-07-19 22:00:00,PT-003,PIPE-003,PIPE-003,DMA-03,Pressure,21.87,mH2O,Valid,Warning,28.716,77.266,Warning Pressure alert for PIPE-003 in DMA-03,Monitor and verify
ALT-00535,2026-07-19 23:00:00,PT-003,PIPE-003,PIPE-003,DMA-03,Pressure,19.05,mH2O,Valid,Critical,28.716,77.266,Critical Pressure alert for PIPE-003 in DMA-03,Immediate inspection
ALT-00536,2026-07-20 00:00:00,PT-003,PIPE-003,PIPE-003,DMA-03,Pressure,20.51,mH2O,Valid,Warning,28.716,77.266,Warning Pressure alert for PIPE-003 in DMA-03,Monitor and verify
ALT-00537,2026-07-20 01:00:00,PT-003,PIPE-003,PIPE-003,DMA-03,Pressure,18.51,mH2O,Valid,Critical,28.716,77.266,Critical Pressure alert for PIPE-003 in DMA-03,Immediate inspection
ALT-00538,2026-07-20 02:00:00,PT-003,PIPE-003,PIPE-003,DMA-03,Pressure,16.85,mH2O,Valid,Critical,28.716,77.266,Critical Pressure alert for PIPE-003 in DMA-03,Immediate inspection
ALT-00539,2026-07-20 03:00:00,PT-003,PIPE-003,PIPE-003,DMA-03,Pressure,20.49,mH2O,Valid,Warning,28.716,77.266,Warning Pressure alert for PIPE-003 in DMA-03,Monitor and verify
ALT-00540,2026-07-20 03:00:00,FT-003,FM-003,PIPE-013,DMA-03,Flow,979.54,m3/hr,Valid,Warning,28.718,77.264,Warning Flow alert for PIPE-013 in DMA-03,Monitor and verify
ALT-00541,2026-07-20 04:00:00,PT-003,PIPE-003,PIPE-003,DMA-03,Pressure,18.35,mH2O,Valid,Critical,28.716,77.266,Critical Pressure alert for PIPE-003 in DMA-03,Immediate inspection
ALT-00542,2026-07-20 05:00:00,PT-003,PIPE-003,PIPE-003,DMA-03,Pressure,18.06,mH2O,Valid,Critical,28.716,77.266,Critical Pressure alert for PIPE-003 in DMA-03,Immediate inspection
ALT-00543,2026-07-20 06:00:00,PT-003,PIPE-003,PIPE-003,DMA-03,Pressure,17.51,mH2O,Valid,Critical,28.716,77.266,Critical Pressure alert for PIPE-003 in DMA-03,Immediate inspection
ALT-00544,2026-07-20 07:00:00,PT-003,PIPE-003,PIPE-003,DMA-03,Pressure,17.02,mH2O,Valid,Critical,28.716,77.266,Critical Pressure alert for PIPE-003 in DMA-03,Immediate inspection
ALT-00545,2026-07-20 08:00:00,PT-003,PIPE-003,PIPE-003,DMA-03,Pressure,15.51,mH2O,Valid,Critical,28.716,77.266,Critical Pressure alert for PIPE-003 in DMA-03,Immediate inspection
ALT-00546,2026-07-20 09:00:00,PT-003,PIPE-003,PIPE-003,DMA-03,Pressure,18.76,mH2O,Valid,Critical,28.716,77.266,Critical Pressure alert for PIPE-003 in DMA-03,Immediate inspection
ALT-00547,2026-07-20 10:00:00,PT-003,PIPE-003,PIPE-003,DMA-03,Pressure,18.57,mH2O,Valid,Critical,28.716,77.266,Critical Pressure alert for PIPE-003 in DMA-03,Immediate inspection
ALT-00548,2026-07-20 11:00:00,PT-003,PIPE-003,PIPE-003,DMA-03,Pressure,20.06,mH2O,Valid,Warning,28.716,77.266,Warning Pressure alert for PIPE-003 in DMA-03,Monitor and verify
ALT-00549,2026-07-20 12:00:00,PT-003,PIPE-003,PIPE-003,DMA-03,Pressure,20.25,mH2O,Valid,Warning,28.716,77.266,Warning Pressure alert for PIPE-003 in DMA-03,Monitor and verify
ALT-00550,2026-07-20 13:00:00,PT-003,PIPE-003,PIPE-003,DMA-03,Pressure,19.61,mH2O,Valid,Critical,28.716,77.266,Critical Pressure alert for PIPE-003 in DMA-03,Immediate inspection
ALT-00551,2026-07-20 14:00:00,PT-003,PIPE-003,PIPE-003,DMA-03,Pressure,20.34,mH2O,Valid,Warning,28.716,77.266,Warning Pressure alert for PIPE-003 in DMA-03,Monitor and verify
ALT-00552,2026-07-20 15:00:00,PT-003,PIPE-003,PIPE-003,DMA-03,Pressure,18.1,mH2O,Valid,Critical,28.716,77.266,Critical Pressure alert for PIPE-003 in DMA-03,Immediate inspection
ALT-00553,2026-07-20 16:00:00,PT-003,PIPE-003,PIPE-003,DMA-03,Pressure,18.45,mH2O,Valid,Critical,28.716,77.266,Critical Pressure alert for PIPE-003 in DMA-03,Immediate inspection
ALT-00554,2026-07-20 16:00:00,PT-004,PIPE-004,PIPE-004,DMA-04,Pressure,22.67,mH2O,Valid,Warning,28.704,77.237,Warning Pressure alert for PIPE-004 in DMA-04,Monitor and verify
ALT-00555,2026-07-20 17:00:00,PT-003,PIPE-003,PIPE-003,DMA-03,Pressure,20.04,mH2O,Valid,Warning,28.716,77.266,Warning Pressure alert for PIPE-003 in DMA-03,Monitor and verify
ALT-00556,2026-07-20 18:00:00,PT-003,PIPE-003,PIPE-003,DMA-03,Pressure,20.76,mH2O,Valid,Warning,28.716,77.266,Warning Pressure alert for PIPE-003 in DMA-03,Monitor and verify
ALT-00557,2026-07-20 19:00:00,PT-003,PIPE-003,PIPE-003,DMA-03,Pressure,20.34,mH2O,Valid,Warning,28.716,77.266,Warning Pressure alert for PIPE-003 in DMA-03,Monitor and verify
ALT-00558,2026-07-20 20:00:00,PT-003,PIPE-003,PIPE-003,DMA-03,Pressure,19.96,mH2O,Valid,Critical,28.716,77.266,Critical Pressure alert for PIPE-003 in DMA-03,Immediate inspection
ALT-00559,2026-07-20 21:00:00,PT-003,PIPE-003,PIPE-003,DMA-03,Pressure,20.28,mH2O,Valid,Warning,28.716,77.266,Warning Pressure alert for PIPE-003 in DMA-03,Monitor and verify
ALT-00560,2026-07-20 22:00:00,PT-003,PIPE-003,PIPE-003,DMA-03,Pressure,21.27,mH2O,Valid,Warning,28.716,77.266,Warning Pressure alert for PIPE-003 in DMA-03,Monitor and verify
ALT-00561,2026-07-20 23:00:00,PT-003,PIPE-003,PIPE-003,DMA-03,Pressure,19.03,mH2O,Valid,Critical,28.716,77.266,Critical Pressure alert for PIPE-003 in DMA-03,Immediate inspection
ALT-00562,2026-07-21 00:00:00,PT-003,PIPE-003,PIPE-003,DMA-03,Pressure,18.18,mH2O,Valid,Critical,28.716,77.266,Critical Pressure alert for PIPE-003 in DMA-03,Immediate inspection
ALT-00563,2026-07-21 01:00:00,PT-003,PIPE-003,PIPE-003,DMA-03,Pressure,20.22,mH2O,Valid,Warning,28.716,77.266,Warning Pressure alert for PIPE-003 in DMA-03,Monitor and verify
ALT-00564,2026-07-21 01:00:00,FT-003,FM-003,PIPE-013,DMA-03,Flow,961.2,m3/hr,Valid,Warning,28.718,77.264,Warning Flow alert for PIPE-013 in DMA-03,Monitor and verify
ALT-00565,2026-07-21 02:00:00,PT-003,PIPE-003,PIPE-003,DMA-03,Pressure,17.28,mH2O,Valid,Critical,28.716,77.266,Critical Pressure alert for PIPE-003 in DMA-03,Immediate inspection
ALT-00566,2026-07-21 03:00:00,PT-003,PIPE-003,PIPE-003,DMA-03,Pressure,17.5,mH2O,Valid,Critical,28.716,77.266,Critical Pressure alert for PIPE-003 in DMA-03,Immediate inspection
ALT-00567,2026-07-21 04:00:00,PT-003,PIPE-003,PIPE-003,DMA-03,Pressure,17.14,mH2O,Valid,Critical,28.716,77.266,Critical Pressure alert for PIPE-003 in DMA-03,Immediate inspection
ALT-00568,2026-07-21 04:00:00,FT-003,FM-003,PIPE-013,DMA-03,Flow,984.54,m3/hr,Valid,Warning,28.718,77.264,Warning Flow alert for PIPE-013 in DMA-03,Monitor and verify
ALT-00569,2026-07-21 05:00:00,PT-004,PIPE-004,PIPE-004,DMA-04,Pressure,23.91,mH2O,Valid,Warning,28.704,77.237,Warning Pressure alert for PIPE-004 in DMA-04,Monitor and verify
ALT-00570,2026-07-21 05:00:00,PT-003,PIPE-003,PIPE-003,DMA-03,Pressure,17.02,mH2O,Valid,Critical,28.716,77.266,Critical Pressure alert for PIPE-003 in DMA-03,Immediate inspection
ALT-00571,2026-07-21 06:00:00,PT-003,PIPE-003,PIPE-003,DMA-03,Pressure,17.0,mH2O,Valid,Critical,28.716,77.266,Critical Pressure alert for PIPE-003 in DMA-03,Immediate inspection
ALT-00572,2026-07-21 07:00:00,PT-003,PIPE-003,PIPE-003,DMA-03,Pressure,20.75,mH2O,Valid,Warning,28.716,77.266,Warning Pressure alert for PIPE-003 in DMA-03,Monitor and verify
ALT-00573,2026-07-21 07:00:00,PT-004,PIPE-004,PIPE-004,DMA-04,Pressure,23.27,mH2O,Valid,Warning,28.704,77.237,Warning Pressure alert for PIPE-004 in DMA-04,Monitor and verify
ALT-00574,2026-07-21 08:00:00,PT-003,PIPE-003,PIPE-003,DMA-03,Pressure,20.43,mH2O,Valid,Warning,28.716,77.266,Warning Pressure alert for PIPE-003 in DMA-03,Monitor and verify
ALT-00575,2026-07-21 09:00:00,PT-003,PIPE-003,PIPE-003,DMA-03,Pressure,17.46,mH2O,Valid,Critical,28.716,77.266,Critical Pressure alert for PIPE-003 in DMA-03,Immediate inspection
ALT-00576,2026-07-21 10:00:00,PT-003,PIPE-003,PIPE-003,DMA-03,Pressure,17.79,mH2O,Valid,Critical,28.716,77.266,Critical Pressure alert for PIPE-003 in DMA-03,Immediate inspection
ALT-00577,2026-07-21 10:00:00,PMP-003,PUMP-003,PUMP-003,DMA-03,Pump_Status,0,status,Valid,Warning,28.719,77.267,Warning Pump_Status alert for PUMP-003 in DMA-03,Monitor and verify
ALT-00578,2026-07-21 11:00:00,PT-003,PIPE-003,PIPE-003,DMA-03,Pressure,19.1,mH2O,Valid,Critical,28.716,77.266,Critical Pressure alert for PIPE-003 in DMA-03,Immediate inspection
ALT-00579,2026-07-21 11:00:00,PT-004,PIPE-004,PIPE-004,DMA-04,Pressure,23.13,mH2O,Valid,Warning,28.704,77.237,Warning Pressure alert for PIPE-004 in DMA-04,Monitor and verify
ALT-00580,2026-07-21 12:00:00,PT-003,PIPE-003,PIPE-003,DMA-03,Pressure,19.12,mH2O,Valid,Critical,28.716,77.266,Critical Pressure alert for PIPE-003 in DMA-03,Immediate inspection
ALT-00581,2026-07-21 13:00:00,PT-003,PIPE-003,PIPE-003,DMA-03,Pressure,20.11,mH2O,Valid,Warning,28.716,77.266,Warning Pressure alert for PIPE-003 in DMA-03,Monitor and verify
ALT-00582,2026-07-21 14:00:00,PT-004,PIPE-004,PIPE-004,DMA-04,Pressure,22.98,mH2O,Valid,Warning,28.704,77.237,Warning Pressure alert for PIPE-004 in DMA-04,Monitor and verify
ALT-00583,2026-07-21 14:00:00,PT-003,PIPE-003,PIPE-003,DMA-03,Pressure,20.18,mH2O,Valid,Warning,28.716,77.266,Warning Pressure alert for PIPE-003 in DMA-03,Monitor and verify
ALT-00584,2026-07-21 15:00:00,PT-003,PIPE-003,PIPE-003,DMA-03,Pressure,20.14,mH2O,Valid,Warning,28.716,77.266,Warning Pressure alert for PIPE-003 in DMA-03,Monitor and verify
ALT-00585,2026-07-21 16:00:00,PT-003,PIPE-003,PIPE-003,DMA-03,Pressure,20.92,mH2O,Valid,Warning,28.716,77.266,Warning Pressure alert for PIPE-003 in DMA-03,Monitor and verify
ALT-00586,2026-07-21 17:00:00,PT-004,PIPE-004,PIPE-004,DMA-04,Pressure,23.93,mH2O,Valid,Warning,28.704,77.237,Warning Pressure alert for PIPE-004 in DMA-04,Monitor and verify
ALT-00587,2026-07-21 17:00:00,PT-003,PIPE-003,PIPE-003,DMA-03,Pressure,19.27,mH2O,Valid,Critical,28.716,77.266,Critical Pressure alert for PIPE-003 in DMA-03,Immediate inspection
ALT-00588,2026-07-21 18:00:00,PT-003,PIPE-003,PIPE-003,DMA-03,Pressure,21.43,mH2O,Valid,Warning,28.716,77.266,Warning Pressure alert for PIPE-003 in DMA-03,Monitor and verify
ALT-00589,2026-07-21 19:00:00,PT-003,PIPE-003,PIPE-003,DMA-03,Pressure,22.07,mH2O,Valid,Warning,28.716,77.266,Warning Pressure alert for PIPE-003 in DMA-03,Monitor and verify
ALT-00590,2026-07-21 20:00:00,PT-003,PIPE-003,PIPE-003,DMA-03,Pressure,20.69,mH2O,Valid,Warning,28.716,77.266,Warning Pressure alert for PIPE-003 in DMA-03,Monitor and verify
ALT-00591,2026-07-21 21:00:00,PT-003,PIPE-003,PIPE-003,DMA-03,Pressure,21.26,mH2O,Valid,Warning,28.716,77.266,Warning Pressure alert for PIPE-003 in DMA-03,Monitor and verify
ALT-00592,2026-07-21 22:00:00,PT-003,PIPE-003,PIPE-003,DMA-03,Pressure,20.21,mH2O,Valid,Warning,28.716,77.266,Warning Pressure alert for PIPE-003 in DMA-03,Monitor and verify
ALT-00593,2026-07-21 23:00:00,PT-003,PIPE-003,PIPE-003,DMA-03,Pressure,19.04,mH2O,Valid,Critical,28.716,77.266,Critical Pressure alert for PIPE-003 in DMA-03,Immediate inspection
ALT-00594,2026-07-22 00:00:00,PT-003,PIPE-003,PIPE-003,DMA-03,Pressure,21.13,mH2O,Valid,Warning,28.716,77.266,Warning Pressure alert for PIPE-003 in DMA-03,Monitor and verify
ALT-00595,2026-07-22 00:00:00,FT-003,FM-003,PIPE-013,DMA-03,Flow,955.01,m3/hr,Valid,Warning,28.718,77.264,Warning Flow alert for PIPE-013 in DMA-03,Monitor and verify
ALT-00596,2026-07-22 01:00:00,PT-003,PIPE-003,PIPE-003,DMA-03,Pressure,19.72,mH2O,Valid,Critical,28.716,77.266,Critical Pressure alert for PIPE-003 in DMA-03,Immediate inspection
ALT-00597,2026-07-22 01:00:00,FT-003,FM-003,PIPE-013,DMA-03,Flow,938.83,m3/hr,Valid,Warning,28.718,77.264,Warning Flow alert for PIPE-013 in DMA-03,Monitor and verify
ALT-00598,2026-07-22 02:00:00,PT-003,PIPE-003,PIPE-003,DMA-03,Pressure,20.2,mH2O,Valid,Warning,28.716,77.266,Warning Pressure alert for PIPE-003 in DMA-03,Monitor and verify
ALT-00599,2026-07-22 03:00:00,PT-003,PIPE-003,PIPE-003,DMA-03,Pressure,17.72,mH2O,Valid,Critical,28.716,77.266,Critical Pressure alert for PIPE-003 in DMA-03,Immediate inspection
ALT-00600,2026-07-22 03:00:00,FT-003,FM-003,PIPE-013,DMA-03,Flow,1006.67,m3/hr,Valid,Warning,28.718,77.264,Warning Flow alert for PIPE-013 in DMA-03,Monitor and verify
ALT-00601,2026-07-22 04:00:00,PT-003,PIPE-003,PIPE-003,DMA-03,Pressure,17.9,mH2O,Valid,Critical,28.716,77.266,Critical Pressure alert for PIPE-003 in DMA-03,Immediate inspection
ALT-00602,2026-07-22 05:00:00,PT-004,PIPE-004,PIPE-004,DMA-04,Pressure,23.69,mH2O,Valid,Warning,28.704,77.237,Warning Pressure alert for PIPE-004 in DMA-04,Monitor and verify
ALT-00603,2026-07-22 05:00:00,PT-003,PIPE-003,PIPE-003,DMA-03,Pressure,17.39,mH2O,Valid,Critical,28.716,77.266,Critical Pressure alert for PIPE-003 in DMA-03,Immediate inspection
ALT-00604,2026-07-22 06:00:00,PT-003,PIPE-003,PIPE-003,DMA-03,Pressure,18.73,mH2O,Valid,Critical,28.716,77.266,Critical Pressure alert for PIPE-003 in DMA-03,Immediate inspection
ALT-00605,2026-07-22 07:00:00,PT-003,PIPE-003,PIPE-003,DMA-03,Pressure,18.15,mH2O,Valid,Critical,28.716,77.266,Critical Pressure alert for PIPE-003 in DMA-03,Immediate inspection
ALT-00606,2026-07-22 08:00:00,PT-003,PIPE-003,PIPE-003,DMA-03,Pressure,18.15,mH2O,Valid,Critical,28.716,77.266,Critical Pressure alert for PIPE-003 in DMA-03,Immediate inspection
ALT-00607,2026-07-22 09:00:00,PT-003,PIPE-003,PIPE-003,DMA-03,Pressure,17.35,mH2O,Valid,Critical,28.716,77.266,Critical Pressure alert for PIPE-003 in DMA-03,Immediate inspection
ALT-00608,2026-07-22 10:00:00,PT-003,PIPE-003,PIPE-003,DMA-03,Pressure,18.42,mH2O,Valid,Critical,28.716,77.266,Critical Pressure alert for PIPE-003 in DMA-03,Immediate inspection
ALT-00609,2026-07-22 11:00:00,PT-003,PIPE-003,PIPE-003,DMA-03,Pressure,19.1,mH2O,Valid,Critical,28.716,77.266,Critical Pressure alert for PIPE-003 in DMA-03,Immediate inspection
ALT-00610,2026-07-22 11:00:00,PT-004,PIPE-004,PIPE-004,DMA-04,Pressure,23.82,mH2O,Valid,Warning,28.704,77.237,Warning Pressure alert for PIPE-004 in DMA-04,Monitor and verify
ALT-00611,2026-07-22 12:00:00,PT-003,PIPE-003,PIPE-003,DMA-03,Pressure,19.8,mH2O,Valid,Critical,28.716,77.266,Critical Pressure alert for PIPE-003 in DMA-03,Immediate inspection
ALT-00612,2026-07-22 12:00:00,PMP-005,PUMP-005,PUMP-005,DMA-05,Pump_Status,0,status,Valid,Warning,28.714,77.243,Warning Pump_Status alert for PUMP-005 in DMA-05,Monitor and verify
ALT-00613,2026-07-22 13:00:00,PT-003,PIPE-003,PIPE-003,DMA-03,Pressure,19.0,mH2O,Valid,Critical,28.716,77.266,Critical Pressure alert for PIPE-003 in DMA-03,Immediate inspection
ALT-00614,2026-07-22 14:00:00,PT-003,PIPE-003,PIPE-003,DMA-03,Pressure,20.77,mH2O,Valid,Warning,28.716,77.266,Warning Pressure alert for PIPE-003 in DMA-03,Monitor and verify
ALT-00615,2026-07-22 15:00:00,PT-003,PIPE-003,PIPE-003,DMA-03,Pressure,20.19,mH2O,Valid,Warning,28.716,77.266,Warning Pressure alert for PIPE-003 in DMA-03,Monitor and verify
ALT-00616,2026-07-22 16:00:00,PT-003,PIPE-003,PIPE-003,DMA-03,Pressure,21.31,mH2O,Valid,Warning,28.716,77.266,Warning Pressure alert for PIPE-003 in DMA-03,Monitor and verify
ALT-00617,2026-07-22 17:00:00,PT-003,PIPE-003,PIPE-003,DMA-03,Pressure,20.15,mH2O,Valid,Warning,28.716,77.266,Warning Pressure alert for PIPE-003 in DMA-03,Monitor and verify
ALT-00618,2026-07-22 17:00:00,PT-004,PIPE-004,PIPE-004,DMA-04,Pressure,23.52,mH2O,Valid,Warning,28.704,77.237,Warning Pressure alert for PIPE-004 in DMA-04,Monitor and verify
ALT-00619,2026-07-22 18:00:00,PT-003,PIPE-003,PIPE-003,DMA-03,Pressure,20.28,mH2O,Valid,Warning,28.716,77.266,Warning Pressure alert for PIPE-003 in DMA-03,Monitor and verify
ALT-00620,2026-07-22 18:00:00,PT-004,PIPE-004,PIPE-004,DMA-04,Pressure,23.78,mH2O,Valid,Warning,28.704,77.237,Warning Pressure alert for PIPE-004 in DMA-04,Monitor and verify
ALT-00621,2026-07-22 19:00:00,PT-003,PIPE-003,PIPE-003,DMA-03,Pressure,21.78,mH2O,Valid,Warning,28.716,77.266,Warning Pressure alert for PIPE-003 in DMA-03,Monitor and verify
ALT-00622,2026-07-22 20:00:00,PT-004,PIPE-004,PIPE-004,DMA-04,Pressure,23.91,mH2O,Valid,Warning,28.704,77.237,Warning Pressure alert for PIPE-004 in DMA-04,Monitor and verify
ALT-00623,2026-07-22 20:00:00,PT-003,PIPE-003,PIPE-003,DMA-03,Pressure,20.38,mH2O,Valid,Warning,28.716,77.266,Warning Pressure alert for PIPE-003 in DMA-03,Monitor and verify
ALT-00624,2026-07-22 21:00:00,PT-003,PIPE-003,PIPE-003,DMA-03,Pressure,18.66,mH2O,Valid,Critical,28.716,77.266,Critical Pressure alert for PIPE-003 in DMA-03,Immediate inspection
ALT-00625,2026-07-22 22:00:00,PT-003,PIPE-003,PIPE-003,DMA-03,Pressure,20.78,mH2O,Valid,Warning,28.716,77.266,Warning Pressure alert for PIPE-003 in DMA-03,Monitor and verify
ALT-00626,2026-07-22 23:00:00,PT-003,PIPE-003,PIPE-003,DMA-03,Pressure,20.93,mH2O,Valid,Warning,28.716,77.266,Warning Pressure alert for PIPE-003 in DMA-03,Monitor and verify
ALT-00627,2026-07-23 00:00:00,FT-003,FM-003,PIPE-013,DMA-03,Flow,954.73,m3/hr,Valid,Warning,28.718,77.264,Warning Flow alert for PIPE-013 in DMA-03,Monitor and verify
ALT-00628,2026-07-23 00:00:00,PT-003,PIPE-003,PIPE-003,DMA-03,Pressure,19.87,mH2O,Valid,Critical,28.716,77.266,Critical Pressure alert for PIPE-003 in DMA-03,Immediate inspection
ALT-00629,2026-07-23 01:00:00,PT-003,PIPE-003,PIPE-003,DMA-03,Pressure,18.95,mH2O,Valid,Critical,28.716,77.266,Critical Pressure alert for PIPE-003 in DMA-03,Immediate inspection
ALT-00630,2026-07-23 01:00:00,FT-003,FM-003,PIPE-013,DMA-03,Flow,955.99,m3/hr,Valid,Warning,28.718,77.264,Warning Flow alert for PIPE-013 in DMA-03,Monitor and verify
ALT-00631,2026-07-23 02:00:00,PT-003,PIPE-003,PIPE-003,DMA-03,Pressure,16.51,mH2O,Valid,Critical,28.716,77.266,Critical Pressure alert for PIPE-003 in DMA-03,Immediate inspection
ALT-00632,2026-07-23 03:00:00,PT-004,PIPE-004,PIPE-004,DMA-04,Pressure,23.47,mH2O,Valid,Warning,28.704,77.237,Warning Pressure alert for PIPE-004 in DMA-04,Monitor and verify
ALT-00633,2026-07-23 03:00:00,FT-003,FM-003,PIPE-013,DMA-03,Flow,936.02,m3/hr,Valid,Warning,28.718,77.264,Warning Flow alert for PIPE-013 in DMA-03,Monitor and verify
ALT-00634,2026-07-23 03:00:00,PT-003,PIPE-003,PIPE-003,DMA-03,Pressure,20.16,mH2O,Valid,Warning,28.716,77.266,Warning Pressure alert for PIPE-003 in DMA-03,Monitor and verify
ALT-00635,2026-07-23 04:00:00,PT-003,PIPE-003,PIPE-003,DMA-03,Pressure,18.32,mH2O,Valid,Critical,28.716,77.266,Critical Pressure alert for PIPE-003 in DMA-03,Immediate inspection
ALT-00636,2026-07-23 05:00:00,PT-003,PIPE-003,PIPE-003,DMA-03,Pressure,16.45,mH2O,Valid,Critical,28.716,77.266,Critical Pressure alert for PIPE-003 in DMA-03,Immediate inspection
ALT-00637,2026-07-23 06:00:00,PT-003,PIPE-003,PIPE-003,DMA-03,Pressure,18.89,mH2O,Valid,Critical,28.716,77.266,Critical Pressure alert for PIPE-003 in DMA-03,Immediate inspection
ALT-00638,2026-07-23 07:00:00,PT-004,PIPE-004,PIPE-004,DMA-04,Pressure,23.41,mH2O,Valid,Warning,28.704,77.237,Warning Pressure alert for PIPE-004 in DMA-04,Monitor and verify
ALT-00639,2026-07-23 07:00:00,PT-003,PIPE-003,PIPE-003,DMA-03,Pressure,19.71,mH2O,Valid,Critical,28.716,77.266,Critical Pressure alert for PIPE-003 in DMA-03,Immediate inspection
ALT-00640,2026-07-23 08:00:00,PT-003,PIPE-003,PIPE-003,DMA-03,Pressure,16.76,mH2O,Valid,Critical,28.716,77.266,Critical Pressure alert for PIPE-003 in DMA-03,Immediate inspection
ALT-00641,2026-07-23 09:00:00,PT-003,PIPE-003,PIPE-003,DMA-03,Pressure,18.49,mH2O,Valid,Critical,28.716,77.266,Critical Pressure alert for PIPE-003 in DMA-03,Immediate inspection
ALT-00642,2026-07-23 10:00:00,PT-003,PIPE-003,PIPE-003,DMA-03,Pressure,17.71,mH2O,Valid,Critical,28.716,77.266,Critical Pressure alert for PIPE-003 in DMA-03,Immediate inspection
ALT-00643,2026-07-23 11:00:00,PT-003,PIPE-003,PIPE-003,DMA-03,Pressure,18.1,mH2O,Valid,Critical,28.716,77.266,Critical Pressure alert for PIPE-003 in DMA-03,Immediate inspection
ALT-00644,2026-07-23 12:00:00,PT-003,PIPE-003,PIPE-003,DMA-03,Pressure,20.76,mH2O,Valid,Warning,28.716,77.266,Warning Pressure alert for PIPE-003 in DMA-03,Monitor and verify
ALT-00645,2026-07-23 13:00:00,PT-003,PIPE-003,PIPE-003,DMA-03,Pressure,20.16,mH2O,Valid,Warning,28.716,77.266,Warning Pressure alert for PIPE-003 in DMA-03,Monitor and verify
ALT-00646,2026-07-23 14:00:00,PT-003,PIPE-003,PIPE-003,DMA-03,Pressure,20.42,mH2O,Valid,Warning,28.716,77.266,Warning Pressure alert for PIPE-003 in DMA-03,Monitor and verify
ALT-00647,2026-07-23 15:00:00,PT-003,PIPE-003,PIPE-003,DMA-03,Pressure,17.73,mH2O,Valid,Critical,28.716,77.266,Critical Pressure alert for PIPE-003 in DMA-03,Immediate inspection
ALT-00648,2026-07-23 16:00:00,PT-003,PIPE-003,PIPE-003,DMA-03,Pressure,21.59,mH2O,Valid,Warning,28.716,77.266,Warning Pressure alert for PIPE-003 in DMA-03,Monitor and verify
ALT-00649,2026-07-23 16:00:00,PMP-005,PUMP-005,PUMP-005,DMA-05,Pump_Status,0,status,Valid,Warning,28.714,77.243,Warning Pump_Status alert for PUMP-005 in DMA-05,Monitor and verify
ALT-00650,2026-07-23 17:00:00,PT-003,PIPE-003,PIPE-003,DMA-03,Pressure,20.68,mH2O,Valid,Warning,28.716,77.266,Warning Pressure alert for PIPE-003 in DMA-03,Monitor and verify
ALT-00651,2026-07-23 18:00:00,PT-003,PIPE-003,PIPE-003,DMA-03,Pressure,20.97,mH2O,Valid,Warning,28.716,77.266,Warning Pressure alert for PIPE-003 in DMA-03,Monitor and verify
ALT-00652,2026-07-23 19:00:00,PT-003,PIPE-003,PIPE-003,DMA-03,Pressure,21.53,mH2O,Valid,Warning,28.716,77.266,Warning Pressure alert for PIPE-003 in DMA-03,Monitor and verify
ALT-00653,2026-07-23 20:00:00,PT-003,PIPE-003,PIPE-003,DMA-03,Pressure,21.02,mH2O,Valid,Warning,28.716,77.266,Warning Pressure alert for PIPE-003 in DMA-03,Monitor and verify
ALT-00654,2026-07-23 21:00:00,PT-003,PIPE-003,PIPE-003,DMA-03,Pressure,19.14,mH2O,Valid,Critical,28.716,77.266,Critical Pressure alert for PIPE-003 in DMA-03,Immediate inspection
ALT-00655,2026-07-23 22:00:00,PT-003,PIPE-003,PIPE-003,DMA-03,Pressure,21.31,mH2O,Valid,Warning,28.716,77.266,Warning Pressure alert for PIPE-003 in DMA-03,Monitor and verify
ALT-00656,2026-07-23 23:00:00,PT-003,PIPE-003,PIPE-003,DMA-03,Pressure,20.22,mH2O,Valid,Warning,28.716,77.266,Warning Pressure alert for PIPE-003 in DMA-03,Monitor and verify
ALT-00657,2026-07-24 00:00:00,PT-003,PIPE-003,PIPE-003,DMA-03,Pressure,19.08,mH2O,Valid,Critical,28.716,77.266,Critical Pressure alert for PIPE-003 in DMA-03,Immediate inspection
ALT-00658,2026-07-24 01:00:00,FT-003,FM-003,PIPE-013,DMA-03,Flow,940.99,m3/hr,Valid,Warning,28.718,77.264,Warning Flow alert for PIPE-013 in DMA-03,Monitor and verify
ALT-00659,2026-07-24 01:00:00,PT-003,PIPE-003,PIPE-003,DMA-03,Pressure,16.36,mH2O,Valid,Critical,28.716,77.266,Critical Pressure alert for PIPE-003 in DMA-03,Immediate inspection
ALT-00660,2026-07-24 02:00:00,PT-003,PIPE-003,PIPE-003,DMA-03,Pressure,20.93,mH2O,Valid,Warning,28.716,77.266,Warning Pressure alert for PIPE-003 in DMA-03,Monitor and verify
ALT-00661,2026-07-24 02:00:00,FT-003,FM-003,PIPE-013,DMA-03,Flow,955.88,m3/hr,Valid,Warning,28.718,77.264,Warning Flow alert for PIPE-013 in DMA-03,Monitor and verify
ALT-00662,2026-07-24 03:00:00,PT-003,PIPE-003,PIPE-003,DMA-03,Pressure,16.57,mH2O,Valid,Critical,28.716,77.266,Critical Pressure alert for PIPE-003 in DMA-03,Immediate inspection
ALT-00663,2026-07-24 03:00:00,FT-003,FM-003,PIPE-013,DMA-03,Flow,962.77,m3/hr,Valid,Warning,28.718,77.264,Warning Flow alert for PIPE-013 in DMA-03,Monitor and verify
ALT-00664,2026-07-24 04:00:00,PT-003,PIPE-003,PIPE-003,DMA-03,Pressure,20.66,mH2O,Valid,Warning,28.716,77.266,Warning Pressure alert for PIPE-003 in DMA-03,Monitor and verify
ALT-00665,2026-07-24 05:00:00,PT-004,PIPE-004,PIPE-004,DMA-04,Pressure,23.14,mH2O,Valid,Warning,28.704,77.237,Warning Pressure alert for PIPE-004 in DMA-04,Monitor and verify
ALT-00666,2026-07-24 05:00:00,PT-003,PIPE-003,PIPE-003,DMA-03,Pressure,19.2,mH2O,Valid,Critical,28.716,77.266,Critical Pressure alert for PIPE-003 in DMA-03,Immediate inspection
ALT-00667,2026-07-24 06:00:00,PT-003,PIPE-003,PIPE-003,DMA-03,Pressure,17.33,mH2O,Valid,Critical,28.716,77.266,Critical Pressure alert for PIPE-003 in DMA-03,Immediate inspection
ALT-00668,2026-07-24 07:00:00,PT-003,PIPE-003,PIPE-003,DMA-03,Pressure,17.98,mH2O,Valid,Critical,28.716,77.266,Critical Pressure alert for PIPE-003 in DMA-03,Immediate inspection
ALT-00669,2026-07-24 08:00:00,PT-003,PIPE-003,PIPE-003,DMA-03,Pressure,19.41,mH2O,Valid,Critical,28.716,77.266,Critical Pressure alert for PIPE-003 in DMA-03,Immediate inspection
ALT-00670,2026-07-24 09:00:00,PT-003,PIPE-003,PIPE-003,DMA-03,Pressure,18.51,mH2O,Valid,Critical,28.716,77.266,Critical Pressure alert for PIPE-003 in DMA-03,Immediate inspection
ALT-00671,2026-07-24 10:00:00,PT-003,PIPE-003,PIPE-003,DMA-03,Pressure,17.52,mH2O,Valid,Critical,28.716,77.266,Critical Pressure alert for PIPE-003 in DMA-03,Immediate inspection
ALT-00672,2026-07-24 11:00:00,PT-003,PIPE-003,PIPE-003,DMA-03,Pressure,18.95,mH2O,Valid,Critical,28.716,77.266,Critical Pressure alert for PIPE-003 in DMA-03,Immediate inspection
ALT-00673,2026-07-24 12:00:00,PT-003,PIPE-003,PIPE-003,DMA-03,Pressure,18.95,mH2O,Valid,Critical,28.716,77.266,Critical Pressure alert for PIPE-003 in DMA-03,Immediate inspection
ALT-00674,2026-07-24 13:00:00,PT-003,PIPE-003,PIPE-003,DMA-03,Pressure,18.91,mH2O,Valid,Critical,28.716,77.266,Critical Pressure alert for PIPE-003 in DMA-03,Immediate inspection
ALT-00675,2026-07-24 13:00:00,PT-004,PIPE-004,PIPE-004,DMA-04,Pressure,23.54,mH2O,Valid,Warning,28.704,77.237,Warning Pressure alert for PIPE-004 in DMA-04,Monitor and verify
ALT-00676,2026-07-24 14:00:00,PT-003,PIPE-003,PIPE-003,DMA-03,Pressure,20.98,mH2O,Valid,Warning,28.716,77.266,Warning Pressure alert for PIPE-003 in DMA-03,Monitor and verify
ALT-00677,2026-07-24 15:00:00,PT-003,PIPE-003,PIPE-003,DMA-03,Pressure,19.17,mH2O,Valid,Critical,28.716,77.266,Critical Pressure alert for PIPE-003 in DMA-03,Immediate inspection
ALT-00678,2026-07-24 16:00:00,PT-003,PIPE-003,PIPE-003,DMA-03,Pressure,20.33,mH2O,Valid,Warning,28.716,77.266,Warning Pressure alert for PIPE-003 in DMA-03,Monitor and verify
ALT-00679,2026-07-24 17:00:00,PT-003,PIPE-003,PIPE-003,DMA-03,Pressure,20.78,mH2O,Valid,Warning,28.716,77.266,Warning Pressure alert for PIPE-003 in DMA-03,Monitor and verify
ALT-00680,2026-07-24 18:00:00,PT-003,PIPE-003,PIPE-003,DMA-03,Pressure,19.85,mH2O,Valid,Critical,28.716,77.266,Critical Pressure alert for PIPE-003 in DMA-03,Immediate inspection
ALT-00681,2026-07-24 19:00:00,PT-004,PIPE-004,PIPE-004,DMA-04,Pressure,23.34,mH2O,Valid,Warning,28.704,77.237,Warning Pressure alert for PIPE-004 in DMA-04,Monitor and verify
ALT-00682,2026-07-24 19:00:00,PT-003,PIPE-003,PIPE-003,DMA-03,Pressure,22.55,mH2O,Valid,Warning,28.716,77.266,Warning Pressure alert for PIPE-003 in DMA-03,Monitor and verify
ALT-00683,2026-07-24 20:00:00,PT-003,PIPE-003,PIPE-003,DMA-03,Pressure,21.55,mH2O,Valid,Warning,28.716,77.266,Warning Pressure alert for PIPE-003 in DMA-03,Monitor and verify
ALT-00684,2026-07-24 21:00:00,PT-003,PIPE-003,PIPE-003,DMA-03,Pressure,21.26,mH2O,Valid,Warning,28.716,77.266,Warning Pressure alert for PIPE-003 in DMA-03,Monitor and verify
ALT-00685,2026-07-24 22:00:00,PT-003,PIPE-003,PIPE-003,DMA-03,Pressure,20.78,mH2O,Valid,Warning,28.716,77.266,Warning Pressure alert for PIPE-003 in DMA-03,Monitor and verify
ALT-00686,2026-07-24 23:00:00,PT-003,PIPE-003,PIPE-003,DMA-03,Pressure,19.59,mH2O,Valid,Critical,28.716,77.266,Critical Pressure alert for PIPE-003 in DMA-03,Immediate inspection
ALT-00687,2026-07-25 00:00:00,PT-003,PIPE-003,PIPE-003,DMA-03,Pressure,18.88,mH2O,Valid,Critical,28.716,77.266,Critical Pressure alert for PIPE-003 in DMA-03,Immediate inspection
ALT-00688,2026-07-25 01:00:00,PT-003,PIPE-003,PIPE-003,DMA-03,Pressure,18.78,mH2O,Valid,Critical,28.716,77.266,Critical Pressure alert for PIPE-003 in DMA-03,Immediate inspection
ALT-00689,2026-07-25 01:00:00,FT-003,FM-003,PIPE-013,DMA-03,Flow,964.86,m3/hr,Valid,Warning,28.718,77.264,Warning Flow alert for PIPE-013 in DMA-03,Monitor and verify
ALT-00690,2026-07-25 02:00:00,FT-003,FM-003,PIPE-013,DMA-03,Flow,937.6,m3/hr,Valid,Warning,28.718,77.264,Warning Flow alert for PIPE-013 in DMA-03,Monitor and verify
ALT-00691,2026-07-25 02:00:00,PT-003,PIPE-003,PIPE-003,DMA-03,Pressure,18.09,mH2O,Valid,Critical,28.716,77.266,Critical Pressure alert for PIPE-003 in DMA-03,Immediate inspection
ALT-00692,2026-07-25 02:00:00,PT-004,PIPE-004,PIPE-004,DMA-04,Pressure,23.63,mH2O,Valid,Warning,28.704,77.237,Warning Pressure alert for PIPE-004 in DMA-04,Monitor and verify
ALT-00693,2026-07-25 03:00:00,PT-003,PIPE-003,PIPE-003,DMA-03,Pressure,17.76,mH2O,Valid,Critical,28.716,77.266,Critical Pressure alert for PIPE-003 in DMA-03,Immediate inspection
ALT-00694,2026-07-25 03:00:00,FT-003,FM-003,PIPE-013,DMA-03,Flow,964.68,m3/hr,Valid,Warning,28.718,77.264,Warning Flow alert for PIPE-013 in DMA-03,Monitor and verify
ALT-00695,2026-07-25 04:00:00,PT-004,PIPE-004,PIPE-004,DMA-04,Pressure,23.83,mH2O,Valid,Warning,28.704,77.237,Warning Pressure alert for PIPE-004 in DMA-04,Monitor and verify
ALT-00696,2026-07-25 04:00:00,FT-003,FM-003,PIPE-013,DMA-03,Flow,944.74,m3/hr,Valid,Warning,28.718,77.264,Warning Flow alert for PIPE-013 in DMA-03,Monitor and verify
ALT-00697,2026-07-25 04:00:00,PT-003,PIPE-003,PIPE-003,DMA-03,Pressure,16.2,mH2O,Valid,Critical,28.716,77.266,Critical Pressure alert for PIPE-003 in DMA-03,Immediate inspection
ALT-00698,2026-07-25 05:00:00,PT-003,PIPE-003,PIPE-003,DMA-03,Pressure,18.53,mH2O,Valid,Critical,28.716,77.266,Critical Pressure alert for PIPE-003 in DMA-03,Immediate inspection
ALT-00699,2026-07-25 06:00:00,PT-003,PIPE-003,PIPE-003,DMA-03,Pressure,19.22,mH2O,Valid,Critical,28.716,77.266,Critical Pressure alert for PIPE-003 in DMA-03,Immediate inspection
ALT-00700,2026-07-25 07:00:00,PT-003,PIPE-003,PIPE-003,DMA-03,Pressure,18.11,mH2O,Valid,Critical,28.716,77.266,Critical Pressure alert for PIPE-003 in DMA-03,Immediate inspection
ALT-00701,2026-07-25 08:00:00,PT-004,PIPE-004,PIPE-004,DMA-04,Pressure,23.57,mH2O,Valid,Warning,28.704,77.237,Warning Pressure alert for PIPE-004 in DMA-04,Monitor and verify
ALT-00702,2026-07-25 08:00:00,PT-003,PIPE-003,PIPE-003,DMA-03,Pressure,19.29,mH2O,Valid,Critical,28.716,77.266,Critical Pressure alert for PIPE-003 in DMA-03,Immediate inspection
ALT-00703,2026-07-25 09:00:00,PT-003,PIPE-003,PIPE-003,DMA-03,Pressure,18.12,mH2O,Valid,Critical,28.716,77.266,Critical Pressure alert for PIPE-003 in DMA-03,Immediate inspection
ALT-00704,2026-07-25 10:00:00,PT-003,PIPE-003,PIPE-003,DMA-03,Pressure,19.08,mH2O,Valid,Critical,28.716,77.266,Critical Pressure alert for PIPE-003 in DMA-03,Immediate inspection
ALT-00705,2026-07-25 11:00:00,PT-003,PIPE-003,PIPE-003,DMA-03,Pressure,20.09,mH2O,Valid,Warning,28.716,77.266,Warning Pressure alert for PIPE-003 in DMA-03,Monitor and verify
ALT-00706,2026-07-25 12:00:00,PT-003,PIPE-003,PIPE-003,DMA-03,Pressure,18.71,mH2O,Valid,Critical,28.716,77.266,Critical Pressure alert for PIPE-003 in DMA-03,Immediate inspection
ALT-00707,2026-07-25 13:00:00,PT-003,PIPE-003,PIPE-003,DMA-03,Pressure,18.14,mH2O,Valid,Critical,28.716,77.266,Critical Pressure alert for PIPE-003 in DMA-03,Immediate inspection
ALT-00708,2026-07-25 14:00:00,PT-003,PIPE-003,PIPE-003,DMA-03,Pressure,18.24,mH2O,Valid,Critical,28.716,77.266,Critical Pressure alert for PIPE-003 in DMA-03,Immediate inspection
ALT-00709,2026-07-25 15:00:00,PT-003,PIPE-003,PIPE-003,DMA-03,Pressure,20.92,mH2O,Valid,Warning,28.716,77.266,Warning Pressure alert for PIPE-003 in DMA-03,Monitor and verify
ALT-00710,2026-07-25 16:00:00,PT-003,PIPE-003,PIPE-003,DMA-03,Pressure,21.18,mH2O,Valid,Warning,28.716,77.266,Warning Pressure alert for PIPE-003 in DMA-03,Monitor and verify
ALT-00711,2026-07-25 17:00:00,PT-003,PIPE-003,PIPE-003,DMA-03,Pressure,20.87,mH2O,Valid,Warning,28.716,77.266,Warning Pressure alert for PIPE-003 in DMA-03,Monitor and verify
ALT-00712,2026-07-25 18:00:00,PT-003,PIPE-003,PIPE-003,DMA-03,Pressure,20.64,mH2O,Valid,Warning,28.716,77.266,Warning Pressure alert for PIPE-003 in DMA-03,Monitor and verify
ALT-00713,2026-07-25 19:00:00,PT-003,PIPE-003,PIPE-003,DMA-03,Pressure,19.82,mH2O,Valid,Critical,28.716,77.266,Critical Pressure alert for PIPE-003 in DMA-03,Immediate inspection
ALT-00714,2026-07-25 20:00:00,PT-003,PIPE-003,PIPE-003,DMA-03,Pressure,19.57,mH2O,Valid,Critical,28.716,77.266,Critical Pressure alert for PIPE-003 in DMA-03,Immediate inspection
ALT-00715,2026-07-25 21:00:00,PT-003,PIPE-003,PIPE-003,DMA-03,Pressure,20.97,mH2O,Valid,Warning,28.716,77.266,Warning Pressure alert for PIPE-003 in DMA-03,Monitor and verify
ALT-00716,2026-07-25 22:00:00,PT-003,PIPE-003,PIPE-003,DMA-03,Pressure,19.19,mH2O,Valid,Critical,28.716,77.266,Critical Pressure alert for PIPE-003 in DMA-03,Immediate inspection
ALT-00717,2026-07-25 23:00:00,PT-004,PIPE-004,PIPE-004,DMA-04,Pressure,23.83,mH2O,Valid,Warning,28.704,77.237,Warning Pressure alert for PIPE-004 in DMA-04,Monitor and verify
ALT-00718,2026-07-25 23:00:00,PT-003,PIPE-003,PIPE-003,DMA-03,Pressure,19.11,mH2O,Valid,Critical,28.716,77.266,Critical Pressure alert for PIPE-003 in DMA-03,Immediate inspection
ALT-00719,2026-07-26 00:00:00,PT-004,PIPE-004,PIPE-004,DMA-04,Pressure,23.76,mH2O,Valid,Warning,28.704,77.237,Warning Pressure alert for PIPE-004 in DMA-04,Monitor and verify
ALT-00720,2026-07-26 10:00:00,PMP-004,PUMP-004,PUMP-004,DMA-04,Pump_Status,0,status,Valid,Warning,28.707,77.238,Warning Pump_Status alert for PUMP-004 in DMA-04,Monitor and verify
ALT-00721,2026-07-26 10:00:00,PT-004,PIPE-004,PIPE-004,DMA-04,Pressure,23.76,mH2O,Valid,Warning,28.704,77.237,Warning Pressure alert for PIPE-004 in DMA-04,Monitor and verify
ALT-00722,2026-07-26 13:00:00,PT-004,PIPE-004,PIPE-004,DMA-04,Pressure,22.76,mH2O,Valid,Warning,28.704,77.237,Warning Pressure alert for PIPE-004 in DMA-04,Monitor and verify
ALT-00723,2026-07-27 04:00:00,PT-004,PIPE-004,PIPE-004,DMA-04,Pressure,23.66,mH2O,Valid,Warning,28.704,77.237,Warning Pressure alert for PIPE-004 in DMA-04,Monitor and verify
ALT-00724,2026-07-27 07:00:00,PT-004,PIPE-004,PIPE-004,DMA-04,Pressure,23.58,mH2O,Valid,Warning,28.704,77.237,Warning Pressure alert for PIPE-004 in DMA-04,Monitor and verify
ALT-00725,2026-07-27 23:00:00,PT-004,PIPE-004,PIPE-004,DMA-04,Pressure,23.47,mH2O,Valid,Warning,28.704,77.237,Warning Pressure alert for PIPE-004 in DMA-04,Monitor and verify
ALT-00726,2026-07-28 00:00:00,PT-004,PIPE-004,PIPE-004,DMA-04,Pressure,23.35,mH2O,Valid,Warning,28.704,77.237,Warning Pressure alert for PIPE-004 in DMA-04,Monitor and verify
ALT-00727,2026-07-28 08:00:00,PT-004,PIPE-004,PIPE-004,DMA-04,Pressure,23.29,mH2O,Valid,Warning,28.704,77.237,Warning Pressure alert for PIPE-004 in DMA-04,Monitor and verify
ALT-00728,2026-07-28 10:00:00,PT-004,PIPE-004,PIPE-004,DMA-04,Pressure,22.69,mH2O,Valid,Warning,28.704,77.237,Warning Pressure alert for PIPE-004 in DMA-04,Monitor and verify
ALT-00729,2026-07-28 18:00:00,PT-004,PIPE-004,PIPE-004,DMA-04,Pressure,23.95,mH2O,Valid,Warning,28.704,77.237,Warning Pressure alert for PIPE-004 in DMA-04,Monitor and verify
ALT-00730,2026-07-28 19:00:00,PT-004,PIPE-004,PIPE-004,DMA-04,Pressure,22.76,mH2O,Valid,Warning,28.704,77.237,Warning Pressure alert for PIPE-004 in DMA-04,Monitor and verify
ALT-00731,2026-07-28 22:00:00,PT-004,PIPE-004,PIPE-004,DMA-04,Pressure,23.85,mH2O,Valid,Warning,28.704,77.237,Warning Pressure alert for PIPE-004 in DMA-04,Monitor and verify
ALT-00732,2026-07-29 02:00:00,PT-004,PIPE-004,PIPE-004,DMA-04,Pressure,23.39,mH2O,Valid,Warning,28.704,77.237,Warning Pressure alert for PIPE-004 in DMA-04,Monitor and verify
ALT-00733,2026-07-29 05:00:00,PT-004,PIPE-004,PIPE-004,DMA-04,Pressure,23.57,mH2O,Valid,Warning,28.704,77.237,Warning Pressure alert for PIPE-004 in DMA-04,Monitor and verify
ALT-00734,2026-07-29 07:00:00,PT-004,PIPE-004,PIPE-004,DMA-04,Pressure,23.91,mH2O,Valid,Warning,28.704,77.237,Warning Pressure alert for PIPE-004 in DMA-04,Monitor and verify
ALT-00735,2026-07-29 11:00:00,PT-004,PIPE-004,PIPE-004,DMA-04,Pressure,23.45,mH2O,Valid,Warning,28.704,77.237,Warning Pressure alert for PIPE-004 in DMA-04,Monitor and verify
ALT-00736,2026-07-30 06:00:00,PT-004,PIPE-004,PIPE-004,DMA-04,Pressure,23.83,mH2O,Valid,Warning,28.704,77.237,Warning Pressure alert for PIPE-004 in DMA-04,Monitor and verify
ALT-00737,2026-07-30 07:00:00,PT-004,PIPE-004,PIPE-004,DMA-04,Pressure,23.92,mH2O,Valid,Warning,28.704,77.237,Warning Pressure alert for PIPE-004 in DMA-04,Monitor and verify
ALT-00738,2026-07-30 14:00:00,PT-004,PIPE-004,PIPE-004,DMA-04,Pressure,23.12,mH2O,Valid,Warning,28.704,77.237,Warning Pressure alert for PIPE-004 in DMA-04,Monitor and verify
ALT-00739,2026-07-30 15:00:00,PT-004,PIPE-004,PIPE-004,DMA-04,Pressure,23.24,mH2O,Valid,Warning,28.704,77.237,Warning Pressure alert for PIPE-004 in DMA-04,Monitor and verify
ALT-00740,2026-07-30 18:00:00,PT-004,PIPE-004,PIPE-004,DMA-04,Pressure,23.87,mH2O,Valid,Warning,28.704,77.237,Warning Pressure alert for PIPE-004 in DMA-04,Monitor and verify
ALT-00741,2026-07-30 20:00:00,PT-004,PIPE-004,PIPE-004,DMA-04,Pressure,23.81,mH2O,Valid,Warning,28.704,77.237,Warning Pressure alert for PIPE-004 in DMA-04,Monitor and verify
ALT-00742,2026-07-30 22:00:00,PT-004,PIPE-004,PIPE-004,DMA-04,Pressure,23.95,mH2O,Valid,Warning,28.704,77.237,Warning Pressure alert for PIPE-004 in DMA-04,Monitor and verify
ALT-00743,2026-07-31 01:00:00,PT-004,PIPE-004,PIPE-004,DMA-04,Pressure,23.67,mH2O,Valid,Warning,28.704,77.237,Warning Pressure alert for PIPE-004 in DMA-04,Monitor and verify
ALT-00744,2026-07-31 05:00:00,PT-002,PIPE-002,PIPE-002,DMA-02,Pressure,21.3,mH2O,Valid,Warning,28.725,77.25,Warning Pressure alert for PIPE-002 in DMA-02,Monitor and verify
ALT-00745,2026-07-31 06:00:00,PMP-002,PUMP-002,PUMP-002,DMA-02,Pump_Status,0,status,Valid,Critical,28.728,77.251,Critical Pump_Status alert for PUMP-002 in DMA-02,Immediate inspection
ALT-00746,2026-07-31 06:00:00,PT-002,PIPE-002,PIPE-002,DMA-02,Pressure,20.46,mH2O,Valid,Warning,28.725,77.25,Warning Pressure alert for PIPE-002 in DMA-02,Monitor and verify
ALT-00747,2026-07-31 07:00:00,PT-002,PIPE-002,PIPE-002,DMA-02,Pressure,19.92,mH2O,Valid,Critical,28.725,77.25,Critical Pressure alert for PIPE-002 in DMA-02,Immediate inspection
ALT-00748,2026-07-31 08:00:00,PMP-002,PUMP-002,PUMP-002,DMA-02,Pump_Status,0,status,Valid,Critical,28.728,77.251,Critical Pump_Status alert for PUMP-002 in DMA-02,Immediate inspection
ALT-00749,2026-07-31 08:00:00,PT-002,PIPE-002,PIPE-002,DMA-02,Pressure,19.29,mH2O,Valid,Critical,28.725,77.25,Critical Pressure alert for PIPE-002 in DMA-02,Immediate inspection
ALT-00750,2026-07-31 08:00:00,PT-004,PIPE-004,PIPE-004,DMA-04,Pressure,23.61,mH2O,Valid,Warning,28.704,77.237,Warning Pressure alert for PIPE-004 in DMA-04,Monitor and verify
ALT-00751,2026-07-31 09:00:00,PT-002,PIPE-002,PIPE-002,DMA-02,Pressure,19.02,mH2O,Valid,Critical,28.725,77.25,Critical Pressure alert for PIPE-002 in DMA-02,Immediate inspection
ALT-00752,2026-07-31 10:00:00,PT-002,PIPE-002,PIPE-002,DMA-02,Pressure,19.99,mH2O,Valid,Critical,28.725,77.25,Critical Pressure alert for PIPE-002 in DMA-02,Immediate inspection
ALT-00753,2026-07-31 10:00:00,PMP-002,PUMP-002,PUMP-002,DMA-02,Pump_Status,0,status,Valid,Critical,28.728,77.251,Critical Pump_Status alert for PUMP-002 in DMA-02,Immediate inspection
ALT-00754,2026-07-31 11:00:00,PT-004,PIPE-004,PIPE-004,DMA-04,Pressure,21.93,mH2O,Valid,Warning,28.704,77.237,Warning Pressure alert for PIPE-004 in DMA-04,Monitor and verify
ALT-00755,2026-07-31 11:00:00,PT-002,PIPE-002,PIPE-002,DMA-02,Pressure,16.41,mH2O,Valid,Critical,28.725,77.25,Critical Pressure alert for PIPE-002 in DMA-02,Immediate inspection
ALT-00756,2026-07-31 12:00:00,PT-004,PIPE-004,PIPE-004,DMA-04,Pressure,22.5,mH2O,Valid,Warning,28.704,77.237,Warning Pressure alert for PIPE-004 in DMA-04,Monitor and verify
ALT-00757,2026-07-31 14:00:00,PT-004,PIPE-004,PIPE-004,DMA-04,Pressure,23.57,mH2O,Valid,Warning,28.704,77.237,Warning Pressure alert for PIPE-004 in DMA-04,Monitor and verify
ALT-00758,2026-07-31 17:00:00,PT-004,PIPE-004,PIPE-004,DMA-04,Pressure,23.71,mH2O,Valid,Warning,28.704,77.237,Warning Pressure alert for PIPE-004 in DMA-04,Monitor and verify
ALT-00759,2026-08-01 03:00:00,PT-004,PIPE-004,PIPE-004,DMA-04,Pressure,23.89,mH2O,Valid,Warning,28.704,77.237,Warning Pressure alert for PIPE-004 in DMA-04,Monitor and verify
ALT-00760,2026-08-01 14:00:00,PT-004,PIPE-004,PIPE-004,DMA-04,Pressure,23.46,mH2O,Valid,Warning,28.704,77.237,Warning Pressure alert for PIPE-004 in DMA-04,Monitor and verify
ALT-00761,2026-08-01 16:00:00,PT-004,PIPE-004,PIPE-004,DMA-04,Pressure,23.67,mH2O,Valid,Warning,28.704,77.237,Warning Pressure alert for PIPE-004 in DMA-04,Monitor and verify
ALT-00762,2026-08-01 17:00:00,PT-004,PIPE-004,PIPE-004,DMA-04,Pressure,23.45,mH2O,Valid,Warning,28.704,77.237,Warning Pressure alert for PIPE-004 in DMA-04,Monitor and verify
ALT-00763,2026-08-01 20:00:00,PT-004,PIPE-004,PIPE-004,DMA-04,Pressure,23.95,mH2O,Valid,Warning,28.704,77.237,Warning Pressure alert for PIPE-004 in DMA-04,Monitor and verify
ALT-00764,2026-08-02 09:00:00,PT-004,PIPE-004,PIPE-004,DMA-04,Pressure,23.68,mH2O,Valid,Warning,28.704,77.237,Warning Pressure alert for PIPE-004 in DMA-04,Monitor and verify
ALT-00765,2026-08-02 10:00:00,PT-004,PIPE-004,PIPE-004,DMA-04,Pressure,23.95,mH2O,Valid,Warning,28.704,77.237,Warning Pressure alert for PIPE-004 in DMA-04,Monitor and verify
ALT-00766,2026-08-02 11:00:00,PMP-001,PUMP-001,PUMP-001,DMA-01,Pump_Status,0,status,Valid,Warning,28.74,77.253,Warning Pump_Status alert for PUMP-001 in DMA-01,Monitor and verify
ALT-00767,2026-08-02 19:00:00,PT-004,PIPE-004,PIPE-004,DMA-04,Pressure,23.67,mH2O,Valid,Warning,28.704,77.237,Warning Pressure alert for PIPE-004 in DMA-04,Monitor and verify
ALT-00768,2026-08-02 22:00:00,PT-004,PIPE-004,PIPE-004,DMA-04,Pressure,23.65,mH2O,Valid,Warning,28.704,77.237,Warning Pressure alert for PIPE-004 in DMA-04,Monitor and verify
ALT-00769,2026-08-02 23:00:00,PT-004,PIPE-004,PIPE-004,DMA-04,Pressure,23.94,mH2O,Valid,Warning,28.704,77.237,Warning Pressure alert for PIPE-004 in DMA-04,Monitor and verify
ALT-00770,2026-08-03 02:00:00,PT-004,PIPE-004,PIPE-004,DMA-04,Pressure,23.96,mH2O,Valid,Warning,28.704,77.237,Warning Pressure alert for PIPE-004 in DMA-04,Monitor and verify
ALT-00771,2026-08-03 03:00:00,PMP-003,PUMP-003,PUMP-003,DMA-03,Pump_Status,0,status,Valid,Warning,28.719,77.267,Warning Pump_Status alert for PUMP-003 in DMA-03,Monitor and verify
ALT-00772,2026-08-03 05:00:00,PT-004,PIPE-004,PIPE-004,DMA-04,Pressure,23.91,mH2O,Valid,Warning,28.704,77.237,Warning Pressure alert for PIPE-004 in DMA-04,Monitor and verify
ALT-00773,2026-08-03 10:00:00,QT-005,WQS-005,WQS-005,DMA-05,Chlorine,0.195,mg/L,Valid,Critical,28.712,77.245,Critical Chlorine alert for WQS-005 in DMA-05,Immediate inspection
ALT-00774,2026-08-03 10:00:00,QT-005,WQS-005,WQS-005,DMA-05,Turbidity,4.28,NTU,Valid,Critical,28.712,77.245,Critical Turbidity alert for WQS-005 in DMA-05,Immediate inspection
ALT-00775,2026-08-03 11:00:00,QT-005,WQS-005,WQS-005,DMA-05,Chlorine,0.176,mg/L,Valid,Critical,28.712,77.245,Critical Chlorine alert for WQS-005 in DMA-05,Immediate inspection
ALT-00776,2026-08-03 11:00:00,QT-005,WQS-005,WQS-005,DMA-05,Turbidity,4.27,NTU,Valid,Critical,28.712,77.245,Critical Turbidity alert for WQS-005 in DMA-05,Immediate inspection
ALT-00777,2026-08-03 12:00:00,QT-005,WQS-005,WQS-005,DMA-05,Turbidity,3.95,NTU,Valid,Warning,28.712,77.245,Warning Turbidity alert for WQS-005 in DMA-05,Monitor and verify
ALT-00778,2026-08-03 12:00:00,QT-005,WQS-005,WQS-005,DMA-05,Chlorine,0.14,mg/L,Valid,Critical,28.712,77.245,Critical Chlorine alert for WQS-005 in DMA-05,Immediate inspection
ALT-00779,2026-08-03 13:00:00,QT-005,WQS-005,WQS-005,DMA-05,Turbidity,4.34,NTU,Valid,Critical,28.712,77.245,Critical Turbidity alert for WQS-005 in DMA-05,Immediate inspection
ALT-00780,2026-08-03 13:00:00,QT-005,WQS-005,WQS-005,DMA-05,Chlorine,0.215,mg/L,Valid,Warning,28.712,77.245,Warning Chlorine alert for WQS-005 in DMA-05,Monitor and verify
ALT-00781,2026-08-03 14:00:00,QT-005,WQS-005,WQS-005,DMA-05,Chlorine,0.12,mg/L,Valid,Critical,28.712,77.245,Critical Chlorine alert for WQS-005 in DMA-05,Immediate inspection
ALT-00782,2026-08-03 14:00:00,PT-004,PIPE-004,PIPE-004,DMA-04,Pressure,23.87,mH2O,Valid,Warning,28.704,77.237,Warning Pressure alert for PIPE-004 in DMA-04,Monitor and verify
ALT-00783,2026-08-03 14:00:00,QT-005,WQS-005,WQS-005,DMA-05,Turbidity,4.31,NTU,Valid,Critical,28.712,77.245,Critical Turbidity alert for WQS-005 in DMA-05,Immediate inspection
ALT-00784,2026-08-03 15:00:00,QT-005,WQS-005,WQS-005,DMA-05,Turbidity,4.25,NTU,Valid,Critical,28.712,77.245,Critical Turbidity alert for WQS-005 in DMA-05,Immediate inspection
ALT-00785,2026-08-03 15:00:00,QT-005,WQS-005,WQS-005,DMA-05,Chlorine,0.087,mg/L,Valid,Critical,28.712,77.245,Critical Chlorine alert for WQS-005 in DMA-05,Immediate inspection
ALT-00786,2026-08-03 16:00:00,QT-005,WQS-005,WQS-005,DMA-05,Chlorine,0.169,mg/L,Valid,Critical,28.712,77.245,Critical Chlorine alert for WQS-005 in DMA-05,Immediate inspection
ALT-00787,2026-08-03 16:00:00,QT-005,WQS-005,WQS-005,DMA-05,Turbidity,4.23,NTU,Valid,Critical,28.712,77.245,Critical Turbidity alert for WQS-005 in DMA-05,Immediate inspection
ALT-00788,2026-08-03 17:00:00,QT-005,WQS-005,WQS-005,DMA-05,Chlorine,0.196,mg/L,Valid,Critical,28.712,77.245,Critical Chlorine alert for WQS-005 in DMA-05,Immediate inspection
ALT-00789,2026-08-03 17:00:00,QT-005,WQS-005,WQS-005,DMA-05,Turbidity,4.3,NTU,Valid,Critical,28.712,77.245,Critical Turbidity alert for WQS-005 in DMA-05,Immediate inspection
ALT-00790,2026-08-03 17:00:00,PT-004,PIPE-004,PIPE-004,DMA-04,Pressure,23.78,mH2O,Valid,Warning,28.704,77.237,Warning Pressure alert for PIPE-004 in DMA-04,Monitor and verify
ALT-00791,2026-08-03 18:00:00,QT-005,WQS-005,WQS-005,DMA-05,Chlorine,0.273,mg/L,Valid,Warning,28.712,77.245,Warning Chlorine alert for WQS-005 in DMA-05,Monitor and verify
ALT-00792,2026-08-03 18:00:00,QT-005,WQS-005,WQS-005,DMA-05,Turbidity,4.31,NTU,Valid,Critical,28.712,77.245,Critical Turbidity alert for WQS-005 in DMA-05,Immediate inspection
ALT-00793,2026-08-03 19:00:00,QT-005,WQS-005,WQS-005,DMA-05,Turbidity,4.31,NTU,Valid,Critical,28.712,77.245,Critical Turbidity alert for WQS-005 in DMA-05,Immediate inspection
ALT-00794,2026-08-03 19:00:00,QT-005,WQS-005,WQS-005,DMA-05,Chlorine,0.121,mg/L,Valid,Critical,28.712,77.245,Critical Chlorine alert for WQS-005 in DMA-05,Immediate inspection
ALT-00795,2026-08-03 20:00:00,QT-005,WQS-005,WQS-005,DMA-05,Turbidity,4.3,NTU,Valid,Critical,28.712,77.245,Critical Turbidity alert for WQS-005 in DMA-05,Immediate inspection
ALT-00796,2026-08-03 20:00:00,QT-005,WQS-005,WQS-005,DMA-05,Chlorine,0.217,mg/L,Valid,Warning,28.712,77.245,Warning Chlorine alert for WQS-005 in DMA-05,Monitor and verify
ALT-00797,2026-08-03 21:00:00,QT-005,WQS-005,WQS-005,DMA-05,Chlorine,0.11,mg/L,Valid,Critical,28.712,77.245,Critical Chlorine alert for WQS-005 in DMA-05,Immediate inspection
ALT-00798,2026-08-03 21:00:00,QT-005,WQS-005,WQS-005,DMA-05,Turbidity,4.6,NTU,Valid,Critical,28.712,77.245,Critical Turbidity alert for WQS-005 in DMA-05,Immediate inspection
ALT-00799,2026-08-03 22:00:00,PT-004,PIPE-004,PIPE-004,DMA-04,Pressure,23.06,mH2O,Valid,Warning,28.704,77.237,Warning Pressure alert for PIPE-004 in DMA-04,Monitor and verify
ALT-00800,2026-08-03 22:00:00,QT-005,WQS-005,WQS-005,DMA-05,Turbidity,4.33,NTU,Valid,Critical,28.712,77.245,Critical Turbidity alert for WQS-005 in DMA-05,Immediate inspection
ALT-00801,2026-08-03 22:00:00,QT-005,WQS-005,WQS-005,DMA-05,Chlorine,0.152,mg/L,Valid,Critical,28.712,77.245,Critical Chlorine alert for WQS-005 in DMA-05,Immediate inspection
ALT-00802,2026-08-03 23:00:00,PT-004,PIPE-004,PIPE-004,DMA-04,Pressure,23.76,mH2O,Valid,Warning,28.704,77.237,Warning Pressure alert for PIPE-004 in DMA-04,Monitor and verify
ALT-00803,2026-08-03 23:00:00,QT-005,WQS-005,WQS-005,DMA-05,Turbidity,4.5,NTU,Valid,Critical,28.712,77.245,Critical Turbidity alert for WQS-005 in DMA-05,Immediate inspection
ALT-00804,2026-08-03 23:00:00,QT-005,WQS-005,WQS-005,DMA-05,Chlorine,0.16,mg/L,Valid,Critical,28.712,77.245,Critical Chlorine alert for WQS-005 in DMA-05,Immediate inspection
ALT-00805,2026-08-04 00:00:00,QT-005,WQS-005,WQS-005,DMA-05,Chlorine,0.12,mg/L,Valid,Critical,28.712,77.245,Critical Chlorine alert for WQS-005 in DMA-05,Immediate inspection
ALT-00806,2026-08-04 00:00:00,QT-005,WQS-005,WQS-005,DMA-05,Turbidity,4.48,NTU,Valid,Critical,28.712,77.245,Critical Turbidity alert for WQS-005 in DMA-05,Immediate inspection
ALT-00807,2026-08-04 01:00:00,QT-005,WQS-005,WQS-005,DMA-05,Turbidity,4.31,NTU,Valid,Critical,28.712,77.245,Critical Turbidity alert for WQS-005 in DMA-05,Immediate inspection
ALT-00808,2026-08-04 01:00:00,QT-005,WQS-005,WQS-005,DMA-05,Chlorine,0.079,mg/L,Valid,Critical,28.712,77.245,Critical Chlorine alert for WQS-005 in DMA-05,Immediate inspection
ALT-00809,2026-08-04 01:00:00,PT-004,PIPE-004,PIPE-004,DMA-04,Pressure,22.61,mH2O,Valid,Warning,28.704,77.237,Warning Pressure alert for PIPE-004 in DMA-04,Monitor and verify
ALT-00810,2026-08-04 02:00:00,QT-005,WQS-005,WQS-005,DMA-05,Turbidity,4.34,NTU,Valid,Critical,28.712,77.245,Critical Turbidity alert for WQS-005 in DMA-05,Immediate inspection
ALT-00811,2026-08-04 02:00:00,QT-005,WQS-005,WQS-005,DMA-05,Chlorine,0.175,mg/L,Valid,Critical,28.712,77.245,Critical Chlorine alert for WQS-005 in DMA-05,Immediate inspection
ALT-00812,2026-08-04 03:00:00,QT-005,WQS-005,WQS-005,DMA-05,Chlorine,0.151,mg/L,Valid,Critical,28.712,77.245,Critical Chlorine alert for WQS-005 in DMA-05,Immediate inspection
ALT-00813,2026-08-04 03:00:00,PT-004,PIPE-004,PIPE-004,DMA-04,Pressure,23.92,mH2O,Valid,Warning,28.704,77.237,Warning Pressure alert for PIPE-004 in DMA-04,Monitor and verify
ALT-00814,2026-08-04 03:00:00,QT-005,WQS-005,WQS-005,DMA-05,Turbidity,4.4,NTU,Valid,Critical,28.712,77.245,Critical Turbidity alert for WQS-005 in DMA-05,Immediate inspection
ALT-00815,2026-08-04 04:00:00,QT-005,WQS-005,WQS-005,DMA-05,Turbidity,4.52,NTU,Valid,Critical,28.712,77.245,Critical Turbidity alert for WQS-005 in DMA-05,Immediate inspection
ALT-00816,2026-08-04 04:00:00,QT-005,WQS-005,WQS-005,DMA-05,Chlorine,0.21,mg/L,Valid,Warning,28.712,77.245,Warning Chlorine alert for WQS-005 in DMA-05,Monitor and verify
ALT-00817,2026-08-04 05:00:00,QT-005,WQS-005,WQS-005,DMA-05,Turbidity,4.32,NTU,Valid,Critical,28.712,77.245,Critical Turbidity alert for WQS-005 in DMA-05,Immediate inspection
ALT-00818,2026-08-04 05:00:00,QT-005,WQS-005,WQS-005,DMA-05,Chlorine,0.164,mg/L,Valid,Critical,28.712,77.245,Critical Chlorine alert for WQS-005 in DMA-05,Immediate inspection
ALT-00819,2026-08-04 06:00:00,QT-005,WQS-005,WQS-005,DMA-05,Chlorine,0.217,mg/L,Valid,Warning,28.712,77.245,Warning Chlorine alert for WQS-005 in DMA-05,Monitor and verify
ALT-00820,2026-08-04 06:00:00,QT-005,WQS-005,WQS-005,DMA-05,Turbidity,4.53,NTU,Valid,Critical,28.712,77.245,Critical Turbidity alert for WQS-005 in DMA-05,Immediate inspection
ALT-00821,2026-08-04 07:00:00,QT-005,WQS-005,WQS-005,DMA-05,Turbidity,4.34,NTU,Valid,Critical,28.712,77.245,Critical Turbidity alert for WQS-005 in DMA-05,Immediate inspection
ALT-00822,2026-08-04 07:00:00,QT-005,WQS-005,WQS-005,DMA-05,Chlorine,0.245,mg/L,Valid,Warning,28.712,77.245,Warning Chlorine alert for WQS-005 in DMA-05,Monitor and verify
ALT-00823,2026-08-04 08:00:00,QT-005,WQS-005,WQS-005,DMA-05,Chlorine,0.256,mg/L,Valid,Warning,28.712,77.245,Warning Chlorine alert for WQS-005 in DMA-05,Monitor and verify
ALT-00824,2026-08-04 08:00:00,QT-005,WQS-005,WQS-005,DMA-05,Turbidity,4.13,NTU,Valid,Critical,28.712,77.245,Critical Turbidity alert for WQS-005 in DMA-05,Immediate inspection
ALT-00825,2026-08-04 09:00:00,PT-004,PIPE-004,PIPE-004,DMA-04,Pressure,23.75,mH2O,Valid,Warning,28.704,77.237,Warning Pressure alert for PIPE-004 in DMA-04,Monitor and verify
ALT-00826,2026-08-04 09:00:00,QT-005,WQS-005,WQS-005,DMA-05,Turbidity,4.24,NTU,Valid,Critical,28.712,77.245,Critical Turbidity alert for WQS-005 in DMA-05,Immediate inspection
ALT-00827,2026-08-04 09:00:00,QT-005,WQS-005,WQS-005,DMA-05,Chlorine,0.056,mg/L,Valid,Critical,28.712,77.245,Critical Chlorine alert for WQS-005 in DMA-05,Immediate inspection
ALT-00828,2026-08-04 10:00:00,QT-005,WQS-005,WQS-005,DMA-05,Chlorine,0.189,mg/L,Valid,Critical,28.712,77.245,Critical Chlorine alert for WQS-005 in DMA-05,Immediate inspection
ALT-00829,2026-08-04 10:00:00,QT-005,WQS-005,WQS-005,DMA-05,Turbidity,4.37,NTU,Valid,Critical,28.712,77.245,Critical Turbidity alert for WQS-005 in DMA-05,Immediate inspection
ALT-00830,2026-08-04 11:00:00,QT-005,WQS-005,WQS-005,DMA-05,Chlorine,0.244,mg/L,Valid,Warning,28.712,77.245,Warning Chlorine alert for WQS-005 in DMA-05,Monitor and verify
ALT-00831,2026-08-04 11:00:00,QT-005,WQS-005,WQS-005,DMA-05,Turbidity,4.26,NTU,Valid,Critical,28.712,77.245,Critical Turbidity alert for WQS-005 in DMA-05,Immediate inspection
ALT-00832,2026-08-04 12:00:00,QT-005,WQS-005,WQS-005,DMA-05,Chlorine,0.163,mg/L,Valid,Critical,28.712,77.245,Critical Chlorine alert for WQS-005 in DMA-05,Immediate inspection
ALT-00833,2026-08-04 12:00:00,QT-005,WQS-005,WQS-005,DMA-05,Turbidity,4.57,NTU,Valid,Critical,28.712,77.245,Critical Turbidity alert for WQS-005 in DMA-05,Immediate inspection
ALT-00834,2026-08-04 13:00:00,QT-005,WQS-005,WQS-005,DMA-05,Chlorine,0.238,mg/L,Valid,Warning,28.712,77.245,Warning Chlorine alert for WQS-005 in DMA-05,Monitor and verify
ALT-00835,2026-08-04 13:00:00,QT-005,WQS-005,WQS-005,DMA-05,Turbidity,4.47,NTU,Valid,Critical,28.712,77.245,Critical Turbidity alert for WQS-005 in DMA-05,Immediate inspection
ALT-00836,2026-08-04 14:00:00,QT-005,WQS-005,WQS-005,DMA-05,Turbidity,4.06,NTU,Valid,Critical,28.712,77.245,Critical Turbidity alert for WQS-005 in DMA-05,Immediate inspection
ALT-00837,2026-08-04 14:00:00,QT-005,WQS-005,WQS-005,DMA-05,Chlorine,0.226,mg/L,Valid,Warning,28.712,77.245,Warning Chlorine alert for WQS-005 in DMA-05,Monitor and verify
ALT-00838,2026-08-04 14:00:00,PT-004,PIPE-004,PIPE-004,DMA-04,Pressure,23.69,mH2O,Valid,Warning,28.704,77.237,Warning Pressure alert for PIPE-004 in DMA-04,Monitor and verify
ALT-00839,2026-08-04 15:00:00,QT-005,WQS-005,WQS-005,DMA-05,Chlorine,0.148,mg/L,Valid,Critical,28.712,77.245,Critical Chlorine alert for WQS-005 in DMA-05,Immediate inspection
ALT-00840,2026-08-04 15:00:00,QT-005,WQS-005,WQS-005,DMA-05,Turbidity,4.01,NTU,Valid,Critical,28.712,77.245,Critical Turbidity alert for WQS-005 in DMA-05,Immediate inspection
ALT-00841,2026-08-04 16:00:00,QT-005,WQS-005,WQS-005,DMA-05,Turbidity,4.28,NTU,Valid,Critical,28.712,77.245,Critical Turbidity alert for WQS-005 in DMA-05,Immediate inspection
ALT-00842,2026-08-04 16:00:00,QT-005,WQS-005,WQS-005,DMA-05,Chlorine,0.128,mg/L,Valid,Critical,28.712,77.245,Critical Chlorine alert for WQS-005 in DMA-05,Immediate inspection
ALT-00843,2026-08-04 17:00:00,QT-005,WQS-005,WQS-005,DMA-05,Turbidity,4.28,NTU,Valid,Critical,28.712,77.245,Critical Turbidity alert for WQS-005 in DMA-05,Immediate inspection
ALT-00844,2026-08-04 17:00:00,QT-005,WQS-005,WQS-005,DMA-05,Chlorine,0.197,mg/L,Valid,Critical,28.712,77.245,Critical Chlorine alert for WQS-005 in DMA-05,Immediate inspection
ALT-00845,2026-08-04 18:00:00,QT-005,WQS-005,WQS-005,DMA-05,Chlorine,0.197,mg/L,Valid,Critical,28.712,77.245,Critical Chlorine alert for WQS-005 in DMA-05,Immediate inspection
ALT-00846,2026-08-04 18:00:00,QT-005,WQS-005,WQS-005,DMA-05,Turbidity,4.4,NTU,Valid,Critical,28.712,77.245,Critical Turbidity alert for WQS-005 in DMA-05,Immediate inspection
ALT-00847,2026-08-04 19:00:00,QT-005,WQS-005,WQS-005,DMA-05,Chlorine,0.183,mg/L,Valid,Critical,28.712,77.245,Critical Chlorine alert for WQS-005 in DMA-05,Immediate inspection
ALT-00848,2026-08-04 19:00:00,QT-005,WQS-005,WQS-005,DMA-05,Turbidity,4.53,NTU,Valid,Critical,28.712,77.245,Critical Turbidity alert for WQS-005 in DMA-05,Immediate inspection
ALT-00849,2026-08-04 20:00:00,QT-005,WQS-005,WQS-005,DMA-05,Turbidity,4.3,NTU,Valid,Critical,28.712,77.245,Critical Turbidity alert for WQS-005 in DMA-05,Immediate inspection
ALT-00850,2026-08-04 20:00:00,QT-005,WQS-005,WQS-005,DMA-05,Chlorine,0.066,mg/L,Valid,Critical,28.712,77.245,Critical Chlorine alert for WQS-005 in DMA-05,Immediate inspection
ALT-00851,2026-08-04 21:00:00,QT-005,WQS-005,WQS-005,DMA-05,Turbidity,4.21,NTU,Valid,Critical,28.712,77.245,Critical Turbidity alert for WQS-005 in DMA-05,Immediate inspection
ALT-00852,2026-08-04 21:00:00,QT-005,WQS-005,WQS-005,DMA-05,Chlorine,0.136,mg/L,Valid,Critical,28.712,77.245,Critical Chlorine alert for WQS-005 in DMA-05,Immediate inspection
ALT-00853,2026-08-04 22:00:00,QT-005,WQS-005,WQS-005,DMA-05,Chlorine,0.175,mg/L,Valid,Critical,28.712,77.245,Critical Chlorine alert for WQS-005 in DMA-05,Immediate inspection
ALT-00854,2026-08-04 22:00:00,QT-005,WQS-005,WQS-005,DMA-05,Turbidity,4.28,NTU,Valid,Critical,28.712,77.245,Critical Turbidity alert for WQS-005 in DMA-05,Immediate inspection
ALT-00855,2026-08-04 23:00:00,QT-005,WQS-005,WQS-005,DMA-05,Chlorine,0.222,mg/L,Valid,Warning,28.712,77.245,Warning Chlorine alert for WQS-005 in DMA-05,Monitor and verify
ALT-00856,2026-08-04 23:00:00,QT-005,WQS-005,WQS-005,DMA-05,Turbidity,4.34,NTU,Valid,Critical,28.712,77.245,Critical Turbidity alert for WQS-005 in DMA-05,Immediate inspection
ALT-00857,2026-08-04 23:00:00,PT-004,PIPE-004,PIPE-004,DMA-04,Pressure,23.52,mH2O,Valid,Warning,28.704,77.237,Warning Pressure alert for PIPE-004 in DMA-04,Monitor and verify
ALT-00858,2026-08-05 00:00:00,QT-005,WQS-005,WQS-005,DMA-05,Chlorine,0.18,mg/L,Valid,Critical,28.712,77.245,Critical Chlorine alert for WQS-005 in DMA-05,Immediate inspection
ALT-00859,2026-08-05 00:00:00,QT-005,WQS-005,WQS-005,DMA-05,Turbidity,4.06,NTU,Valid,Critical,28.712,77.245,Critical Turbidity alert for WQS-005 in DMA-05,Immediate inspection
ALT-00860,2026-08-05 01:00:00,QT-005,WQS-005,WQS-005,DMA-05,Chlorine,0.137,mg/L,Valid,Critical,28.712,77.245,Critical Chlorine alert for WQS-005 in DMA-05,Immediate inspection
ALT-00861,2026-08-05 01:00:00,QT-005,WQS-005,WQS-005,DMA-05,Turbidity,4.31,NTU,Valid,Critical,28.712,77.245,Critical Turbidity alert for WQS-005 in DMA-05,Immediate inspection
ALT-00862,2026-08-05 02:00:00,QT-005,WQS-005,WQS-005,DMA-05,Chlorine,0.116,mg/L,Valid,Critical,28.712,77.245,Critical Chlorine alert for WQS-005 in DMA-05,Immediate inspection
ALT-00863,2026-08-05 02:00:00,QT-005,WQS-005,WQS-005,DMA-05,Turbidity,4.58,NTU,Valid,Critical,28.712,77.245,Critical Turbidity alert for WQS-005 in DMA-05,Immediate inspection
ALT-00864,2026-08-05 03:00:00,QT-005,WQS-005,WQS-005,DMA-05,Turbidity,4.13,NTU,Valid,Critical,28.712,77.245,Critical Turbidity alert for WQS-005 in DMA-05,Immediate inspection
ALT-00865,2026-08-05 03:00:00,PT-004,PIPE-004,PIPE-004,DMA-04,Pressure,23.69,mH2O,Valid,Warning,28.704,77.237,Warning Pressure alert for PIPE-004 in DMA-04,Monitor and verify
ALT-00866,2026-08-05 03:00:00,QT-005,WQS-005,WQS-005,DMA-05,Chlorine,0.177,mg/L,Valid,Critical,28.712,77.245,Critical Chlorine alert for WQS-005 in DMA-05,Immediate inspection
ALT-00867,2026-08-05 04:00:00,QT-005,WQS-005,WQS-005,DMA-05,Chlorine,0.244,mg/L,Valid,Warning,28.712,77.245,Warning Chlorine alert for WQS-005 in DMA-05,Monitor and verify
ALT-00868,2026-08-05 04:00:00,QT-005,WQS-005,WQS-005,DMA-05,Turbidity,4.22,NTU,Valid,Critical,28.712,77.245,Critical Turbidity alert for WQS-005 in DMA-05,Immediate inspection
ALT-00869,2026-08-05 05:00:00,QT-005,WQS-005,WQS-005,DMA-05,Turbidity,4.62,NTU,Valid,Critical,28.712,77.245,Critical Turbidity alert for WQS-005 in DMA-05,Immediate inspection
ALT-00870,2026-08-05 05:00:00,QT-005,WQS-005,WQS-005,DMA-05,Chlorine,0.23,mg/L,Valid,Warning,28.712,77.245,Warning Chlorine alert for WQS-005 in DMA-05,Monitor and verify
ALT-00871,2026-08-05 06:00:00,QT-005,WQS-005,WQS-005,DMA-05,Turbidity,4.29,NTU,Valid,Critical,28.712,77.245,Critical Turbidity alert for WQS-005 in DMA-05,Immediate inspection
ALT-00872,2026-08-05 06:00:00,QT-005,WQS-005,WQS-005,DMA-05,Chlorine,0.228,mg/L,Valid,Warning,28.712,77.245,Warning Chlorine alert for WQS-005 in DMA-05,Monitor and verify
ALT-00873,2026-08-05 07:00:00,PT-004,PIPE-004,PIPE-004,DMA-04,Pressure,23.61,mH2O,Valid,Warning,28.704,77.237,Warning Pressure alert for PIPE-004 in DMA-04,Monitor and verify
ALT-00874,2026-08-05 07:00:00,QT-005,WQS-005,WQS-005,DMA-05,Turbidity,4.38,NTU,Valid,Critical,28.712,77.245,Critical Turbidity alert for WQS-005 in DMA-05,Immediate inspection
ALT-00875,2026-08-05 07:00:00,QT-005,WQS-005,WQS-005,DMA-05,Chlorine,0.189,mg/L,Valid,Critical,28.712,77.245,Critical Chlorine alert for WQS-005 in DMA-05,Immediate inspection
ALT-00876,2026-08-05 08:00:00,QT-005,WQS-005,WQS-005,DMA-05,Turbidity,4.38,NTU,Valid,Critical,28.712,77.245,Critical Turbidity alert for WQS-005 in DMA-05,Immediate inspection
ALT-00877,2026-08-05 08:00:00,QT-005,WQS-005,WQS-005,DMA-05,Chlorine,0.222,mg/L,Valid,Warning,28.712,77.245,Warning Chlorine alert for WQS-005 in DMA-05,Monitor and verify
ALT-00878,2026-08-05 09:00:00,QT-005,WQS-005,WQS-005,DMA-05,Turbidity,4.18,NTU,Valid,Critical,28.712,77.245,Critical Turbidity alert for WQS-005 in DMA-05,Immediate inspection
ALT-00879,2026-08-05 09:00:00,QT-005,WQS-005,WQS-005,DMA-05,Chlorine,0.13,mg/L,Valid,Critical,28.712,77.245,Critical Chlorine alert for WQS-005 in DMA-05,Immediate inspection
ALT-00880,2026-08-05 10:00:00,QT-005,WQS-005,WQS-005,DMA-05,Turbidity,4.4,NTU,Valid,Critical,28.712,77.245,Critical Turbidity alert for WQS-005 in DMA-05,Immediate inspection
ALT-00881,2026-08-05 10:00:00,QT-005,WQS-005,WQS-005,DMA-05,Chlorine,0.176,mg/L,Valid,Critical,28.712,77.245,Critical Chlorine alert for WQS-005 in DMA-05,Immediate inspection
ALT-00882,2026-08-05 11:00:00,QT-005,WQS-005,WQS-005,DMA-05,Chlorine,0.185,mg/L,Valid,Critical,28.712,77.245,Critical Chlorine alert for WQS-005 in DMA-05,Immediate inspection
ALT-00883,2026-08-05 11:00:00,QT-005,WQS-005,WQS-005,DMA-05,Turbidity,4.04,NTU,Valid,Critical,28.712,77.245,Critical Turbidity alert for WQS-005 in DMA-05,Immediate inspection
ALT-00884,2026-08-05 12:00:00,QT-005,WQS-005,WQS-005,DMA-05,Chlorine,0.126,mg/L,Valid,Critical,28.712,77.245,Critical Chlorine alert for WQS-005 in DMA-05,Immediate inspection
ALT-00885,2026-08-05 12:00:00,QT-005,WQS-005,WQS-005,DMA-05,Turbidity,4.17,NTU,Valid,Critical,28.712,77.245,Critical Turbidity alert for WQS-005 in DMA-05,Immediate inspection
ALT-00886,2026-08-05 13:00:00,QT-005,WQS-005,WQS-005,DMA-05,Turbidity,4.16,NTU,Valid,Critical,28.712,77.245,Critical Turbidity alert for WQS-005 in DMA-05,Immediate inspection
ALT-00887,2026-08-05 13:00:00,PT-004,PIPE-004,PIPE-004,DMA-04,Pressure,22.36,mH2O,Valid,Warning,28.704,77.237,Warning Pressure alert for PIPE-004 in DMA-04,Monitor and verify
ALT-00888,2026-08-05 13:00:00,QT-005,WQS-005,WQS-005,DMA-05,Chlorine,0.276,mg/L,Valid,Warning,28.712,77.245,Warning Chlorine alert for WQS-005 in DMA-05,Monitor and verify
ALT-00889,2026-08-05 14:00:00,QT-005,WQS-005,WQS-005,DMA-05,Chlorine,0.195,mg/L,Valid,Critical,28.712,77.245,Critical Chlorine alert for WQS-005 in DMA-05,Immediate inspection
ALT-00890,2026-08-05 14:00:00,QT-005,WQS-005,WQS-005,DMA-05,Turbidity,4.3,NTU,Valid,Critical,28.712,77.245,Critical Turbidity alert for WQS-005 in DMA-05,Immediate inspection
ALT-00891,2026-08-05 15:00:00,QT-005,WQS-005,WQS-005,DMA-05,Turbidity,4.24,NTU,Valid,Critical,28.712,77.245,Critical Turbidity alert for WQS-005 in DMA-05,Immediate inspection
ALT-00892,2026-08-05 15:00:00,QT-005,WQS-005,WQS-005,DMA-05,Chlorine,0.185,mg/L,Valid,Critical,28.712,77.245,Critical Chlorine alert for WQS-005 in DMA-05,Immediate inspection
ALT-00893,2026-08-05 16:00:00,QT-005,WQS-005,WQS-005,DMA-05,Chlorine,0.195,mg/L,Valid,Critical,28.712,77.245,Critical Chlorine alert for WQS-005 in DMA-05,Immediate inspection
ALT-00894,2026-08-05 16:00:00,QT-005,WQS-005,WQS-005,DMA-05,Turbidity,4.42,NTU,Valid,Critical,28.712,77.245,Critical Turbidity alert for WQS-005 in DMA-05,Immediate inspection
ALT-00895,2026-08-05 17:00:00,QT-005,WQS-005,WQS-005,DMA-05,Chlorine,0.18,mg/L,Valid,Critical,28.712,77.245,Critical Chlorine alert for WQS-005 in DMA-05,Immediate inspection
ALT-00896,2026-08-05 17:00:00,QT-005,WQS-005,WQS-005,DMA-05,Turbidity,4.2,NTU,Valid,Critical,28.712,77.245,Critical Turbidity alert for WQS-005 in DMA-05,Immediate inspection
ALT-00897,2026-08-05 18:00:00,QT-005,WQS-005,WQS-005,DMA-05,Turbidity,4.35,NTU,Valid,Critical,28.712,77.245,Critical Turbidity alert for WQS-005 in DMA-05,Immediate inspection
ALT-00898,2026-08-05 18:00:00,QT-005,WQS-005,WQS-005,DMA-05,Chlorine,0.221,mg/L,Valid,Warning,28.712,77.245,Warning Chlorine alert for WQS-005 in DMA-05,Monitor and verify
ALT-00899,2026-08-05 19:00:00,QT-005,WQS-005,WQS-005,DMA-05,Chlorine,0.082,mg/L,Valid,Critical,28.712,77.245,Critical Chlorine alert for WQS-005 in DMA-05,Immediate inspection
ALT-00900,2026-08-05 19:00:00,QT-005,WQS-005,WQS-005,DMA-05,Turbidity,4.41,NTU,Valid,Critical,28.712,77.245,Critical Turbidity alert for WQS-005 in DMA-05,Immediate inspection
ALT-00901,2026-08-05 20:00:00,QT-005,WQS-005,WQS-005,DMA-05,Turbidity,4.13,NTU,Valid,Critical,28.712,77.245,Critical Turbidity alert for WQS-005 in DMA-05,Immediate inspection
ALT-00902,2026-08-05 20:00:00,QT-005,WQS-005,WQS-005,DMA-05,Chlorine,0.237,mg/L,Valid,Warning,28.712,77.245,Warning Chlorine alert for WQS-005 in DMA-05,Monitor and verify
ALT-00903,2026-08-05 21:00:00,QT-005,WQS-005,WQS-005,DMA-05,Turbidity,3.97,NTU,Valid,Warning,28.712,77.245,Warning Turbidity alert for WQS-005 in DMA-05,Monitor and verify
ALT-00904,2026-08-05 21:00:00,QT-005,WQS-005,WQS-005,DMA-05,Chlorine,0.115,mg/L,Valid,Critical,28.712,77.245,Critical Chlorine alert for WQS-005 in DMA-05,Immediate inspection
ALT-00905,2026-08-05 22:00:00,QT-005,WQS-005,WQS-005,DMA-05,Chlorine,0.247,mg/L,Valid,Warning,28.712,77.245,Warning Chlorine alert for WQS-005 in DMA-05,Monitor and verify
ALT-00906,2026-08-05 22:00:00,QT-005,WQS-005,WQS-005,DMA-05,Turbidity,4.2,NTU,Valid,Critical,28.712,77.245,Critical Turbidity alert for WQS-005 in DMA-05,Immediate inspection
ALT-00907,2026-08-05 23:00:00,PT-004,PIPE-004,PIPE-004,DMA-04,Pressure,23.85,mH2O,Valid,Warning,28.704,77.237,Warning Pressure alert for PIPE-004 in DMA-04,Monitor and verify
ALT-00908,2026-08-05 23:00:00,QT-005,WQS-005,WQS-005,DMA-05,Chlorine,0.198,mg/L,Valid,Critical,28.712,77.245,Critical Chlorine alert for WQS-005 in DMA-05,Immediate inspection
ALT-00909,2026-08-05 23:00:00,QT-005,WQS-005,WQS-005,DMA-05,Turbidity,4.44,NTU,Valid,Critical,28.712,77.245,Critical Turbidity alert for WQS-005 in DMA-05,Immediate inspection
ALT-00910,2026-08-06 00:00:00,QT-005,WQS-005,WQS-005,DMA-05,Chlorine,0.285,mg/L,Valid,Warning,28.712,77.245,Warning Chlorine alert for WQS-005 in DMA-05,Monitor and verify
ALT-00911,2026-08-06 00:00:00,QT-005,WQS-005,WQS-005,DMA-05,Turbidity,4.21,NTU,Valid,Critical,28.712,77.245,Critical Turbidity alert for WQS-005 in DMA-05,Immediate inspection
ALT-00912,2026-08-06 01:00:00,QT-005,WQS-005,WQS-005,DMA-05,Chlorine,0.073,mg/L,Valid,Critical,28.712,77.245,Critical Chlorine alert for WQS-005 in DMA-05,Immediate inspection
ALT-00913,2026-08-06 01:00:00,QT-005,WQS-005,WQS-005,DMA-05,Turbidity,4.15,NTU,Valid,Critical,28.712,77.245,Critical Turbidity alert for WQS-005 in DMA-05,Immediate inspection
ALT-00914,2026-08-06 02:00:00,QT-005,WQS-005,WQS-005,DMA-05,Turbidity,3.92,NTU,Valid,Warning,28.712,77.245,Warning Turbidity alert for WQS-005 in DMA-05,Monitor and verify
ALT-00915,2026-08-06 02:00:00,QT-005,WQS-005,WQS-005,DMA-05,Chlorine,0.154,mg/L,Valid,Critical,28.712,77.245,Critical Chlorine alert for WQS-005 in DMA-05,Immediate inspection
ALT-00916,2026-08-06 03:00:00,QT-005,WQS-005,WQS-005,DMA-05,Chlorine,0.175,mg/L,Valid,Critical,28.712,77.245,Critical Chlorine alert for WQS-005 in DMA-05,Immediate inspection
ALT-00917,2026-08-06 03:00:00,QT-005,WQS-005,WQS-005,DMA-05,Turbidity,4.44,NTU,Valid,Critical,28.712,77.245,Critical Turbidity alert for WQS-005 in DMA-05,Immediate inspection
ALT-00918,2026-08-06 04:00:00,QT-005,WQS-005,WQS-005,DMA-05,Chlorine,0.117,mg/L,Valid,Critical,28.712,77.245,Critical Chlorine alert for WQS-005 in DMA-05,Immediate inspection
ALT-00919,2026-08-06 04:00:00,QT-005,WQS-005,WQS-005,DMA-05,Turbidity,4.01,NTU,Valid,Critical,28.712,77.245,Critical Turbidity alert for WQS-005 in DMA-05,Immediate inspection
ALT-00920,2026-08-06 05:00:00,QT-005,WQS-005,WQS-005,DMA-05,Chlorine,0.271,mg/L,Valid,Warning,28.712,77.245,Warning Chlorine alert for WQS-005 in DMA-05,Monitor and verify
ALT-00921,2026-08-06 05:00:00,QT-005,WQS-005,WQS-005,DMA-05,Turbidity,4.17,NTU,Valid,Critical,28.712,77.245,Critical Turbidity alert for WQS-005 in DMA-05,Immediate inspection
ALT-00922,2026-08-06 06:00:00,QT-005,WQS-005,WQS-005,DMA-05,Turbidity,4.4,NTU,Valid,Critical,28.712,77.245,Critical Turbidity alert for WQS-005 in DMA-05,Immediate inspection
ALT-00923,2026-08-06 06:00:00,QT-005,WQS-005,WQS-005,DMA-05,Chlorine,0.191,mg/L,Valid,Critical,28.712,77.245,Critical Chlorine alert for WQS-005 in DMA-05,Immediate inspection
ALT-00924,2026-08-06 07:00:00,QT-005,WQS-005,WQS-005,DMA-05,Turbidity,4.37,NTU,Valid,Critical,28.712,77.245,Critical Turbidity alert for WQS-005 in DMA-05,Immediate inspection
ALT-00925,2026-08-06 07:00:00,QT-005,WQS-005,WQS-005,DMA-05,Chlorine,0.123,mg/L,Valid,Critical,28.712,77.245,Critical Chlorine alert for WQS-005 in DMA-05,Immediate inspection
ALT-00926,2026-08-06 08:00:00,QT-005,WQS-005,WQS-005,DMA-05,Chlorine,0.218,mg/L,Valid,Warning,28.712,77.245,Warning Chlorine alert for WQS-005 in DMA-05,Monitor and verify
ALT-00927,2026-08-06 08:00:00,QT-005,WQS-005,WQS-005,DMA-05,Turbidity,4.21,NTU,Valid,Critical,28.712,77.245,Critical Turbidity alert for WQS-005 in DMA-05,Immediate inspection
ALT-00928,2026-08-06 09:00:00,PT-004,PIPE-004,PIPE-004,DMA-04,Pressure,23.86,mH2O,Valid,Warning,28.704,77.237,Warning Pressure alert for PIPE-004 in DMA-04,Monitor and verify
ALT-00929,2026-08-06 09:00:00,QT-005,WQS-005,WQS-005,DMA-05,Turbidity,4.48,NTU,Valid,Critical,28.712,77.245,Critical Turbidity alert for WQS-005 in DMA-05,Immediate inspection
ALT-00930,2026-08-06 09:00:00,QT-005,WQS-005,WQS-005,DMA-05,Chlorine,0.2,mg/L,Valid,Critical,28.712,77.245,Critical Chlorine alert for WQS-005 in DMA-05,Immediate inspection
ALT-00931,2026-08-06 10:00:00,QT-005,WQS-005,WQS-005,DMA-05,Turbidity,4.41,NTU,Valid,Critical,28.712,77.245,Critical Turbidity alert for WQS-005 in DMA-05,Immediate inspection
ALT-00932,2026-08-06 10:00:00,QT-005,WQS-005,WQS-005,DMA-05,Chlorine,0.093,mg/L,Valid,Critical,28.712,77.245,Critical Chlorine alert for WQS-005 in DMA-05,Immediate inspection
ALT-00933,2026-08-06 11:00:00,PT-004,PIPE-004,PIPE-004,DMA-04,Pressure,23.77,mH2O,Valid,Warning,28.704,77.237,Warning Pressure alert for PIPE-004 in DMA-04,Monitor and verify
ALT-00934,2026-08-06 11:00:00,QT-005,WQS-005,WQS-005,DMA-05,Turbidity,4.24,NTU,Valid,Critical,28.712,77.245,Critical Turbidity alert for WQS-005 in DMA-05,Immediate inspection
ALT-00935,2026-08-06 11:00:00,QT-005,WQS-005,WQS-005,DMA-05,Chlorine,0.2,mg/L,Valid,Critical,28.712,77.245,Critical Chlorine alert for WQS-005 in DMA-05,Immediate inspection
ALT-00936,2026-08-06 12:00:00,QT-005,WQS-005,WQS-005,DMA-05,Chlorine,0.191,mg/L,Valid,Critical,28.712,77.245,Critical Chlorine alert for WQS-005 in DMA-05,Immediate inspection
ALT-00937,2026-08-06 12:00:00,QT-005,WQS-005,WQS-005,DMA-05,Turbidity,3.92,NTU,Valid,Warning,28.712,77.245,Warning Turbidity alert for WQS-005 in DMA-05,Monitor and verify
ALT-00938,2026-08-06 13:00:00,QT-005,WQS-005,WQS-005,DMA-05,Chlorine,0.162,mg/L,Valid,Critical,28.712,77.245,Critical Chlorine alert for WQS-005 in DMA-05,Immediate inspection
ALT-00939,2026-08-06 13:00:00,QT-005,WQS-005,WQS-005,DMA-05,Turbidity,4.33,NTU,Valid,Critical,28.712,77.245,Critical Turbidity alert for WQS-005 in DMA-05,Immediate inspection
ALT-00940,2026-08-06 14:00:00,QT-005,WQS-005,WQS-005,DMA-05,Chlorine,0.138,mg/L,Valid,Critical,28.712,77.245,Critical Chlorine alert for WQS-005 in DMA-05,Immediate inspection
ALT-00941,2026-08-06 14:00:00,QT-005,WQS-005,WQS-005,DMA-05,Turbidity,3.98,NTU,Valid,Warning,28.712,77.245,Warning Turbidity alert for WQS-005 in DMA-05,Monitor and verify
ALT-00942,2026-08-06 15:00:00,QT-005,WQS-005,WQS-005,DMA-05,Chlorine,0.094,mg/L,Valid,Critical,28.712,77.245,Critical Chlorine alert for WQS-005 in DMA-05,Immediate inspection
ALT-00943,2026-08-06 15:00:00,PT-004,PIPE-004,PIPE-004,DMA-04,Pressure,23.8,mH2O,Valid,Warning,28.704,77.237,Warning Pressure alert for PIPE-004 in DMA-04,Monitor and verify
ALT-00944,2026-08-06 15:00:00,QT-005,WQS-005,WQS-005,DMA-05,Turbidity,4.48,NTU,Valid,Critical,28.712,77.245,Critical Turbidity alert for WQS-005 in DMA-05,Immediate inspection
ALT-00945,2026-08-06 16:00:00,QT-005,WQS-005,WQS-005,DMA-05,Turbidity,4.19,NTU,Valid,Critical,28.712,77.245,Critical Turbidity alert for WQS-005 in DMA-05,Immediate inspection
ALT-00946,2026-08-06 16:00:00,QT-005,WQS-005,WQS-005,DMA-05,Chlorine,0.142,mg/L,Valid,Critical,28.712,77.245,Critical Chlorine alert for WQS-005 in DMA-05,Immediate inspection
ALT-00947,2026-08-06 17:00:00,QT-005,WQS-005,WQS-005,DMA-05,Chlorine,0.157,mg/L,Valid,Critical,28.712,77.245,Critical Chlorine alert for WQS-005 in DMA-05,Immediate inspection
ALT-00948,2026-08-06 17:00:00,QT-005,WQS-005,WQS-005,DMA-05,Turbidity,4.38,NTU,Valid,Critical,28.712,77.245,Critical Turbidity alert for WQS-005 in DMA-05,Immediate inspection
ALT-00949,2026-08-06 18:00:00,QT-005,WQS-005,WQS-005,DMA-05,Turbidity,4.1,NTU,Valid,Critical,28.712,77.245,Critical Turbidity alert for WQS-005 in DMA-05,Immediate inspection
ALT-00950,2026-08-06 18:00:00,QT-005,WQS-005,WQS-005,DMA-05,Chlorine,0.235,mg/L,Valid,Warning,28.712,77.245,Warning Chlorine alert for WQS-005 in DMA-05,Monitor and verify
ALT-00951,2026-08-06 19:00:00,QT-005,WQS-005,WQS-005,DMA-05,Chlorine,0.16,mg/L,Valid,Critical,28.712,77.245,Critical Chlorine alert for WQS-005 in DMA-05,Immediate inspection
ALT-00952,2026-08-06 19:00:00,QT-005,WQS-005,WQS-005,DMA-05,Turbidity,4.38,NTU,Valid,Critical,28.712,77.245,Critical Turbidity alert for WQS-005 in DMA-05,Immediate inspection
ALT-00953,2026-08-06 20:00:00,QT-005,WQS-005,WQS-005,DMA-05,Turbidity,4.36,NTU,Valid,Critical,28.712,77.245,Critical Turbidity alert for WQS-005 in DMA-05,Immediate inspection
ALT-00954,2026-08-06 20:00:00,QT-005,WQS-005,WQS-005,DMA-05,Chlorine,0.195,mg/L,Valid,Critical,28.712,77.245,Critical Chlorine alert for WQS-005 in DMA-05,Immediate inspection
ALT-00955,2026-08-06 21:00:00,QT-005,WQS-005,WQS-005,DMA-05,Chlorine,0.159,mg/L,Valid,Critical,28.712,77.245,Critical Chlorine alert for WQS-005 in DMA-05,Immediate inspection
ALT-00956,2026-08-06 21:00:00,QT-005,WQS-005,WQS-005,DMA-05,Turbidity,4.43,NTU,Valid,Critical,28.712,77.245,Critical Turbidity alert for WQS-005 in DMA-05,Immediate inspection
ALT-00957,2026-08-06 22:00:00,QT-005,WQS-005,WQS-005,DMA-05,Chlorine,0.175,mg/L,Valid,Critical,28.712,77.245,Critical Chlorine alert for WQS-005 in DMA-05,Immediate inspection
ALT-00958,2026-08-06 22:00:00,QT-005,WQS-005,WQS-005,DMA-05,Turbidity,4.49,NTU,Valid,Critical,28.712,77.245,Critical Turbidity alert for WQS-005 in DMA-05,Immediate inspection
ALT-00959,2026-08-06 23:00:00,QT-005,WQS-005,WQS-005,DMA-05,Chlorine,0.172,mg/L,Valid,Critical,28.712,77.245,Critical Chlorine alert for WQS-005 in DMA-05,Immediate inspection
ALT-00960,2026-08-06 23:00:00,QT-005,WQS-005,WQS-005,DMA-05,Turbidity,4.22,NTU,Valid,Critical,28.712,77.245,Critical Turbidity alert for WQS-005 in DMA-05,Immediate inspection
ALT-00961,2026-08-07 00:00:00,QT-005,WQS-005,WQS-005,DMA-05,Turbidity,4.31,NTU,Valid,Critical,28.712,77.245,Critical Turbidity alert for WQS-005 in DMA-05,Immediate inspection
ALT-00962,2026-08-07 00:00:00,QT-005,WQS-005,WQS-005,DMA-05,Chlorine,0.12,mg/L,Valid,Critical,28.712,77.245,Critical Chlorine alert for WQS-005 in DMA-05,Immediate inspection
ALT-00963,2026-08-07 00:00:00,PT-004,PIPE-004,PIPE-004,DMA-04,Pressure,23.67,mH2O,Valid,Warning,28.704,77.237,Warning Pressure alert for PIPE-004 in DMA-04,Monitor and verify
ALT-00964,2026-08-07 01:00:00,QT-005,WQS-005,WQS-005,DMA-05,Chlorine,0.173,mg/L,Valid,Critical,28.712,77.245,Critical Chlorine alert for WQS-005 in DMA-05,Immediate inspection
ALT-00965,2026-08-07 01:00:00,QT-005,WQS-005,WQS-005,DMA-05,Turbidity,4.4,NTU,Valid,Critical,28.712,77.245,Critical Turbidity alert for WQS-005 in DMA-05,Immediate inspection
ALT-00966,2026-08-07 02:00:00,QT-005,WQS-005,WQS-005,DMA-05,Turbidity,4.04,NTU,Valid,Critical,28.712,77.245,Critical Turbidity alert for WQS-005 in DMA-05,Immediate inspection
ALT-00967,2026-08-07 02:00:00,QT-005,WQS-005,WQS-005,DMA-05,Chlorine,0.182,mg/L,Valid,Critical,28.712,77.245,Critical Chlorine alert for WQS-005 in DMA-05,Immediate inspection
ALT-00968,2026-08-07 03:00:00,QT-005,WQS-005,WQS-005,DMA-05,Chlorine,0.19,mg/L,Valid,Critical,28.712,77.245,Critical Chlorine alert for WQS-005 in DMA-05,Immediate inspection
ALT-00969,2026-08-07 03:00:00,QT-005,WQS-005,WQS-005,DMA-05,Turbidity,4.58,NTU,Valid,Critical,28.712,77.245,Critical Turbidity alert for WQS-005 in DMA-05,Immediate inspection
ALT-00970,2026-08-07 04:00:00,QT-005,WQS-005,WQS-005,DMA-05,Turbidity,4.25,NTU,Valid,Critical,28.712,77.245,Critical Turbidity alert for WQS-005 in DMA-05,Immediate inspection
ALT-00971,2026-08-07 04:00:00,QT-005,WQS-005,WQS-005,DMA-05,Chlorine,0.158,mg/L,Valid,Critical,28.712,77.245,Critical Chlorine alert for WQS-005 in DMA-05,Immediate inspection
ALT-00972,2026-08-07 05:00:00,QT-005,WQS-005,WQS-005,DMA-05,Chlorine,0.209,mg/L,Valid,Warning,28.712,77.245,Warning Chlorine alert for WQS-005 in DMA-05,Monitor and verify
ALT-00973,2026-08-07 05:00:00,QT-005,WQS-005,WQS-005,DMA-05,Turbidity,4.06,NTU,Valid,Critical,28.712,77.245,Critical Turbidity alert for WQS-005 in DMA-05,Immediate inspection
ALT-00974,2026-08-07 06:00:00,QT-005,WQS-005,WQS-005,DMA-05,Chlorine,0.168,mg/L,Valid,Critical,28.712,77.245,Critical Chlorine alert for WQS-005 in DMA-05,Immediate inspection
ALT-00975,2026-08-07 06:00:00,QT-005,WQS-005,WQS-005,DMA-05,Turbidity,4.29,NTU,Valid,Critical,28.712,77.245,Critical Turbidity alert for WQS-005 in DMA-05,Immediate inspection
ALT-00976,2026-08-07 07:00:00,QT-005,WQS-005,WQS-005,DMA-05,Turbidity,4.41,NTU,Valid,Critical,28.712,77.245,Critical Turbidity alert for WQS-005 in DMA-05,Immediate inspection
ALT-00977,2026-08-07 07:00:00,QT-005,WQS-005,WQS-005,DMA-05,Chlorine,0.155,mg/L,Valid,Critical,28.712,77.245,Critical Chlorine alert for WQS-005 in DMA-05,Immediate inspection
ALT-00978,2026-08-07 08:00:00,PT-004,PIPE-004,PIPE-004,DMA-04,Pressure,22.94,mH2O,Valid,Warning,28.704,77.237,Warning Pressure alert for PIPE-004 in DMA-04,Monitor and verify
ALT-00979,2026-08-07 08:00:00,QT-005,WQS-005,WQS-005,DMA-05,Turbidity,4.2,NTU,Valid,Critical,28.712,77.245,Critical Turbidity alert for WQS-005 in DMA-05,Immediate inspection
ALT-00980,2026-08-07 08:00:00,QT-005,WQS-005,WQS-005,DMA-05,Chlorine,0.109,mg/L,Valid,Critical,28.712,77.245,Critical Chlorine alert for WQS-005 in DMA-05,Immediate inspection
ALT-00981,2026-08-07 09:00:00,QT-005,WQS-005,WQS-005,DMA-05,Chlorine,0.281,mg/L,Valid,Warning,28.712,77.245,Warning Chlorine alert for WQS-005 in DMA-05,Monitor and verify
ALT-00982,2026-08-07 09:00:00,QT-005,WQS-005,WQS-005,DMA-05,Turbidity,4.03,NTU,Valid,Critical,28.712,77.245,Critical Turbidity alert for WQS-005 in DMA-05,Immediate inspection
ALT-00983,2026-08-07 10:00:00,QT-005,WQS-005,WQS-005,DMA-05,Turbidity,4.48,NTU,Valid,Critical,28.712,77.245,Critical Turbidity alert for WQS-005 in DMA-05,Immediate inspection
ALT-00984,2026-08-07 10:00:00,QT-005,WQS-005,WQS-005,DMA-05,Chlorine,0.206,mg/L,Valid,Warning,28.712,77.245,Warning Chlorine alert for WQS-005 in DMA-05,Monitor and verify
ALT-00985,2026-08-07 11:00:00,QT-005,WQS-005,WQS-005,DMA-05,Chlorine,0.087,mg/L,Valid,Critical,28.712,77.245,Critical Chlorine alert for WQS-005 in DMA-05,Immediate inspection
ALT-00986,2026-08-07 11:00:00,QT-005,WQS-005,WQS-005,DMA-05,Turbidity,4.38,NTU,Valid,Critical,28.712,77.245,Critical Turbidity alert for WQS-005 in DMA-05,Immediate inspection
ALT-00987,2026-08-07 12:00:00,QT-005,WQS-005,WQS-005,DMA-05,Turbidity,4.23,NTU,Valid,Critical,28.712,77.245,Critical Turbidity alert for WQS-005 in DMA-05,Immediate inspection
ALT-00988,2026-08-07 12:00:00,QT-005,WQS-005,WQS-005,DMA-05,Chlorine,0.202,mg/L,Valid,Warning,28.712,77.245,Warning Chlorine alert for WQS-005 in DMA-05,Monitor and verify
ALT-00989,2026-08-07 13:00:00,QT-005,WQS-005,WQS-005,DMA-05,Chlorine,0.18,mg/L,Valid,Critical,28.712,77.245,Critical Chlorine alert for WQS-005 in DMA-05,Immediate inspection
ALT-00990,2026-08-07 13:00:00,QT-005,WQS-005,WQS-005,DMA-05,Turbidity,4.48,NTU,Valid,Critical,28.712,77.245,Critical Turbidity alert for WQS-005 in DMA-05,Immediate inspection
ALT-00991,2026-08-07 14:00:00,QT-005,WQS-005,WQS-005,DMA-05,Chlorine,0.204,mg/L,Valid,Warning,28.712,77.245,Warning Chlorine alert for WQS-005 in DMA-05,Monitor and verify
ALT-00992,2026-08-07 14:00:00,QT-005,WQS-005,WQS-005,DMA-05,Turbidity,4.48,NTU,Valid,Critical,28.712,77.245,Critical Turbidity alert for WQS-005 in DMA-05,Immediate inspection
ALT-00993,2026-08-07 15:00:00,QT-005,WQS-005,WQS-005,DMA-05,Chlorine,0.209,mg/L,Valid,Warning,28.712,77.245,Warning Chlorine alert for WQS-005 in DMA-05,Monitor and verify
ALT-00994,2026-08-07 15:00:00,QT-005,WQS-005,WQS-005,DMA-05,Turbidity,4.2,NTU,Valid,Critical,28.712,77.245,Critical Turbidity alert for WQS-005 in DMA-05,Immediate inspection
ALT-00995,2026-08-07 16:00:00,QT-005,WQS-005,WQS-005,DMA-05,Chlorine,0.149,mg/L,Valid,Critical,28.712,77.245,Critical Chlorine alert for WQS-005 in DMA-05,Immediate inspection
ALT-00996,2026-08-07 16:00:00,QT-005,WQS-005,WQS-005,DMA-05,Turbidity,4.44,NTU,Valid,Critical,28.712,77.245,Critical Turbidity alert for WQS-005 in DMA-05,Immediate inspection
ALT-00997,2026-08-07 17:00:00,QT-005,WQS-005,WQS-005,DMA-05,Chlorine,0.133,mg/L,Valid,Critical,28.712,77.245,Critical Chlorine alert for WQS-005 in DMA-05,Immediate inspection
ALT-00998,2026-08-07 17:00:00,QT-005,WQS-005,WQS-005,DMA-05,Turbidity,4.47,NTU,Valid,Critical,28.712,77.245,Critical Turbidity alert for WQS-005 in DMA-05,Immediate inspection
ALT-00999,2026-08-07 18:00:00,PT-004,PIPE-004,PIPE-004,DMA-04,Pressure,22.41,mH2O,Valid,Warning,28.704,77.237,Warning Pressure alert for PIPE-004 in DMA-04,Monitor and verify
ALT-01000,2026-08-07 18:00:00,QT-005,WQS-005,WQS-005,DMA-05,Turbidity,4.36,NTU,Valid,Critical,28.712,77.245,Critical Turbidity alert for WQS-005 in DMA-05,Immediate inspection
ALT-01001,2026-08-07 18:00:00,QT-005,WQS-005,WQS-005,DMA-05,Chlorine,0.192,mg/L,Valid,Critical,28.712,77.245,Critical Chlorine alert for WQS-005 in DMA-05,Immediate inspection
ALT-01002,2026-08-07 19:00:00,QT-005,WQS-005,WQS-005,DMA-05,Turbidity,4.37,NTU,Valid,Critical,28.712,77.245,Critical Turbidity alert for WQS-005 in DMA-05,Immediate inspection
ALT-01003,2026-08-07 19:00:00,QT-005,WQS-005,WQS-005,DMA-05,Chlorine,0.273,mg/L,Valid,Warning,28.712,77.245,Warning Chlorine alert for WQS-005 in DMA-05,Monitor and verify
ALT-01004,2026-08-07 20:00:00,QT-005,WQS-005,WQS-005,DMA-05,Chlorine,0.092,mg/L,Valid,Critical,28.712,77.245,Critical Chlorine alert for WQS-005 in DMA-05,Immediate inspection
ALT-01005,2026-08-07 20:00:00,QT-005,WQS-005,WQS-005,DMA-05,Turbidity,4.34,NTU,Valid,Critical,28.712,77.245,Critical Turbidity alert for WQS-005 in DMA-05,Immediate inspection
ALT-01006,2026-08-07 21:00:00,QT-005,WQS-005,WQS-005,DMA-05,Chlorine,0.129,mg/L,Valid,Critical,28.712,77.245,Critical Chlorine alert for WQS-005 in DMA-05,Immediate inspection
ALT-01007,2026-08-07 21:00:00,QT-005,WQS-005,WQS-005,DMA-05,Turbidity,4.31,NTU,Valid,Critical,28.712,77.245,Critical Turbidity alert for WQS-005 in DMA-05,Immediate inspection
ALT-01008,2026-08-07 22:00:00,QT-005,WQS-005,WQS-005,DMA-05,Turbidity,4.39,NTU,Valid,Critical,28.712,77.245,Critical Turbidity alert for WQS-005 in DMA-05,Immediate inspection
ALT-01009,2026-08-07 22:00:00,QT-005,WQS-005,WQS-005,DMA-05,Chlorine,0.238,mg/L,Valid,Warning,28.712,77.245,Warning Chlorine alert for WQS-005 in DMA-05,Monitor and verify
ALT-01010,2026-08-07 23:00:00,QT-005,WQS-005,WQS-005,DMA-05,Turbidity,4.32,NTU,Valid,Critical,28.712,77.245,Critical Turbidity alert for WQS-005 in DMA-05,Immediate inspection
ALT-01011,2026-08-07 23:00:00,PT-004,PIPE-004,PIPE-004,DMA-04,Pressure,23.22,mH2O,Valid,Warning,28.704,77.237,Warning Pressure alert for PIPE-004 in DMA-04,Monitor and verify
ALT-01012,2026-08-07 23:00:00,QT-005,WQS-005,WQS-005,DMA-05,Chlorine,0.181,mg/L,Valid,Critical,28.712,77.245,Critical Chlorine alert for WQS-005 in DMA-05,Immediate inspection
ALT-01013,2026-08-08 00:00:00,QT-005,WQS-005,WQS-005,DMA-05,Turbidity,4.33,NTU,Valid,Critical,28.712,77.245,Critical Turbidity alert for WQS-005 in DMA-05,Immediate inspection
ALT-01014,2026-08-08 00:00:00,QT-005,WQS-005,WQS-005,DMA-05,Chlorine,0.156,mg/L,Valid,Critical,28.712,77.245,Critical Chlorine alert for WQS-005 in DMA-05,Immediate inspection
ALT-01015,2026-08-08 01:00:00,QT-005,WQS-005,WQS-005,DMA-05,Chlorine,0.14,mg/L,Valid,Critical,28.712,77.245,Critical Chlorine alert for WQS-005 in DMA-05,Immediate inspection
ALT-01016,2026-08-08 01:00:00,PT-004,PIPE-004,PIPE-004,DMA-04,Pressure,23.4,mH2O,Valid,Warning,28.704,77.237,Warning Pressure alert for PIPE-004 in DMA-04,Monitor and verify
ALT-01017,2026-08-08 01:00:00,QT-005,WQS-005,WQS-005,DMA-05,Turbidity,4.39,NTU,Valid,Critical,28.712,77.245,Critical Turbidity alert for WQS-005 in DMA-05,Immediate inspection
ALT-01018,2026-08-08 02:00:00,QT-005,WQS-005,WQS-005,DMA-05,Turbidity,4.33,NTU,Valid,Critical,28.712,77.245,Critical Turbidity alert for WQS-005 in DMA-05,Immediate inspection
ALT-01019,2026-08-08 02:00:00,QT-005,WQS-005,WQS-005,DMA-05,Chlorine,0.195,mg/L,Valid,Critical,28.712,77.245,Critical Chlorine alert for WQS-005 in DMA-05,Immediate inspection
ALT-01020,2026-08-08 02:00:00,PT-004,PIPE-004,PIPE-004,DMA-04,Pressure,23.84,mH2O,Valid,Warning,28.704,77.237,Warning Pressure alert for PIPE-004 in DMA-04,Monitor and verify
ALT-01021,2026-08-08 03:00:00,QT-005,WQS-005,WQS-005,DMA-05,Chlorine,0.16,mg/L,Valid,Critical,28.712,77.245,Critical Chlorine alert for WQS-005 in DMA-05,Immediate inspection
ALT-01022,2026-08-08 03:00:00,QT-005,WQS-005,WQS-005,DMA-05,Turbidity,4.36,NTU,Valid,Critical,28.712,77.245,Critical Turbidity alert for WQS-005 in DMA-05,Immediate inspection
ALT-01023,2026-08-08 04:00:00,QT-005,WQS-005,WQS-005,DMA-05,Turbidity,4.33,NTU,Valid,Critical,28.712,77.245,Critical Turbidity alert for WQS-005 in DMA-05,Immediate inspection
ALT-01024,2026-08-08 04:00:00,QT-005,WQS-005,WQS-005,DMA-05,Chlorine,0.152,mg/L,Valid,Critical,28.712,77.245,Critical Chlorine alert for WQS-005 in DMA-05,Immediate inspection
ALT-01025,2026-08-08 05:00:00,QT-005,WQS-005,WQS-005,DMA-05,Turbidity,4.24,NTU,Valid,Critical,28.712,77.245,Critical Turbidity alert for WQS-005 in DMA-05,Immediate inspection
ALT-01026,2026-08-08 05:00:00,QT-005,WQS-005,WQS-005,DMA-05,Chlorine,0.223,mg/L,Valid,Warning,28.712,77.245,Warning Chlorine alert for WQS-005 in DMA-05,Monitor and verify
ALT-01027,2026-08-08 06:00:00,QT-005,WQS-005,WQS-005,DMA-05,Turbidity,4.35,NTU,Valid,Critical,28.712,77.245,Critical Turbidity alert for WQS-005 in DMA-05,Immediate inspection
ALT-01028,2026-08-08 06:00:00,QT-005,WQS-005,WQS-005,DMA-05,Chlorine,0.172,mg/L,Valid,Critical,28.712,77.245,Critical Chlorine alert for WQS-005 in DMA-05,Immediate inspection
ALT-01029,2026-08-08 07:00:00,QT-005,WQS-005,WQS-005,DMA-05,Turbidity,4.06,NTU,Valid,Critical,28.712,77.245,Critical Turbidity alert for WQS-005 in DMA-05,Immediate inspection
ALT-01030,2026-08-08 07:00:00,QT-005,WQS-005,WQS-005,DMA-05,Chlorine,0.21,mg/L,Valid,Warning,28.712,77.245,Warning Chlorine alert for WQS-005 in DMA-05,Monitor and verify
ALT-01031,2026-08-08 08:00:00,QT-005,WQS-005,WQS-005,DMA-05,Chlorine,0.066,mg/L,Valid,Critical,28.712,77.245,Critical Chlorine alert for WQS-005 in DMA-05,Immediate inspection
ALT-01032,2026-08-08 08:00:00,QT-005,WQS-005,WQS-005,DMA-05,Turbidity,4.43,NTU,Valid,Critical,28.712,77.245,Critical Turbidity alert for WQS-005 in DMA-05,Immediate inspection
ALT-01033,2026-08-08 09:00:00,QT-005,WQS-005,WQS-005,DMA-05,Chlorine,0.076,mg/L,Valid,Critical,28.712,77.245,Critical Chlorine alert for WQS-005 in DMA-05,Immediate inspection
ALT-01034,2026-08-08 09:00:00,QT-005,WQS-005,WQS-005,DMA-05,Turbidity,4.42,NTU,Valid,Critical,28.712,77.245,Critical Turbidity alert for WQS-005 in DMA-05,Immediate inspection
ALT-01035,2026-08-08 10:00:00,QT-005,WQS-005,WQS-005,DMA-05,Turbidity,4.34,NTU,Valid,Critical,28.712,77.245,Critical Turbidity alert for WQS-005 in DMA-05,Immediate inspection
ALT-01036,2026-08-08 10:00:00,QT-005,WQS-005,WQS-005,DMA-05,Chlorine,0.186,mg/L,Valid,Critical,28.712,77.245,Critical Chlorine alert for WQS-005 in DMA-05,Immediate inspection
ALT-01037,2026-08-08 11:00:00,PT-004,PIPE-004,PIPE-004,DMA-04,Pressure,23.99,mH2O,Valid,Warning,28.704,77.237,Warning Pressure alert for PIPE-004 in DMA-04,Monitor and verify
ALT-01038,2026-08-08 11:00:00,QT-005,WQS-005,WQS-005,DMA-05,Turbidity,4.2,NTU,Valid,Critical,28.712,77.245,Critical Turbidity alert for WQS-005 in DMA-05,Immediate inspection
ALT-01039,2026-08-08 11:00:00,QT-005,WQS-005,WQS-005,DMA-05,Chlorine,0.176,mg/L,Valid,Critical,28.712,77.245,Critical Chlorine alert for WQS-005 in DMA-05,Immediate inspection
ALT-01040,2026-08-08 12:00:00,QT-005,WQS-005,WQS-005,DMA-05,Chlorine,0.172,mg/L,Valid,Critical,28.712,77.245,Critical Chlorine alert for WQS-005 in DMA-05,Immediate inspection
ALT-01041,2026-08-08 12:00:00,PT-004,PIPE-004,PIPE-004,DMA-04,Pressure,22.2,mH2O,Valid,Warning,28.704,77.237,Warning Pressure alert for PIPE-004 in DMA-04,Monitor and verify
ALT-01042,2026-08-08 12:00:00,QT-005,WQS-005,WQS-005,DMA-05,Turbidity,4.14,NTU,Valid,Critical,28.712,77.245,Critical Turbidity alert for WQS-005 in DMA-05,Immediate inspection
ALT-01043,2026-08-08 13:00:00,QT-005,WQS-005,WQS-005,DMA-05,Chlorine,0.191,mg/L,Valid,Critical,28.712,77.245,Critical Chlorine alert for WQS-005 in DMA-05,Immediate inspection
ALT-01044,2026-08-08 13:00:00,QT-005,WQS-005,WQS-005,DMA-05,Turbidity,4.3,NTU,Valid,Critical,28.712,77.245,Critical Turbidity alert for WQS-005 in DMA-05,Immediate inspection
ALT-01045,2026-08-08 13:00:00,PT-004,PIPE-004,PIPE-004,DMA-04,Pressure,23.86,mH2O,Valid,Warning,28.704,77.237,Warning Pressure alert for PIPE-004 in DMA-04,Monitor and verify
ALT-01046,2026-08-08 14:00:00,QT-005,WQS-005,WQS-005,DMA-05,Chlorine,0.177,mg/L,Valid,Critical,28.712,77.245,Critical Chlorine alert for WQS-005 in DMA-05,Immediate inspection
ALT-01047,2026-08-08 14:00:00,PT-004,PIPE-004,PIPE-004,DMA-04,Pressure,23.68,mH2O,Valid,Warning,28.704,77.237,Warning Pressure alert for PIPE-004 in DMA-04,Monitor and verify
ALT-01048,2026-08-08 14:00:00,QT-005,WQS-005,WQS-005,DMA-05,Turbidity,4.3,NTU,Valid,Critical,28.712,77.245,Critical Turbidity alert for WQS-005 in DMA-05,Immediate inspection
ALT-01049,2026-08-08 15:00:00,QT-005,WQS-005,WQS-005,DMA-05,Turbidity,4.27,NTU,Valid,Critical,28.712,77.245,Critical Turbidity alert for WQS-005 in DMA-05,Immediate inspection
ALT-01050,2026-08-08 15:00:00,QT-005,WQS-005,WQS-005,DMA-05,Chlorine,0.138,mg/L,Valid,Critical,28.712,77.245,Critical Chlorine alert for WQS-005 in DMA-05,Immediate inspection
ALT-01051,2026-08-08 15:00:00,PT-004,PIPE-004,PIPE-004,DMA-04,Pressure,23.41,mH2O,Valid,Warning,28.704,77.237,Warning Pressure alert for PIPE-004 in DMA-04,Monitor and verify
ALT-01052,2026-08-08 16:00:00,QT-005,WQS-005,WQS-005,DMA-05,Turbidity,4.33,NTU,Valid,Critical,28.712,77.245,Critical Turbidity alert for WQS-005 in DMA-05,Immediate inspection
ALT-01053,2026-08-08 16:00:00,QT-005,WQS-005,WQS-005,DMA-05,Chlorine,0.089,mg/L,Valid,Critical,28.712,77.245,Critical Chlorine alert for WQS-005 in DMA-05,Immediate inspection
ALT-01054,2026-08-08 17:00:00,QT-005,WQS-005,WQS-005,DMA-05,Chlorine,0.146,mg/L,Valid,Critical,28.712,77.245,Critical Chlorine alert for WQS-005 in DMA-05,Immediate inspection
ALT-01055,2026-08-08 17:00:00,QT-005,WQS-005,WQS-005,DMA-05,Turbidity,4.48,NTU,Valid,Critical,28.712,77.245,Critical Turbidity alert for WQS-005 in DMA-05,Immediate inspection
ALT-01056,2026-08-08 18:00:00,QT-005,WQS-005,WQS-005,DMA-05,Turbidity,4.41,NTU,Valid,Critical,28.712,77.245,Critical Turbidity alert for WQS-005 in DMA-05,Immediate inspection
ALT-01057,2026-08-08 18:00:00,QT-005,WQS-005,WQS-005,DMA-05,Chlorine,0.174,mg/L,Valid,Critical,28.712,77.245,Critical Chlorine alert for WQS-005 in DMA-05,Immediate inspection
ALT-01058,2026-08-08 19:00:00,PT-004,PIPE-004,PIPE-004,DMA-04,Pressure,23.63,mH2O,Valid,Warning,28.704,77.237,Warning Pressure alert for PIPE-004 in DMA-04,Monitor and verify
ALT-01059,2026-08-09 06:00:00,PT-004,PIPE-004,PIPE-004,DMA-04,Pressure,22.73,mH2O,Valid,Warning,28.704,77.237,Warning Pressure alert for PIPE-004 in DMA-04,Monitor and verify
ALT-01060,2026-08-09 11:00:00,PT-004,PIPE-004,PIPE-004,DMA-04,Pressure,22.89,mH2O,Valid,Warning,28.704,77.237,Warning Pressure alert for PIPE-004 in DMA-04,Monitor and verify
ALT-01061,2026-08-09 13:00:00,PT-004,PIPE-004,PIPE-004,DMA-04,Pressure,23.43,mH2O,Valid,Warning,28.704,77.237,Warning Pressure alert for PIPE-004 in DMA-04,Monitor and verify
ALT-01062,2026-08-09 15:00:00,PT-004,PIPE-004,PIPE-004,DMA-04,Pressure,23.01,mH2O,Valid,Warning,28.704,77.237,Warning Pressure alert for PIPE-004 in DMA-04,Monitor and verify
ALT-01063,2026-08-09 17:00:00,PT-004,PIPE-004,PIPE-004,DMA-04,Pressure,23.7,mH2O,Valid,Warning,28.704,77.237,Warning Pressure alert for PIPE-004 in DMA-04,Monitor and verify
ALT-01064,2026-08-09 18:00:00,PT-004,PIPE-004,PIPE-004,DMA-04,Pressure,23.59,mH2O,Valid,Warning,28.704,77.237,Warning Pressure alert for PIPE-004 in DMA-04,Monitor and verify
ALT-01065,2026-08-10 07:00:00,PT-004,PIPE-004,PIPE-004,DMA-04,Pressure,23.59,mH2O,Valid,Warning,28.704,77.237,Warning Pressure alert for PIPE-004 in DMA-04,Monitor and verify
ALT-01066,2026-08-10 14:00:00,PT-004,PIPE-004,PIPE-004,DMA-04,Pressure,23.67,mH2O,Valid,Warning,28.704,77.237,Warning Pressure alert for PIPE-004 in DMA-04,Monitor and verify
ALT-01067,2026-08-10 15:00:00,PT-004,PIPE-004,PIPE-004,DMA-04,Pressure,23.35,mH2O,Valid,Warning,28.704,77.237,Warning Pressure alert for PIPE-004 in DMA-04,Monitor and verify
ALT-01068,2026-08-11 03:00:00,PMP-004,PUMP-004,PUMP-004,DMA-04,Pump_Status,0,status,Valid,Warning,28.707,77.238,Warning Pump_Status alert for PUMP-004 in DMA-04,Monitor and verify
ALT-01069,2026-08-11 06:00:00,PT-004,PIPE-004,PIPE-004,DMA-04,Pressure,22.97,mH2O,Valid,Warning,28.704,77.237,Warning Pressure alert for PIPE-004 in DMA-04,Monitor and verify
ALT-01070,2026-08-11 08:00:00,PT-004,PIPE-004,PIPE-004,DMA-04,Pressure,22.14,mH2O,Valid,Warning,28.704,77.237,Warning Pressure alert for PIPE-004 in DMA-04,Monitor and verify
ALT-01071,2026-08-11 13:00:00,PT-004,PIPE-004,PIPE-004,DMA-04,Pressure,23.76,mH2O,Valid,Warning,28.704,77.237,Warning Pressure alert for PIPE-004 in DMA-04,Monitor and verify
ALT-01072,2026-08-11 17:00:00,PT-004,PIPE-004,PIPE-004,DMA-04,Pressure,22.67,mH2O,Valid,Warning,28.704,77.237,Warning Pressure alert for PIPE-004 in DMA-04,Monitor and verify
ALT-01073,2026-08-11 23:00:00,PT-004,PIPE-004,PIPE-004,DMA-04,Pressure,23.81,mH2O,Valid,Warning,28.704,77.237,Warning Pressure alert for PIPE-004 in DMA-04,Monitor and verify
ALT-01074,2026-08-12 04:00:00,PT-004,PIPE-004,PIPE-004,DMA-04,Pressure,23.97,mH2O,Valid,Warning,28.704,77.237,Warning Pressure alert for PIPE-004 in DMA-04,Monitor and verify
ALT-01075,2026-08-12 06:00:00,PT-004,PIPE-004,PIPE-004,DMA-04,Pressure,22.81,mH2O,Valid,Warning,28.704,77.237,Warning Pressure alert for PIPE-004 in DMA-04,Monitor and verify
ALT-01076,2026-08-12 08:00:00,PT-004,PIPE-004,PIPE-004,DMA-04,Pressure,23.8,mH2O,Valid,Warning,28.704,77.237,Warning Pressure alert for PIPE-004 in DMA-04,Monitor and verify
ALT-01077,2026-08-12 15:00:00,PT-004,PIPE-004,PIPE-004,DMA-04,Pressure,23.7,mH2O,Valid,Warning,28.704,77.237,Warning Pressure alert for PIPE-004 in DMA-04,Monitor and verify
ALT-01078,2026-08-12 18:00:00,PT-004,PIPE-004,PIPE-004,DMA-04,Pressure,23.47,mH2O,Valid,Warning,28.704,77.237,Warning Pressure alert for PIPE-004 in DMA-04,Monitor and verify
ALT-01079,2026-08-13 02:00:00,PT-004,PIPE-004,PIPE-004,DMA-04,Pressure,23.33,mH2O,Valid,Warning,28.704,77.237,Warning Pressure alert for PIPE-004 in DMA-04,Monitor and verify
ALT-01080,2026-08-13 04:00:00,PT-004,PIPE-004,PIPE-004,DMA-04,Pressure,22.15,mH2O,Valid,Warning,28.704,77.237,Warning Pressure alert for PIPE-004 in DMA-04,Monitor and verify
ALT-01081,2026-08-13 13:00:00,PT-004,PIPE-004,PIPE-004,DMA-04,Pressure,23.38,mH2O,Valid,Warning,28.704,77.237,Warning Pressure alert for PIPE-004 in DMA-04,Monitor and verify
ALT-01082,2026-08-13 20:00:00,PT-004,PIPE-004,PIPE-004,DMA-04,Pressure,23.32,mH2O,Valid,Warning,28.704,77.237,Warning Pressure alert for PIPE-004 in DMA-04,Monitor and verify
ALT-01083,2026-08-13 22:00:00,PT-004,PIPE-004,PIPE-004,DMA-04,Pressure,23.72,mH2O,Valid,Warning,28.704,77.237,Warning Pressure alert for PIPE-004 in DMA-04,Monitor and verify
ALT-01084,2026-08-14 03:00:00,PT-004,PIPE-004,PIPE-004,DMA-04,Pressure,23.67,mH2O,Valid,Warning,28.704,77.237,Warning Pressure alert for PIPE-004 in DMA-04,Monitor and verify
ALT-01085,2026-08-14 09:00:00,PT-004,PIPE-004,PIPE-004,DMA-04,Pressure,23.98,mH2O,Valid,Warning,28.704,77.237,Warning Pressure alert for PIPE-004 in DMA-04,Monitor and verify
ALT-01086,2026-08-14 10:00:00,PT-004,PIPE-004,PIPE-004,DMA-04,Pressure,22.71,mH2O,Valid,Warning,28.704,77.237,Warning Pressure alert for PIPE-004 in DMA-04,Monitor and verify
ALT-01087,2026-08-14 11:00:00,PMP-006,PUMP-006,PUMP-006,DMA-06,Pump_Status,0,status,Valid,Warning,28.733,77.275,Warning Pump_Status alert for PUMP-006 in DMA-06,Monitor and verify
ALT-01088,2026-08-14 12:00:00,PT-004,PIPE-004,PIPE-004,DMA-04,Pressure,22.61,mH2O,Valid,Warning,28.704,77.237,Warning Pressure alert for PIPE-004 in DMA-04,Monitor and verify
ALT-01089,2026-08-14 13:00:00,PT-004,PIPE-004,PIPE-004,DMA-04,Pressure,23.91,mH2O,Valid,Warning,28.704,77.237,Warning Pressure alert for PIPE-004 in DMA-04,Monitor and verify
ALT-01090,2026-08-14 15:00:00,PT-004,PIPE-004,PIPE-004,DMA-04,Pressure,23.53,mH2O,Valid,Warning,28.704,77.237,Warning Pressure alert for PIPE-004 in DMA-04,Monitor and verify
ALT-01091,2026-08-15 03:00:00,PT-004,PIPE-004,PIPE-004,DMA-04,Pressure,22.36,mH2O,Valid,Warning,28.704,77.237,Warning Pressure alert for PIPE-004 in DMA-04,Monitor and verify
ALT-01092,2026-08-15 08:00:00,PT-004,PIPE-004,PIPE-004,DMA-04,Pressure,23.95,mH2O,Valid,Warning,28.704,77.237,Warning Pressure alert for PIPE-004 in DMA-04,Monitor and verify
ALT-01093,2026-08-15 13:00:00,PT-004,PIPE-004,PIPE-004,DMA-04,Pressure,21.49,mH2O,Valid,Warning,28.704,77.237,Warning Pressure alert for PIPE-004 in DMA-04,Monitor and verify
ALT-01094,2026-08-15 17:00:00,PT-004,PIPE-004,PIPE-004,DMA-04,Pressure,23.61,mH2O,Valid,Warning,28.704,77.237,Warning Pressure alert for PIPE-004 in DMA-04,Monitor and verify
ALT-01095,2026-08-15 23:00:00,PT-004,PIPE-004,PIPE-004,DMA-04,Pressure,22.88,mH2O,Valid,Warning,28.704,77.237,Warning Pressure alert for PIPE-004 in DMA-04,Monitor and verify
ALT-01096,2026-08-16 00:00:00,PT-006,PIPE-006,PIPE-006,DMA-06,Pressure,,mH2O,Missing,Warning,28.73,77.274,Warning Pressure alert for PIPE-006 in DMA-06,Monitor and verify
ALT-01097,2026-08-16 01:00:00,PT-006,PIPE-006,PIPE-006,DMA-06,Pressure,,mH2O,Missing,Warning,28.73,77.274,Warning Pressure alert for PIPE-006 in DMA-06,Monitor and verify
ALT-01098,2026-08-16 02:00:00,PT-006,PIPE-006,PIPE-006,DMA-06,Pressure,,mH2O,Missing,Warning,28.73,77.274,Warning Pressure alert for PIPE-006 in DMA-06,Monitor and verify
ALT-01099,2026-08-16 03:00:00,PT-006,PIPE-006,PIPE-006,DMA-06,Pressure,,mH2O,Missing,Warning,28.73,77.274,Warning Pressure alert for PIPE-006 in DMA-06,Monitor and verify
ALT-01100,2026-08-16 04:00:00,PT-006,PIPE-006,PIPE-006,DMA-06,Pressure,,mH2O,Missing,Warning,28.73,77.274,Warning Pressure alert for PIPE-006 in DMA-06,Monitor and verify
ALT-01101,2026-08-16 05:00:00,PT-006,PIPE-006,PIPE-006,DMA-06,Pressure,,mH2O,Missing,Warning,28.73,77.274,Warning Pressure alert for PIPE-006 in DMA-06,Monitor and verify
ALT-01102,2026-08-16 06:00:00,PT-006,PIPE-006,PIPE-006,DMA-06,Pressure,,mH2O,Missing,Warning,28.73,77.274,Warning Pressure alert for PIPE-006 in DMA-06,Monitor and verify
ALT-01103,2026-08-16 07:00:00,PT-006,PIPE-006,PIPE-006,DMA-06,Pressure,,mH2O,Missing,Warning,28.73,77.274,Warning Pressure alert for PIPE-006 in DMA-06,Monitor and verify
ALT-01104,2026-08-16 08:00:00,PT-006,PIPE-006,PIPE-006,DMA-06,Pressure,,mH2O,Missing,Warning,28.73,77.274,Warning Pressure alert for PIPE-006 in DMA-06,Monitor and verify
ALT-01105,2026-08-16 09:00:00,PT-006,PIPE-006,PIPE-006,DMA-06,Pressure,,mH2O,Missing,Warning,28.73,77.274,Warning Pressure alert for PIPE-006 in DMA-06,Monitor and verify
ALT-01106,2026-08-16 10:00:00,PT-004,PIPE-004,PIPE-004,DMA-04,Pressure,23.71,mH2O,Valid,Warning,28.704,77.237,Warning Pressure alert for PIPE-004 in DMA-04,Monitor and verify
ALT-01107,2026-08-16 10:00:00,PT-006,PIPE-006,PIPE-006,DMA-06,Pressure,,mH2O,Missing,Warning,28.73,77.274,Warning Pressure alert for PIPE-006 in DMA-06,Monitor and verify
ALT-01108,2026-08-16 11:00:00,PT-006,PIPE-006,PIPE-006,DMA-06,Pressure,,mH2O,Missing,Warning,28.73,77.274,Warning Pressure alert for PIPE-006 in DMA-06,Monitor and verify
ALT-01109,2026-08-16 12:00:00,PT-006,PIPE-006,PIPE-006,DMA-06,Pressure,,mH2O,Missing,Warning,28.73,77.274,Warning Pressure alert for PIPE-006 in DMA-06,Monitor and verify
ALT-01110,2026-08-16 13:00:00,PT-004,PIPE-004,PIPE-004,DMA-04,Pressure,22.65,mH2O,Valid,Warning,28.704,77.237,Warning Pressure alert for PIPE-004 in DMA-04,Monitor and verify
ALT-01111,2026-08-16 13:00:00,PT-006,PIPE-006,PIPE-006,DMA-06,Pressure,,mH2O,Missing,Warning,28.73,77.274,Warning Pressure alert for PIPE-006 in DMA-06,Monitor and verify
ALT-01112,2026-08-16 14:00:00,PT-006,PIPE-006,PIPE-006,DMA-06,Pressure,,mH2O,Missing,Warning,28.73,77.274,Warning Pressure alert for PIPE-006 in DMA-06,Monitor and verify
ALT-01113,2026-08-16 15:00:00,PT-006,PIPE-006,PIPE-006,DMA-06,Pressure,,mH2O,Missing,Warning,28.73,77.274,Warning Pressure alert for PIPE-006 in DMA-06,Monitor and verify
ALT-01114,2026-08-16 16:00:00,PT-006,PIPE-006,PIPE-006,DMA-06,Pressure,,mH2O,Missing,Warning,28.73,77.274,Warning Pressure alert for PIPE-006 in DMA-06,Monitor and verify
ALT-01115,2026-08-16 17:00:00,PT-006,PIPE-006,PIPE-006,DMA-06,Pressure,,mH2O,Missing,Warning,28.73,77.274,Warning Pressure alert for PIPE-006 in DMA-06,Monitor and verify
ALT-01116,2026-08-16 18:00:00,PT-006,PIPE-006,PIPE-006,DMA-06,Pressure,,mH2O,Missing,Warning,28.73,77.274,Warning Pressure alert for PIPE-006 in DMA-06,Monitor and verify
ALT-01117,2026-08-16 18:00:00,PT-004,PIPE-004,PIPE-004,DMA-04,Pressure,23.93,mH2O,Valid,Warning,28.704,77.237,Warning Pressure alert for PIPE-004 in DMA-04,Monitor and verify
ALT-01118,2026-08-16 19:00:00,PT-006,PIPE-006,PIPE-006,DMA-06,Pressure,,mH2O,Missing,Warning,28.73,77.274,Warning Pressure alert for PIPE-006 in DMA-06,Monitor and verify
ALT-01119,2026-08-16 20:00:00,PT-006,PIPE-006,PIPE-006,DMA-06,Pressure,,mH2O,Missing,Warning,28.73,77.274,Warning Pressure alert for PIPE-006 in DMA-06,Monitor and verify
ALT-01120,2026-08-16 21:00:00,PT-006,PIPE-006,PIPE-006,DMA-06,Pressure,,mH2O,Missing,Warning,28.73,77.274,Warning Pressure alert for PIPE-006 in DMA-06,Monitor and verify
ALT-01121,2026-08-16 22:00:00,PT-006,PIPE-006,PIPE-006,DMA-06,Pressure,,mH2O,Missing,Warning,28.73,77.274,Warning Pressure alert for PIPE-006 in DMA-06,Monitor and verify
ALT-01122,2026-08-16 23:00:00,PT-006,PIPE-006,PIPE-006,DMA-06,Pressure,,mH2O,Missing,Warning,28.73,77.274,Warning Pressure alert for PIPE-006 in DMA-06,Monitor and verify
ALT-01123,2026-08-17 00:00:00,PT-006,PIPE-006,PIPE-006,DMA-06,Pressure,,mH2O,Missing,Warning,28.73,77.274,Warning Pressure alert for PIPE-006 in DMA-06,Monitor and verify
ALT-01124,2026-08-17 01:00:00,PT-006,PIPE-006,PIPE-006,DMA-06,Pressure,,mH2O,Missing,Warning,28.73,77.274,Warning Pressure alert for PIPE-006 in DMA-06,Monitor and verify
ALT-01125,2026-08-17 02:00:00,PT-006,PIPE-006,PIPE-006,DMA-06,Pressure,,mH2O,Missing,Warning,28.73,77.274,Warning Pressure alert for PIPE-006 in DMA-06,Monitor and verify
ALT-01126,2026-08-17 03:00:00,PT-006,PIPE-006,PIPE-006,DMA-06,Pressure,,mH2O,Missing,Warning,28.73,77.274,Warning Pressure alert for PIPE-006 in DMA-06,Monitor and verify
ALT-01127,2026-08-17 04:00:00,PT-006,PIPE-006,PIPE-006,DMA-06,Pressure,,mH2O,Missing,Warning,28.73,77.274,Warning Pressure alert for PIPE-006 in DMA-06,Monitor and verify
ALT-01128,2026-08-17 05:00:00,PT-006,PIPE-006,PIPE-006,DMA-06,Pressure,,mH2O,Missing,Warning,28.73,77.274,Warning Pressure alert for PIPE-006 in DMA-06,Monitor and verify
ALT-01129,2026-08-17 06:00:00,PT-006,PIPE-006,PIPE-006,DMA-06,Pressure,,mH2O,Missing,Warning,28.73,77.274,Warning Pressure alert for PIPE-006 in DMA-06,Monitor and verify
ALT-01130,2026-08-17 07:00:00,PT-006,PIPE-006,PIPE-006,DMA-06,Pressure,,mH2O,Missing,Warning,28.73,77.274,Warning Pressure alert for PIPE-006 in DMA-06,Monitor and verify
ALT-01131,2026-08-17 08:00:00,PT-006,PIPE-006,PIPE-006,DMA-06,Pressure,,mH2O,Missing,Warning,28.73,77.274,Warning Pressure alert for PIPE-006 in DMA-06,Monitor and verify
ALT-01132,2026-08-17 09:00:00,PT-004,PIPE-004,PIPE-004,DMA-04,Pressure,23.0,mH2O,Valid,Warning,28.704,77.237,Warning Pressure alert for PIPE-004 in DMA-04,Monitor and verify
ALT-01133,2026-08-17 09:00:00,PT-006,PIPE-006,PIPE-006,DMA-06,Pressure,,mH2O,Missing,Warning,28.73,77.274,Warning Pressure alert for PIPE-006 in DMA-06,Monitor and verify
ALT-01134,2026-08-17 10:00:00,PT-006,PIPE-006,PIPE-006,DMA-06,Pressure,,mH2O,Missing,Warning,28.73,77.274,Warning Pressure alert for PIPE-006 in DMA-06,Monitor and verify
ALT-01135,2026-08-17 11:00:00,PT-006,PIPE-006,PIPE-006,DMA-06,Pressure,,mH2O,Missing,Warning,28.73,77.274,Warning Pressure alert for PIPE-006 in DMA-06,Monitor and verify
ALT-01136,2026-08-17 12:00:00,PT-006,PIPE-006,PIPE-006,DMA-06,Pressure,,mH2O,Missing,Warning,28.73,77.274,Warning Pressure alert for PIPE-006 in DMA-06,Monitor and verify
ALT-01137,2026-08-17 13:00:00,PT-004,PIPE-004,PIPE-004,DMA-04,Pressure,22.88,mH2O,Valid,Warning,28.704,77.237,Warning Pressure alert for PIPE-004 in DMA-04,Monitor and verify
ALT-01138,2026-08-17 13:00:00,PT-006,PIPE-006,PIPE-006,DMA-06,Pressure,,mH2O,Missing,Warning,28.73,77.274,Warning Pressure alert for PIPE-006 in DMA-06,Monitor and verify
ALT-01139,2026-08-17 14:00:00,PT-004,PIPE-004,PIPE-004,DMA-04,Pressure,23.13,mH2O,Valid,Warning,28.704,77.237,Warning Pressure alert for PIPE-004 in DMA-04,Monitor and verify
ALT-01140,2026-08-17 14:00:00,PT-006,PIPE-006,PIPE-006,DMA-06,Pressure,,mH2O,Missing,Warning,28.73,77.274,Warning Pressure alert for PIPE-006 in DMA-06,Monitor and verify
ALT-01141,2026-08-17 15:00:00,PMP-003,PUMP-003,PUMP-003,DMA-03,Pump_Status,0,status,Valid,Warning,28.719,77.267,Warning Pump_Status alert for PUMP-003 in DMA-03,Monitor and verify
ALT-01142,2026-08-17 15:00:00,PT-006,PIPE-006,PIPE-006,DMA-06,Pressure,,mH2O,Missing,Warning,28.73,77.274,Warning Pressure alert for PIPE-006 in DMA-06,Monitor and verify
ALT-01143,2026-08-17 16:00:00,PT-006,PIPE-006,PIPE-006,DMA-06,Pressure,,mH2O,Missing,Warning,28.73,77.274,Warning Pressure alert for PIPE-006 in DMA-06,Monitor and verify
ALT-01144,2026-08-17 16:00:00,PT-004,PIPE-004,PIPE-004,DMA-04,Pressure,22.94,mH2O,Valid,Warning,28.704,77.237,Warning Pressure alert for PIPE-004 in DMA-04,Monitor and verify
ALT-01145,2026-08-17 17:00:00,PT-006,PIPE-006,PIPE-006,DMA-06,Pressure,,mH2O,Missing,Warning,28.73,77.274,Warning Pressure alert for PIPE-006 in DMA-06,Monitor and verify
ALT-01146,2026-08-17 18:00:00,PT-006,PIPE-006,PIPE-006,DMA-06,Pressure,,mH2O,Missing,Warning,28.73,77.274,Warning Pressure alert for PIPE-006 in DMA-06,Monitor and verify
ALT-01147,2026-08-17 19:00:00,PT-006,PIPE-006,PIPE-006,DMA-06,Pressure,,mH2O,Missing,Warning,28.73,77.274,Warning Pressure alert for PIPE-006 in DMA-06,Monitor and verify
ALT-01148,2026-08-17 20:00:00,PT-006,PIPE-006,PIPE-006,DMA-06,Pressure,,mH2O,Missing,Warning,28.73,77.274,Warning Pressure alert for PIPE-006 in DMA-06,Monitor and verify
ALT-01149,2026-08-17 21:00:00,PT-006,PIPE-006,PIPE-006,DMA-06,Pressure,,mH2O,Missing,Warning,28.73,77.274,Warning Pressure alert for PIPE-006 in DMA-06,Monitor and verify
ALT-01150,2026-08-17 22:00:00,PT-006,PIPE-006,PIPE-006,DMA-06,Pressure,,mH2O,Missing,Warning,28.73,77.274,Warning Pressure alert for PIPE-006 in DMA-06,Monitor and verify
ALT-01151,2026-08-17 23:00:00,PT-006,PIPE-006,PIPE-006,DMA-06,Pressure,,mH2O,Missing,Warning,28.73,77.274,Warning Pressure alert for PIPE-006 in DMA-06,Monitor and verify
ALT-01152,2026-08-18 00:00:00,PT-006,PIPE-006,PIPE-006,DMA-06,Pressure,,mH2O,Missing,Warning,28.73,77.274,Warning Pressure alert for PIPE-006 in DMA-06,Monitor and verify
ALT-01153,2026-08-18 01:00:00,PT-006,PIPE-006,PIPE-006,DMA-06,Pressure,,mH2O,Missing,Warning,28.73,77.274,Warning Pressure alert for PIPE-006 in DMA-06,Monitor and verify
ALT-01154,2026-08-18 02:00:00,PT-006,PIPE-006,PIPE-006,DMA-06,Pressure,,mH2O,Missing,Warning,28.73,77.274,Warning Pressure alert for PIPE-006 in DMA-06,Monitor and verify
ALT-01155,2026-08-18 03:00:00,PT-006,PIPE-006,PIPE-006,DMA-06,Pressure,,mH2O,Missing,Warning,28.73,77.274,Warning Pressure alert for PIPE-006 in DMA-06,Monitor and verify
ALT-01156,2026-08-18 04:00:00,PT-006,PIPE-006,PIPE-006,DMA-06,Pressure,,mH2O,Missing,Warning,28.73,77.274,Warning Pressure alert for PIPE-006 in DMA-06,Monitor and verify
ALT-01157,2026-08-18 05:00:00,PT-006,PIPE-006,PIPE-006,DMA-06,Pressure,,mH2O,Missing,Warning,28.73,77.274,Warning Pressure alert for PIPE-006 in DMA-06,Monitor and verify
ALT-01158,2026-08-18 06:00:00,PT-006,PIPE-006,PIPE-006,DMA-06,Pressure,,mH2O,Missing,Warning,28.73,77.274,Warning Pressure alert for PIPE-006 in DMA-06,Monitor and verify
ALT-01159,2026-08-18 07:00:00,PT-006,PIPE-006,PIPE-006,DMA-06,Pressure,,mH2O,Missing,Warning,28.73,77.274,Warning Pressure alert for PIPE-006 in DMA-06,Monitor and verify
ALT-01160,2026-08-18 08:00:00,PT-006,PIPE-006,PIPE-006,DMA-06,Pressure,,mH2O,Missing,Warning,28.73,77.274,Warning Pressure alert for PIPE-006 in DMA-06,Monitor and verify
ALT-01161,2026-08-18 09:00:00,PT-006,PIPE-006,PIPE-006,DMA-06,Pressure,,mH2O,Missing,Warning,28.73,77.274,Warning Pressure alert for PIPE-006 in DMA-06,Monitor and verify
ALT-01162,2026-08-18 09:00:00,PT-004,PIPE-004,PIPE-004,DMA-04,Pressure,23.29,mH2O,Valid,Warning,28.704,77.237,Warning Pressure alert for PIPE-004 in DMA-04,Monitor and verify
ALT-01163,2026-08-18 10:00:00,PT-004,PIPE-004,PIPE-004,DMA-04,Pressure,23.87,mH2O,Valid,Warning,28.704,77.237,Warning Pressure alert for PIPE-004 in DMA-04,Monitor and verify
ALT-01164,2026-08-18 10:00:00,PT-006,PIPE-006,PIPE-006,DMA-06,Pressure,,mH2O,Missing,Warning,28.73,77.274,Warning Pressure alert for PIPE-006 in DMA-06,Monitor and verify
ALT-01165,2026-08-18 11:00:00,PT-006,PIPE-006,PIPE-006,DMA-06,Pressure,,mH2O,Missing,Warning,28.73,77.274,Warning Pressure alert for PIPE-006 in DMA-06,Monitor and verify
ALT-01166,2026-08-18 12:00:00,PT-006,PIPE-006,PIPE-006,DMA-06,Pressure,,mH2O,Missing,Warning,28.73,77.274,Warning Pressure alert for PIPE-006 in DMA-06,Monitor and verify
ALT-01167,2026-08-18 13:00:00,PT-006,PIPE-006,PIPE-006,DMA-06,Pressure,,mH2O,Missing,Warning,28.73,77.274,Warning Pressure alert for PIPE-006 in DMA-06,Monitor and verify
ALT-01168,2026-08-18 14:00:00,PT-006,PIPE-006,PIPE-006,DMA-06,Pressure,,mH2O,Missing,Warning,28.73,77.274,Warning Pressure alert for PIPE-006 in DMA-06,Monitor and verify
ALT-01169,2026-08-18 15:00:00,PT-006,PIPE-006,PIPE-006,DMA-06,Pressure,,mH2O,Missing,Warning,28.73,77.274,Warning Pressure alert for PIPE-006 in DMA-06,Monitor and verify
ALT-01170,2026-08-18 16:00:00,PT-006,PIPE-006,PIPE-006,DMA-06,Pressure,,mH2O,Missing,Warning,28.73,77.274,Warning Pressure alert for PIPE-006 in DMA-06,Monitor and verify
ALT-01171,2026-08-18 17:00:00,PT-006,PIPE-006,PIPE-006,DMA-06,Pressure,,mH2O,Missing,Warning,28.73,77.274,Warning Pressure alert for PIPE-006 in DMA-06,Monitor and verify
ALT-01172,2026-08-18 18:00:00,PT-006,PIPE-006,PIPE-006,DMA-06,Pressure,,mH2O,Missing,Warning,28.73,77.274,Warning Pressure alert for PIPE-006 in DMA-06,Monitor and verify
ALT-01173,2026-08-18 19:00:00,PT-006,PIPE-006,PIPE-006,DMA-06,Pressure,,mH2O,Missing,Warning,28.73,77.274,Warning Pressure alert for PIPE-006 in DMA-06,Monitor and verify
ALT-01174,2026-08-18 19:00:00,PT-004,PIPE-004,PIPE-004,DMA-04,Pressure,23.09,mH2O,Valid,Warning,28.704,77.237,Warning Pressure alert for PIPE-004 in DMA-04,Monitor and verify
ALT-01175,2026-08-18 20:00:00,PT-006,PIPE-006,PIPE-006,DMA-06,Pressure,,mH2O,Missing,Warning,28.73,77.274,Warning Pressure alert for PIPE-006 in DMA-06,Monitor and verify
ALT-01176,2026-08-18 21:00:00,PT-006,PIPE-006,PIPE-006,DMA-06,Pressure,,mH2O,Missing,Warning,28.73,77.274,Warning Pressure alert for PIPE-006 in DMA-06,Monitor and verify
ALT-01177,2026-08-18 22:00:00,PT-006,PIPE-006,PIPE-006,DMA-06,Pressure,,mH2O,Missing,Warning,28.73,77.274,Warning Pressure alert for PIPE-006 in DMA-06,Monitor and verify
ALT-01178,2026-08-18 22:00:00,PT-004,PIPE-004,PIPE-004,DMA-04,Pressure,23.45,mH2O,Valid,Warning,28.704,77.237,Warning Pressure alert for PIPE-004 in DMA-04,Monitor and verify
ALT-01179,2026-08-18 23:00:00,PT-006,PIPE-006,PIPE-006,DMA-06,Pressure,,mH2O,Missing,Warning,28.73,77.274,Warning Pressure alert for PIPE-006 in DMA-06,Monitor and verify
ALT-01180,2026-08-19 00:00:00,PT-004,PIPE-004,PIPE-004,DMA-04,Pressure,23.42,mH2O,Valid,Warning,28.704,77.237,Warning Pressure alert for PIPE-004 in DMA-04,Monitor and verify
ALT-01181,2026-08-19 02:00:00,PT-004,PIPE-004,PIPE-004,DMA-04,Pressure,23.58,mH2O,Valid,Warning,28.704,77.237,Warning Pressure alert for PIPE-004 in DMA-04,Monitor and verify
ALT-01182,2026-08-19 06:00:00,PT-004,PIPE-004,PIPE-004,DMA-04,Pressure,23.29,mH2O,Valid,Warning,28.704,77.237,Warning Pressure alert for PIPE-004 in DMA-04,Monitor and verify
ALT-01183,2026-08-19 14:00:00,PT-004,PIPE-004,PIPE-004,DMA-04,Pressure,23.18,mH2O,Valid,Warning,28.704,77.237,Warning Pressure alert for PIPE-004 in DMA-04,Monitor and verify
ALT-01184,2026-08-19 17:00:00,PT-004,PIPE-004,PIPE-004,DMA-04,Pressure,23.84,mH2O,Valid,Warning,28.704,77.237,Warning Pressure alert for PIPE-004 in DMA-04,Monitor and verify
ALT-01185,2026-08-19 20:00:00,PT-004,PIPE-004,PIPE-004,DMA-04,Pressure,23.04,mH2O,Valid,Warning,28.704,77.237,Warning Pressure alert for PIPE-004 in DMA-04,Monitor and verify
ALT-01186,2026-08-20 10:00:00,PT-004,PIPE-004,PIPE-004,DMA-04,Pressure,22.21,mH2O,Valid,Warning,28.704,77.237,Warning Pressure alert for PIPE-004 in DMA-04,Monitor and verify
ALT-01187,2026-08-20 11:00:00,PT-004,PIPE-004,PIPE-004,DMA-04,Pressure,23.1,mH2O,Valid,Warning,28.704,77.237,Warning Pressure alert for PIPE-004 in DMA-04,Monitor and verify
ALT-01188,2026-08-20 12:00:00,PT-004,PIPE-004,PIPE-004,DMA-04,Pressure,23.88,mH2O,Valid,Warning,28.704,77.237,Warning Pressure alert for PIPE-004 in DMA-04,Monitor and verify
ALT-01189,2026-08-20 16:00:00,PT-004,PIPE-004,PIPE-004,DMA-04,Pressure,23.47,mH2O,Valid,Warning,28.704,77.237,Warning Pressure alert for PIPE-004 in DMA-04,Monitor and verify
ALT-01190,2026-08-20 19:00:00,PT-004,PIPE-004,PIPE-004,DMA-04,Pressure,23.24,mH2O,Valid,Warning,28.704,77.237,Warning Pressure alert for PIPE-004 in DMA-04,Monitor and verify
ALT-01191,2026-08-21 10:00:00,PT-004,PIPE-004,PIPE-004,DMA-04,Pressure,23.45,mH2O,Valid,Warning,28.704,77.237,Warning Pressure alert for PIPE-004 in DMA-04,Monitor and verify
ALT-01192,2026-08-22 08:00:00,PT-004,PIPE-004,PIPE-004,DMA-04,Pressure,23.36,mH2O,Valid,Warning,28.704,77.237,Warning Pressure alert for PIPE-004 in DMA-04,Monitor and verify
ALT-01193,2026-08-22 23:00:00,PT-004,PIPE-004,PIPE-004,DMA-04,Pressure,23.77,mH2O,Valid,Warning,28.704,77.237,Warning Pressure alert for PIPE-004 in DMA-04,Monitor and verify
ALT-01194,2026-08-23 08:00:00,PT-004,PIPE-004,PIPE-004,DMA-04,Pressure,23.16,mH2O,Valid,Warning,28.704,77.237,Warning Pressure alert for PIPE-004 in DMA-04,Monitor and verify
ALT-01195,2026-08-24 05:00:00,PT-004,PIPE-004,PIPE-004,DMA-04,Pressure,23.94,mH2O,Valid,Warning,28.704,77.237,Warning Pressure alert for PIPE-004 in DMA-04,Monitor and verify
ALT-01196,2026-08-24 06:00:00,PT-004,PIPE-004,PIPE-004,DMA-04,Pressure,22.89,mH2O,Valid,Warning,28.704,77.237,Warning Pressure alert for PIPE-004 in DMA-04,Monitor and verify
ALT-01197,2026-08-24 12:00:00,PT-004,PIPE-004,PIPE-004,DMA-04,Pressure,22.75,mH2O,Valid,Warning,28.704,77.237,Warning Pressure alert for PIPE-004 in DMA-04,Monitor and verify
ALT-01198,2026-08-24 18:00:00,PT-004,PIPE-004,PIPE-004,DMA-04,Pressure,23.04,mH2O,Valid,Warning,28.704,77.237,Warning Pressure alert for PIPE-004 in DMA-04,Monitor and verify
ALT-01199,2026-08-24 19:00:00,PT-004,PIPE-004,PIPE-004,DMA-04,Pressure,23.78,mH2O,Valid,Warning,28.704,77.237,Warning Pressure alert for PIPE-004 in DMA-04,Monitor and verify
ALT-01200,2026-08-24 20:00:00,PT-004,PIPE-004,PIPE-004,DMA-04,Pressure,23.92,mH2O,Valid,Warning,28.704,77.237,Warning Pressure alert for PIPE-004 in DMA-04,Monitor and verify
ALT-01201,2026-08-25 03:00:00,PT-004,PIPE-004,PIPE-004,DMA-04,Pressure,23.67,mH2O,Valid,Warning,28.704,77.237,Warning Pressure alert for PIPE-004 in DMA-04,Monitor and verify
ALT-01202,2026-08-25 04:00:00,PT-004,PIPE-004,PIPE-004,DMA-04,Pressure,23.37,mH2O,Valid,Warning,28.704,77.237,Warning Pressure alert for PIPE-004 in DMA-04,Monitor and verify
ALT-01203,2026-08-25 08:00:00,PT-004,PIPE-004,PIPE-004,DMA-04,Pressure,23.93,mH2O,Valid,Warning,28.704,77.237,Warning Pressure alert for PIPE-004 in DMA-04,Monitor and verify
ALT-01204,2026-08-25 09:00:00,PT-004,PIPE-004,PIPE-004,DMA-04,Pressure,23.51,mH2O,Valid,Warning,28.704,77.237,Warning Pressure alert for PIPE-004 in DMA-04,Monitor and verify
ALT-01205,2026-08-25 10:00:00,PT-004,PIPE-004,PIPE-004,DMA-04,Pressure,23.3,mH2O,Valid,Warning,28.704,77.237,Warning Pressure alert for PIPE-004 in DMA-04,Monitor and verify
ALT-01206,2026-08-25 13:00:00,PT-004,PIPE-004,PIPE-004,DMA-04,Pressure,23.47,mH2O,Valid,Warning,28.704,77.237,Warning Pressure alert for PIPE-004 in DMA-04,Monitor and verify
ALT-01207,2026-08-25 18:00:00,PMP-005,PUMP-005,PUMP-005,DMA-05,Pump_Status,0,status,Valid,Warning,28.714,77.243,Warning Pump_Status alert for PUMP-005 in DMA-05,Monitor and verify
ALT-01208,2026-08-25 19:00:00,PMP-004,PUMP-004,PUMP-004,DMA-04,Pump_Status,0,status,Valid,Warning,28.707,77.238,Warning Pump_Status alert for PUMP-004 in DMA-04,Monitor and verify
ALT-01209,2026-08-25 20:00:00,PT-004,PIPE-004,PIPE-004,DMA-04,Pressure,23.4,mH2O,Valid,Warning,28.704,77.237,Warning Pressure alert for PIPE-004 in DMA-04,Monitor and verify
ALT-01210,2026-08-26 01:00:00,PT-004,PIPE-004,PIPE-004,DMA-04,Pressure,23.33,mH2O,Valid,Warning,28.704,77.237,Warning Pressure alert for PIPE-004 in DMA-04,Monitor and verify
ALT-01211,2026-08-26 04:00:00,PT-004,PIPE-004,PIPE-004,DMA-04,Pressure,23.16,mH2O,Valid,Warning,28.704,77.237,Warning Pressure alert for PIPE-004 in DMA-04,Monitor and verify
ALT-01212,2026-08-26 09:00:00,PT-004,PIPE-004,PIPE-004,DMA-04,Pressure,22.3,mH2O,Valid,Warning,28.704,77.237,Warning Pressure alert for PIPE-004 in DMA-04,Monitor and verify
ALT-01213,2026-08-26 16:00:00,PT-004,PIPE-004,PIPE-004,DMA-04,Pressure,23.67,mH2O,Valid,Warning,28.704,77.237,Warning Pressure alert for PIPE-004 in DMA-04,Monitor and verify
ALT-01214,2026-08-26 18:00:00,PMP-006,PUMP-006,PUMP-006,DMA-06,Pump_Status,0,status,Valid,Warning,28.733,77.275,Warning Pump_Status alert for PUMP-006 in DMA-06,Monitor and verify
